timestamp,well_id,depth,ROP,WOB,torque,RPM,SPP,flow_rate,hookload,source_file,data_status
2023-12-05T00:00:00,DUL-88,2830.0,14.65,17.14,10.75,120.9,2301.1,1782.3,170.3,NWIS_synthetic_sensor_timeseries.csv,DERIVED
2023-12-05T00:01:00,DUL-88,2830.2,14.93,17.18,10.35,117.4,2297.9,1785.0,170.3,NWIS_synthetic_sensor_timeseries.csv,DERIVED
2023-12-05T00:02:00,DUL-88,2830.4,15.45,17.79,11.18,120.5,2314.6,1814.3,169.7,NWIS_synthetic_sensor_timeseries.csv,DERIVED
2023-12-05T00:03:00,DUL-88,2830.6,14.62,18.63,10.5,118.9,2290.9,1805.6,168.9,NWIS_synthetic_sensor_timeseries.csv,DERIVED
2023-12-05T00:04:00,DUL-88,2830.8,14.56,17.41,11.07,117.4,2306.1,1792.6,170.1,NWIS_synthetic_sensor_timeseries.csv,DERIVED
2023-12-05T00:05:00,DUL-88,2831.0,14.8,18.4,10.93,121.8,2293.1,1801.0,169.1,NWIS_synthetic_sensor_timeseries.csv,DERIVED
2023-12-05T00:06:00,DUL-88,2831.2,14.79,17.24,11.32,122.9,2298.5,1786.1,170.3,NWIS_synthetic_sensor_timeseries.csv,DERIVED
2023-12-05T00:07:00,DUL-88,2831.4,15.17,18.15,10.35,121.6,2312.4,1807.8,169.4,NWIS_synthetic_sensor_timeseries.csv,DERIVED
2023-12-05T00:08:00,DUL-88,2831.6,14.96,18.89,11.11,122.0,2300.5,1782.4,168.6,NWIS_synthetic_sensor_timeseries.csv,DERIVED
2023-12-05T00:09:00,DUL-88,2831.8,15.49,17.57,11.21,121.9,2298.0,1780.9,170.0,NWIS_synthetic_sensor_timeseries.csv,DERIVED
2023-12-05T00:10:00,DUL-88,2832.0,14.62,18.54,10.54,117.4,2290.5,1795.6,169.0,NWIS_synthetic_sensor_timeseries.csv,DERIVED
2023-12-05T00:11:00,DUL-88,2832.2,14.95,18.77,10.41,120.3,2311.3,1791.1,168.8,NWIS_synthetic_sensor_timeseries.csv,DERIVED
2023-12-05T00:12:00,DUL-88,2832.4,15.38,17.3,10.8,122.7,2292.2,1789.3,170.3,NWIS_synthetic_sensor_timeseries.csv,DERIVED
2023-12-05T00:13:00,DUL-88,2832.6,14.76,17.84,11.12,117.0,2298.2,1818.1,169.7,NWIS_synthetic_sensor_timeseries.csv,DERIVED
2023-12-05T00:14:00,DUL-88,2832.8,15.12,17.11,11.02,121.1,2314.2,1815.0,170.5,NWIS_synthetic_sensor_timeseries.csv,DERIVED
2023-12-05T00:15:00,DUL-88,2833.0,14.9,18.27,10.85,117.6,2289.3,1788.4,169.3,NWIS_synthetic_sensor_timeseries.csv,DERIVED
2023-12-05T00:16:00,DUL-88,2833.2,14.55,17.3,10.78,117.0,2290.6,1781.0,170.3,NWIS_synthetic_sensor_timeseries.csv,DERIVED
2023-12-05T00:17:00,DUL-88,2833.4,14.65,17.69,11.16,118.5,2298.6,1814.0,169.9,NWIS_synthetic_sensor_timeseries.csv,DERIVED
2023-12-05T00:18:00,DUL-88,2833.6,14.98,17.2,10.95,117.5,2298.2,1813.2,170.4,NWIS_synthetic_sensor_timeseries.csv,DERIVED
2023-12-05T00:19:00,DUL-88,2833.8,15.45,17.29,10.33,120.2,2304.3,1801.1,170.4,NWIS_synthetic_sensor_timeseries.csv,DERIVED
2023-12-05T00:20:00,DUL-88,2834.0,15.2,17.73,11.51,118.6,2293.2,1801.3,169.9,NWIS_synthetic_sensor_timeseries.csv,DERIVED
2023-12-05T00:21:00,DUL-88,2834.2,14.72,18.97,10.76,121.9,2313.9,1812.7,168.7,NWIS_synthetic_sensor_timeseries.csv,DERIVED
2023-12-05T00:22:00,DUL-88,2834.4,15.02,17.06,10.62,119.1,2289.4,1790.4,170.6,NWIS_synthetic_sensor_timeseries.csv,DERIVED
2023-12-05T00:23:00,DUL-88,2834.6,14.95,18.98,11.64,122.6,2317.3,1788.8,168.7,NWIS_synthetic_sensor_timeseries.csv,DERIVED
2023-12-05T00:24:00,DUL-88,2834.8,14.7,18.8,10.58,120.7,2314.1,1806.1,168.9,NWIS_synthetic_sensor_timeseries.csv,DERIVED
2023-12-05T00:25:00,DUL-88,2835.0,15.16,18.56,10.42,122.5,2311.5,1787.1,169.1,NWIS_synthetic_sensor_timeseries.csv,DERIVED
2023-12-05T00:26:00,DUL-88,2835.2,15.3,17.79,10.77,122.8,2301.2,1809.0,169.9,NWIS_synthetic_sensor_timeseries.csv,DERIVED
2023-12-05T00:27:00,DUL-88,2835.4,14.65,18.61,10.48,122.4,2293.7,1819.2,169.1,NWIS_synthetic_sensor_timeseries.csv,DERIVED
2023-12-05T00:28:00,DUL-88,2835.6,15.05,17.03,10.79,117.8,2318.6,1801.1,170.7,NWIS_synthetic_sensor_timeseries.csv,DERIVED
2023-12-05T00:29:00,DUL-88,2835.8,15.37,17.42,10.91,122.0,2297.2,1789.6,170.3,NWIS_synthetic_sensor_timeseries.csv,DERIVED
2023-12-05T00:30:00,DUL-88,2836.0,14.92,18.82,10.66,117.8,2300.4,1803.3,168.9,NWIS_synthetic_sensor_timeseries.csv,DERIVED
2023-12-05T00:31:00,DUL-88,2836.2,15.42,18.06,10.89,120.0,2305.7,1797.6,169.7,NWIS_synthetic_sensor_timeseries.csv,DERIVED
2023-12-05T00:32:00,DUL-88,2836.4,15.3,17.95,10.31,118.0,2311.9,1793.0,169.8,NWIS_synthetic_sensor_timeseries.csv,DERIVED
2023-12-05T00:33:00,DUL-88,2836.6,15.28,18.12,11.08,117.6,2297.7,1810.9,169.7,NWIS_synthetic_sensor_timeseries.csv,DERIVED
2023-12-05T00:34:00,DUL-88,2836.8,15.26,17.89,11.09,122.5,2308.8,1800.5,169.9,NWIS_synthetic_sensor_timeseries.csv,DERIVED
2023-12-05T00:35:00,DUL-88,2837.0,15.03,18.88,10.93,119.9,2311.6,1817.7,168.9,NWIS_synthetic_sensor_timeseries.csv,DERIVED
2023-12-05T00:36:00,DUL-88,2837.2,15.44,17.27,11.08,122.0,2294.4,1782.9,170.5,NWIS_synthetic_sensor_timeseries.csv,DERIVED
2023-12-05T00:37:00,DUL-88,2837.4,15.17,18.79,10.4,121.7,2295.6,1806.4,169.0,NWIS_synthetic_sensor_timeseries.csv,DERIVED
2023-12-05T00:38:00,DUL-88,2837.6,15.47,18.91,11.54,118.3,2303.0,1819.6,168.9,NWIS_synthetic_sensor_timeseries.csv,DERIVED
2023-12-05T00:39:00,DUL-88,2837.8,14.93,17.68,10.53,120.1,2297.1,1808.9,170.2,NWIS_synthetic_sensor_timeseries.csv,DERIVED
2023-12-05T00:40:00,DUL-88,2838.0,14.94,17.66,11.08,117.1,2310.1,1782.6,170.2,NWIS_synthetic_sensor_timeseries.csv,DERIVED
2023-12-05T00:41:00,DUL-88,2838.2,15.47,17.53,11.4,117.6,2292.7,1790.8,170.3,NWIS_synthetic_sensor_timeseries.csv,DERIVED
2023-12-05T00:42:00,DUL-88,2838.4,15.41,17.52,10.89,121.9,2296.2,1802.8,170.3,NWIS_synthetic_sensor_timeseries.csv,DERIVED
2023-12-05T00:43:00,DUL-88,2838.6,14.56,17.85,10.43,121.1,2294.1,1805.4,170.0,NWIS_synthetic_sensor_timeseries.csv,DERIVED
2023-12-05T00:44:00,DUL-88,2838.8,15.36,18.73,10.42,117.4,2305.7,1802.1,169.2,NWIS_synthetic_sensor_timeseries.csv,DERIVED
2023-12-05T00:45:00,DUL-88,2839.0,12.7,17.48,12.77,120.2,2295.5,1782.0,170.4,NWIS_synthetic_sensor_timeseries.csv,DERIVED
2023-12-05T00:46:00,DUL-88,2839.2,12.84,17.58,12.81,121.6,2307.4,1793.9,170.3,NWIS_synthetic_sensor_timeseries.csv,DERIVED
2023-12-05T00:47:00,DUL-88,2839.4,12.61,18.1,12.75,121.4,2298.2,1817.4,169.8,NWIS_synthetic_sensor_timeseries.csv,DERIVED
2023-12-05T00:48:00,DUL-88,2839.6,12.95,18.67,13.32,120.0,2304.5,1807.5,169.3,NWIS_synthetic_sensor_timeseries.csv,DERIVED
2023-12-05T00:49:00,DUL-88,2839.8,13.27,18.27,12.84,121.2,2305.0,1782.2,169.7,NWIS_synthetic_sensor_timeseries.csv,DERIVED
2023-12-05T00:50:00,DUL-88,2840.0,13.19,17.33,12.57,118.5,2295.5,1814.8,170.6,NWIS_synthetic_sensor_timeseries.csv,DERIVED
2023-12-05T00:51:00,DUL-88,2840.2,12.79,17.92,12.78,118.8,2297.9,1790.5,170.0,NWIS_synthetic_sensor_timeseries.csv,DERIVED
2023-12-05T00:52:00,DUL-88,2840.4,13.04,18.93,13.47,118.5,2302.6,1780.0,169.0,NWIS_synthetic_sensor_timeseries.csv,DERIVED
2023-12-05T00:53:00,DUL-88,2840.6,13.0,18.01,12.97,118.2,2293.6,1783.6,170.0,NWIS_synthetic_sensor_timeseries.csv,DERIVED
2023-12-05T00:54:00,DUL-88,2840.8,12.62,17.47,12.54,118.8,2311.2,1810.0,170.5,NWIS_synthetic_sensor_timeseries.csv,DERIVED
2023-12-05T00:55:00,DUL-88,2841.0,13.3,17.65,13.22,119.3,2323.3,1809.0,170.3,NWIS_synthetic_sensor_timeseries.csv,DERIVED
2023-12-05T00:56:00,DUL-88,2841.2,13.1,18.62,13.39,121.4,2298.1,1800.2,169.4,NWIS_synthetic_sensor_timeseries.csv,DERIVED
2023-12-05T00:57:00,DUL-88,2841.4,13.31,18.39,13.08,121.1,2301.0,1785.3,169.6,NWIS_synthetic_sensor_timeseries.csv,DERIVED
2023-12-05T00:58:00,DUL-88,2841.6,13.1,18.36,13.06,120.8,2309.0,1811.9,169.7,NWIS_synthetic_sensor_timeseries.csv,DERIVED
2023-12-05T00:59:00,DUL-88,2841.8,12.65,17.5,13.16,121.4,2296.7,1809.2,170.5,NWIS_synthetic_sensor_timeseries.csv,DERIVED
2023-12-05T01:00:00,DUL-88,2842.0,12.91,18.37,12.99,119.9,2317.6,1805.7,169.7,NWIS_synthetic_sensor_timeseries.csv,DERIVED
2023-12-05T01:01:00,DUL-88,2842.2,12.84,17.02,13.24,120.4,2296.6,1806.9,171.0,NWIS_synthetic_sensor_timeseries.csv,DERIVED
2023-12-05T01:02:00,DUL-88,2842.4,12.97,17.24,13.02,119.8,2321.7,1819.1,170.8,NWIS_synthetic_sensor_timeseries.csv,DERIVED
2023-12-05T01:03:00,DUL-88,2842.6,13.37,17.54,13.32,119.7,2301.4,1788.4,170.5,NWIS_synthetic_sensor_timeseries.csv,DERIVED
2023-12-05T01:04:00,DUL-88,2842.8,12.71,18.02,13.45,121.9,2321.8,1789.3,170.1,NWIS_synthetic_sensor_timeseries.csv,DERIVED
2023-12-05T01:05:00,DUL-88,2843.0,12.99,17.6,12.5,119.7,2299.6,1792.6,170.5,NWIS_synthetic_sensor_timeseries.csv,DERIVED
2023-12-05T01:06:00,DUL-88,2843.2,12.7,18.43,13.34,122.6,2322.6,1794.9,169.7,NWIS_synthetic_sensor_timeseries.csv,DERIVED
2023-12-05T01:07:00,DUL-88,2843.4,12.94,17.1,12.86,118.7,2298.8,1791.4,171.0,NWIS_synthetic_sensor_timeseries.csv,DERIVED
2023-12-05T01:08:00,DUL-88,2843.6,12.75,18.91,13.01,119.2,2322.4,1805.2,169.2,NWIS_synthetic_sensor_timeseries.csv,DERIVED
2023-12-05T01:09:00,DUL-88,2843.8,12.64,17.9,13.22,121.4,2318.6,1791.4,170.2,NWIS_synthetic_sensor_timeseries.csv,DERIVED
2023-12-05T01:10:00,DUL-88,2844.0,12.87,18.48,12.97,118.8,2325.5,1806.2,169.7,NWIS_synthetic_sensor_timeseries.csv,DERIVED
2023-12-05T01:11:00,DUL-88,2844.2,12.73,18.81,12.67,118.2,2311.3,1816.3,169.3,NWIS_synthetic_sensor_timeseries.csv,DERIVED
2023-12-05T01:12:00,DUL-88,2844.4,12.67,17.18,12.69,119.1,2303.7,1802.8,171.0,NWIS_synthetic_sensor_timeseries.csv,DERIVED
2023-12-05T01:13:00,DUL-88,2844.6,13.02,17.68,12.91,119.3,2298.5,1818.7,170.5,NWIS_synthetic_sensor_timeseries.csv,DERIVED
2023-12-05T01:14:00,DUL-88,2844.8,12.77,17.5,13.36,118.6,2308.8,1818.2,170.7,NWIS_synthetic_sensor_timeseries.csv,DERIVED
2023-12-05T01:15:00,DUL-88,2845.0,13.17,17.95,12.53,122.4,2314.6,1795.7,170.2,NWIS_synthetic_sensor_timeseries.csv,DERIVED
2023-12-05T01:16:00,DUL-88,2845.2,12.8,17.31,13.47,117.7,2312.8,1817.7,170.9,NWIS_synthetic_sensor_timeseries.csv,DERIVED
2023-12-05T01:17:00,DUL-88,2845.4,13.04,18.56,12.96,117.2,2304.3,1805.8,169.6,NWIS_synthetic_sensor_timeseries.csv,DERIVED
2023-12-05T01:18:00,DUL-88,2845.6,13.16,17.14,13.14,117.7,2313.2,1795.5,171.1,NWIS_synthetic_sensor_timeseries.csv,DERIVED
2023-12-05T01:19:00,DUL-88,2845.8,12.97,18.29,12.8,122.8,2324.2,1789.4,169.9,NWIS_synthetic_sensor_timeseries.csv,DERIVED
2023-12-05T01:20:00,DUL-88,2846.0,12.62,18.35,12.81,120.0,2310.4,1806.7,169.9,NWIS_synthetic_sensor_timeseries.csv,DERIVED
2023-12-05T01:21:00,DUL-88,2846.2,12.94,17.4,12.84,121.1,2321.9,1800.2,170.8,NWIS_synthetic_sensor_timeseries.csv,DERIVED
2023-12-05T01:22:00,DUL-88,2846.4,12.78,18.52,13.32,118.3,2307.0,1799.8,169.7,NWIS_synthetic_sensor_timeseries.csv,DERIVED
2023-12-05T01:23:00,DUL-88,2846.6,13.36,17.79,13.17,117.9,2304.7,1785.7,170.5,NWIS_synthetic_sensor_timeseries.csv,DERIVED
2023-12-05T01:24:00,DUL-88,2846.8,13.31,19.0,13.4,121.4,2326.4,1787.4,169.3,NWIS_synthetic_sensor_timeseries.csv,DERIVED
2023-12-05T01:25:00,DUL-88,2847.0,12.9,17.66,13.16,119.2,2303.7,1791.2,170.6,NWIS_synthetic_sensor_timeseries.csv,DERIVED
2023-12-05T01:26:00,DUL-88,2847.2,12.77,18.64,13.46,119.1,2323.4,1782.0,169.7,NWIS_synthetic_sensor_timeseries.csv,DERIVED
2023-12-05T01:27:00,DUL-88,2847.4,12.89,17.06,12.69,122.4,2311.2,1810.7,171.2,NWIS_synthetic_sensor_timeseries.csv,DERIVED
2023-12-05T01:28:00,DUL-88,2847.6,12.81,18.8,13.42,121.5,2309.3,1818.3,169.5,NWIS_synthetic_sensor_timeseries.csv,DERIVED
2023-12-05T01:29:00,DUL-88,2847.8,12.82,18.51,12.82,117.0,2326.7,1817.7,169.8,NWIS_synthetic_sensor_timeseries.csv,DERIVED
2023-12-05T01:30:00,DUL-88,2848.0,13.36,17.5,13.46,119.3,2312.3,1817.1,170.8,NWIS_synthetic_sensor_timeseries.csv,DERIVED
2023-12-05T01:31:00,DUL-88,2848.2,13.22,17.66,13.32,120.6,2309.1,1811.3,170.7,NWIS_synthetic_sensor_timeseries.csv,DERIVED
2023-12-05T01:32:00,DUL-88,2848.4,12.65,18.11,12.75,117.2,2309.5,1815.3,170.2,NWIS_synthetic_sensor_timeseries.csv,DERIVED
2023-12-05T01:33:00,DUL-88,2848.6,13.0,17.89,12.6,121.3,2306.9,1804.8,170.5,NWIS_synthetic_sensor_timeseries.csv,DERIVED
2023-12-05T01:34:00,DUL-88,2848.8,12.7,17.59,13.16,122.0,2317.0,1809.5,170.8,NWIS_synthetic_sensor_timeseries.csv,DERIVED
2023-12-05T01:35:00,DUL-88,2849.0,13.31,17.65,12.65,120.5,2312.1,1800.3,170.7,NWIS_synthetic_sensor_timeseries.csv,DERIVED
2023-12-05T01:36:00,DUL-88,2849.2,12.68,18.64,13.49,119.8,2325.6,1781.6,169.7,NWIS_synthetic_sensor_timeseries.csv,DERIVED
2023-12-05T01:37:00,DUL-88,2849.4,13.07,17.74,13.47,122.6,2326.5,1790.4,170.7,NWIS_synthetic_sensor_timeseries.csv,DERIVED
2023-12-05T01:38:00,DUL-88,2849.6,13.1,17.74,13.1,118.3,2304.9,1790.2,170.7,NWIS_synthetic_sensor_timeseries.csv,DERIVED
2023-12-05T01:39:00,DUL-88,2849.8,12.86,17.37,12.51,121.1,2310.2,1811.8,171.0,NWIS_synthetic_sensor_timeseries.csv,DERIVED
2023-12-05T01:40:00,DUL-88,2850.0,13.04,17.18,12.9,120.8,2305.9,1796.4,171.2,NWIS_synthetic_sensor_timeseries.csv,DERIVED
2023-12-05T01:41:00,DUL-88,2850.2,13.05,17.83,12.81,119.1,2327.1,1794.6,170.6,NWIS_synthetic_sensor_timeseries.csv,DERIVED
2023-12-05T01:42:00,DUL-88,2850.4,13.32,18.64,12.51,119.5,2313.5,1798.4,169.8,NWIS_synthetic_sensor_timeseries.csv,DERIVED
2023-12-05T01:43:00,DUL-88,2850.6,13.33,18.24,13.14,117.5,2312.6,1785.8,170.2,NWIS_synthetic_sensor_timeseries.csv,DERIVED
2023-12-05T01:44:00,DUL-88,2850.8,12.99,18.93,12.61,121.8,2307.6,1817.7,169.5,NWIS_synthetic_sensor_timeseries.csv,DERIVED
2023-12-05T01:45:00,DUL-88,2851.0,12.91,18.24,13.43,122.4,2326.5,1811.4,170.2,NWIS_synthetic_sensor_timeseries.csv,DERIVED
2023-12-05T01:46:00,DUL-88,2851.2,12.75,17.8,13.33,118.3,2317.5,1784.9,170.7,NWIS_synthetic_sensor_timeseries.csv,DERIVED
2023-12-05T01:47:00,DUL-88,2851.4,13.05,17.08,12.54,121.5,2327.3,1804.0,171.4,NWIS_synthetic_sensor_timeseries.csv,DERIVED
2023-12-05T01:48:00,DUL-88,2851.6,13.07,18.32,12.92,119.6,2315.7,1780.9,170.2,NWIS_synthetic_sensor_timeseries.csv,DERIVED
2023-12-05T01:49:00,DUL-88,2851.8,13.22,17.36,13.26,119.7,2316.6,1785.1,171.2,NWIS_synthetic_sensor_timeseries.csv,DERIVED
2023-12-05T01:50:00,DUL-88,2852.0,12.63,17.16,13.01,120.8,2324.6,1800.5,171.4,NWIS_synthetic_sensor_timeseries.csv,DERIVED
2023-12-05T01:51:00,DUL-88,2852.2,12.71,18.99,13.45,122.1,2324.7,1787.7,169.5,NWIS_synthetic_sensor_timeseries.csv,DERIVED
2023-12-05T01:52:00,DUL-88,2852.4,12.73,18.86,13.42,121.7,2304.9,1810.2,169.7,NWIS_synthetic_sensor_timeseries.csv,DERIVED
2023-12-05T01:53:00,DUL-88,2852.6,12.71,18.84,13.32,120.0,2309.3,1800.2,169.7,NWIS_synthetic_sensor_timeseries.csv,DERIVED
2023-12-05T01:54:00,DUL-88,2852.8,13.35,18.79,12.66,121.1,2308.3,1784.6,169.8,NWIS_synthetic_sensor_timeseries.csv,DERIVED
2023-12-05T01:55:00,DUL-88,2853.0,13.04,18.77,13.37,120.5,2306.5,1805.2,169.8,NWIS_synthetic_sensor_timeseries.csv,DERIVED
2023-12-05T01:56:00,DUL-88,2853.2,13.06,18.53,13.49,119.2,2316.8,1809.7,170.1,NWIS_synthetic_sensor_timeseries.csv,DERIVED
2023-12-05T01:57:00,DUL-88,2853.4,13.39,18.33,13.14,120.5,2313.1,1781.4,170.3,NWIS_synthetic_sensor_timeseries.csv,DERIVED
2023-12-05T01:58:00,DUL-88,2853.6,13.32,17.45,13.01,117.8,2323.5,1780.1,171.2,NWIS_synthetic_sensor_timeseries.csv,DERIVED
2023-12-05T01:59:00,DUL-88,2853.8,13.07,17.41,12.72,120.5,2322.8,1785.4,171.2,NWIS_synthetic_sensor_timeseries.csv,DERIVED
2023-12-05T02:00:00,DUL-88,2854.0,13.11,18.56,12.6,122.2,2316.3,1780.5,170.1,NWIS_synthetic_sensor_timeseries.csv,DERIVED
2023-12-05T02:01:00,DUL-88,2854.2,12.96,18.47,13.15,122.6,2311.8,1781.8,170.2,NWIS_synthetic_sensor_timeseries.csv,DERIVED
2023-12-05T02:02:00,DUL-88,2854.4,13.22,18.1,12.56,117.1,2332.7,1788.0,170.5,NWIS_synthetic_sensor_timeseries.csv,DERIVED
2023-12-05T02:03:00,DUL-88,2854.6,12.74,17.6,13.31,118.9,2306.1,1811.3,171.1,NWIS_synthetic_sensor_timeseries.csv,DERIVED
2023-12-05T02:04:00,DUL-88,2854.8,12.97,17.9,13.25,121.5,2311.6,1789.3,170.8,NWIS_synthetic_sensor_timeseries.csv,DERIVED
2023-12-05T02:05:00,DUL-88,2855.0,13.28,17.53,13.2,121.3,2321.6,1811.5,171.1,NWIS_synthetic_sensor_timeseries.csv,DERIVED
2023-12-05T02:06:00,DUL-88,2855.2,12.77,17.03,13.47,122.3,2313.0,1809.8,171.7,NWIS_synthetic_sensor_timeseries.csv,DERIVED
2023-12-05T02:07:00,DUL-88,2855.4,12.86,18.82,13.38,118.4,2324.2,1806.6,169.9,NWIS_synthetic_sensor_timeseries.csv,DERIVED
2023-12-05T02:08:00,DUL-88,2855.6,13.29,18.45,13.2,119.6,2322.6,1788.5,170.3,NWIS_synthetic_sensor_timeseries.csv,DERIVED
2023-12-05T02:09:00,DUL-88,2855.8,12.62,18.86,12.64,117.6,2316.0,1781.1,169.9,NWIS_synthetic_sensor_timeseries.csv,DERIVED
2023-12-05T02:10:00,DUL-88,2856.0,13.19,18.18,13.2,117.4,2316.7,1812.8,170.5,NWIS_synthetic_sensor_timeseries.csv,DERIVED
2023-12-05T02:11:00,DUL-88,2856.2,13.36,17.41,13.41,117.6,2309.3,1813.9,171.3,NWIS_synthetic_sensor_timeseries.csv,DERIVED
2023-12-05T02:12:00,DUL-88,2856.4,12.83,17.2,13.13,117.6,2328.8,1792.8,171.5,NWIS_synthetic_sensor_timeseries.csv,DERIVED
2023-12-05T02:13:00,DUL-88,2856.6,13.17,17.64,12.78,119.2,2335.2,1814.1,171.1,NWIS_synthetic_sensor_timeseries.csv,DERIVED
2023-12-05T02:14:00,DUL-88,2856.8,13.22,18.41,12.94,119.1,2322.6,1814.5,170.3,NWIS_synthetic_sensor_timeseries.csv,DERIVED
2023-12-05T02:15:00,DUL-88,2857.0,12.76,18.96,12.5,121.6,2306.7,1799.7,169.8,NWIS_synthetic_sensor_timeseries.csv,DERIVED
2023-12-05T02:16:00,DUL-88,2857.2,13.27,18.89,12.85,118.6,2315.3,1808.0,169.9,NWIS_synthetic_sensor_timeseries.csv,DERIVED
2023-12-05T02:17:00,DUL-88,2857.4,13.23,18.57,12.58,121.2,2325.8,1796.1,170.2,NWIS_synthetic_sensor_timeseries.csv,DERIVED
2023-12-05T02:18:00,DUL-88,2857.6,12.62,17.53,13.39,118.2,2334.1,1795.2,171.3,NWIS_synthetic_sensor_timeseries.csv,DERIVED
2023-12-05T02:19:00,DUL-88,2857.8,13.2,18.29,13.03,121.5,2317.7,1786.2,170.5,NWIS_synthetic_sensor_timeseries.csv,DERIVED
2023-12-05T02:20:00,DUL-88,2858.0,12.95,18.16,12.67,121.6,2311.2,1815.4,170.7,NWIS_synthetic_sensor_timeseries.csv,DERIVED
2023-12-05T02:21:00,DUL-88,2858.2,13.27,17.31,13.2,117.9,2315.0,1800.9,171.5,NWIS_synthetic_sensor_timeseries.csv,DERIVED
2023-12-05T02:22:00,DUL-88,2858.4,13.18,18.92,13.48,117.6,2310.8,1819.4,169.9,NWIS_synthetic_sensor_timeseries.csv,DERIVED
2023-12-05T02:23:00,DUL-88,2858.6,13.11,17.41,12.7,117.6,2319.5,1796.0,171.4,NWIS_synthetic_sensor_timeseries.csv,DERIVED
2023-12-05T02:24:00,DUL-88,2858.8,12.97,18.21,13.13,117.9,2320.2,1816.3,170.6,NWIS_synthetic_sensor_timeseries.csv,DERIVED
2023-12-05T02:25:00,DUL-88,2859.0,12.78,18.76,12.92,121.3,2331.4,1814.1,170.1,NWIS_synthetic_sensor_timeseries.csv,DERIVED
2023-12-05T02:26:00,DUL-88,2859.2,13.1,17.84,12.81,117.6,2331.8,1805.2,171.0,NWIS_synthetic_sensor_timeseries.csv,DERIVED
2023-12-05T02:27:00,DUL-88,2859.4,12.93,18.86,13.12,121.1,2314.0,1811.1,170.0,NWIS_synthetic_sensor_timeseries.csv,DERIVED
2023-12-05T02:28:00,DUL-88,2859.6,13.03,18.56,12.54,118.0,2336.9,1784.0,170.3,NWIS_synthetic_sensor_timeseries.csv,DERIVED
2023-12-05T02:29:00,DUL-88,2859.8,13.11,18.04,13.01,122.0,2321.2,1788.4,170.9,NWIS_synthetic_sensor_timeseries.csv,DERIVED
2023-12-05T02:30:00,DUL-88,2860.0,13.39,17.11,12.62,119.1,2317.2,1780.5,171.8,NWIS_synthetic_sensor_timeseries.csv,DERIVED
2023-12-05T02:31:00,DUL-88,2860.2,12.81,18.48,12.85,118.3,2337.4,1788.8,170.4,NWIS_synthetic_sensor_timeseries.csv,DERIVED
2023-12-05T02:32:00,DUL-88,2860.4,13.22,18.27,12.63,121.9,2323.4,1789.0,170.7,NWIS_synthetic_sensor_timeseries.csv,DERIVED
2023-12-05T02:33:00,DUL-88,2860.6,13.25,17.59,13.32,119.8,2325.9,1813.3,171.4,NWIS_synthetic_sensor_timeseries.csv,DERIVED
2023-12-05T02:34:00,DUL-88,2860.8,12.8,17.37,12.88,119.6,2309.7,1791.2,171.6,NWIS_synthetic_sensor_timeseries.csv,DERIVED
2023-12-05T02:35:00,DUL-88,2861.0,13.11,17.72,12.93,121.0,2337.7,1782.3,171.2,NWIS_synthetic_sensor_timeseries.csv,DERIVED
2023-12-05T02:36:00,DUL-88,2861.2,13.27,17.03,12.64,120.8,2310.3,1806.2,171.9,NWIS_synthetic_sensor_timeseries.csv,DERIVED
2023-12-05T02:37:00,DUL-88,2861.4,13.22,17.31,12.73,119.1,2337.2,1786.7,171.7,NWIS_synthetic_sensor_timeseries.csv,DERIVED
2023-12-05T02:38:00,DUL-88,2861.6,13.32,18.68,13.17,121.7,2316.2,1801.2,170.3,NWIS_synthetic_sensor_timeseries.csv,DERIVED
2023-12-05T02:39:00,DUL-88,2861.8,12.81,17.28,13.06,118.4,2325.2,1798.7,171.7,NWIS_synthetic_sensor_timeseries.csv,DERIVED
2023-12-05T02:40:00,DUL-88,2862.0,13.29,18.68,13.04,117.0,2324.6,1806.6,170.3,NWIS_synthetic_sensor_timeseries.csv,DERIVED
2023-12-05T02:41:00,DUL-88,2862.2,12.66,18.27,13.46,120.8,2311.6,1807.3,170.8,NWIS_synthetic_sensor_timeseries.csv,DERIVED
2023-12-05T02:42:00,DUL-88,2862.4,12.99,17.07,13.01,122.4,2332.5,1793.5,172.0,NWIS_synthetic_sensor_timeseries.csv,DERIVED
2023-12-05T02:43:00,DUL-88,2862.6,13.22,17.87,13.03,118.3,2323.8,1813.1,171.2,NWIS_synthetic_sensor_timeseries.csv,DERIVED
2023-12-05T02:44:00,DUL-88,2862.8,12.82,18.95,13.0,120.0,2330.9,1793.2,170.1,NWIS_synthetic_sensor_timeseries.csv,DERIVED
2023-12-05T02:45:00,DUL-88,2863.0,13.23,18.45,13.13,117.2,2338.0,1782.0,170.6,NWIS_synthetic_sensor_timeseries.csv,DERIVED
2023-12-05T02:46:00,DUL-88,2863.2,13.09,18.58,13.42,120.9,2338.9,1804.7,170.5,NWIS_synthetic_sensor_timeseries.csv,DERIVED
2023-12-05T02:47:00,DUL-88,2863.4,12.77,17.92,13.18,121.0,2334.6,1787.3,171.2,NWIS_synthetic_sensor_timeseries.csv,DERIVED
2023-12-05T02:48:00,DUL-88,2863.6,12.9,18.57,13.16,121.9,2328.7,1792.1,170.5,NWIS_synthetic_sensor_timeseries.csv,DERIVED
2023-12-05T02:49:00,DUL-88,2863.8,13.35,18.14,13.14,117.3,2313.2,1812.4,171.0,NWIS_synthetic_sensor_timeseries.csv,DERIVED
2023-12-05T02:50:00,DUL-88,2864.0,12.91,18.88,12.51,120.6,2341.6,1796.5,170.2,NWIS_synthetic_sensor_timeseries.csv,DERIVED
2023-12-05T02:51:00,DUL-88,2864.2,12.61,18.37,12.65,117.0,2316.0,1783.5,170.7,NWIS_synthetic_sensor_timeseries.csv,DERIVED
2023-12-05T02:52:00,DUL-88,2864.4,12.79,17.37,13.22,121.4,2314.0,1808.5,171.8,NWIS_synthetic_sensor_timeseries.csv,DERIVED
2023-12-05T02:53:00,DUL-88,2864.6,13.17,18.86,13.13,119.8,2320.3,1808.7,170.3,NWIS_synthetic_sensor_timeseries.csv,DERIVED
2023-12-05T02:54:00,DUL-88,2864.8,12.66,18.46,13.32,118.9,2317.8,1799.5,170.7,NWIS_synthetic_sensor_timeseries.csv,DERIVED
2023-12-05T02:55:00,DUL-88,2865.0,13.14,18.59,12.94,117.9,2323.9,1805.2,170.6,NWIS_synthetic_sensor_timeseries.csv,DERIVED
2023-12-05T02:56:00,DUL-88,2865.2,13.23,17.58,13.44,120.4,2315.0,1808.1,171.6,NWIS_synthetic_sensor_timeseries.csv,DERIVED
2023-12-05T02:57:00,DUL-88,2865.4,13.27,17.62,13.48,120.6,2326.2,1795.1,171.6,NWIS_synthetic_sensor_timeseries.csv,DERIVED
2023-12-05T02:58:00,DUL-88,2865.6,12.83,17.53,13.31,117.0,2326.2,1812.6,171.7,NWIS_synthetic_sensor_timeseries.csv,DERIVED
2023-12-05T02:59:00,DUL-88,2865.8,13.29,17.55,13.31,120.4,2339.2,1807.4,171.6,NWIS_synthetic_sensor_timeseries.csv,DERIVED
2023-12-05T03:00:00,DUL-88,2866.0,13.24,18.5,13.05,118.2,2341.8,1804.3,170.7,NWIS_synthetic_sensor_timeseries.csv,DERIVED
2023-12-05T03:01:00,DUL-88,2866.2,13.2,17.92,12.75,121.7,2316.6,1810.9,171.3,NWIS_synthetic_sensor_timeseries.csv,DERIVED
2023-12-05T03:02:00,DUL-88,2866.4,13.02,18.18,13.39,119.9,2319.8,1787.2,171.0,NWIS_synthetic_sensor_timeseries.csv,DERIVED
2023-12-05T03:03:00,DUL-88,2866.6,13.01,17.09,12.9,117.9,2344.2,1784.2,172.1,NWIS_synthetic_sensor_timeseries.csv,DERIVED
2023-12-05T03:04:00,DUL-88,2866.8,12.88,17.04,13.1,120.1,2315.4,1814.6,172.2,NWIS_synthetic_sensor_timeseries.csv,DERIVED
2023-12-05T03:05:00,DUL-88,2867.0,12.94,18.53,13.28,122.7,2339.2,1790.2,170.7,NWIS_synthetic_sensor_timeseries.csv,DERIVED
2023-12-05T03:06:00,DUL-88,2867.2,12.64,18.74,12.58,120.3,2328.5,1816.4,170.5,NWIS_synthetic_sensor_timeseries.csv,DERIVED
2023-12-05T03:07:00,DUL-88,2867.4,13.37,18.13,12.62,118.5,2334.1,1806.8,171.1,NWIS_synthetic_sensor_timeseries.csv,DERIVED
2023-12-05T03:08:00,DUL-88,2867.6,13.39,17.08,13.47,118.3,2322.8,1816.1,172.2,NWIS_synthetic_sensor_timeseries.csv,DERIVED
2023-12-05T03:09:00,DUL-88,2867.8,13.17,18.97,13.29,120.9,2316.9,1810.2,170.3,NWIS_synthetic_sensor_timeseries.csv,DERIVED
2023-12-05T03:10:00,DUL-88,2868.0,13.21,17.65,13.09,117.6,2323.1,1799.3,171.7,NWIS_synthetic_sensor_timeseries.csv,DERIVED
2023-12-05T03:11:00,DUL-88,2868.2,12.61,17.39,13.18,121.3,2316.6,1788.8,171.9,NWIS_synthetic_sensor_timeseries.csv,DERIVED
2023-12-05T03:12:00,DUL-88,2868.4,12.96,18.86,12.64,117.6,2341.0,1798.1,170.5,NWIS_synthetic_sensor_timeseries.csv,DERIVED
2023-12-05T03:13:00,DUL-88,2868.6,12.71,17.11,13.13,118.3,2337.3,1785.8,172.2,NWIS_synthetic_sensor_timeseries.csv,DERIVED
2023-12-05T03:14:00,DUL-88,2868.8,12.82,17.67,12.66,122.0,2321.1,1792.7,171.7,NWIS_synthetic_sensor_timeseries.csv,DERIVED
2023-12-05T03:15:00,DUL-88,2869.0,13.32,17.42,12.56,121.0,2330.5,1790.3,171.9,NWIS_synthetic_sensor_timeseries.csv,DERIVED
2023-12-05T03:16:00,DUL-88,2869.2,13.34,17.58,13.5,117.6,2343.2,1809.1,171.8,NWIS_synthetic_sensor_timeseries.csv,DERIVED
2023-12-05T03:17:00,DUL-88,2869.4,12.87,17.0,13.31,117.8,2341.5,1787.4,172.4,NWIS_synthetic_sensor_timeseries.csv,DERIVED
2023-12-05T03:18:00,DUL-88,2869.6,12.71,18.54,13.07,118.1,2338.0,1783.2,170.8,NWIS_synthetic_sensor_timeseries.csv,DERIVED
2023-12-05T03:19:00,DUL-88,2869.8,12.76,18.42,12.77,120.7,2341.2,1788.1,171.0,NWIS_synthetic_sensor_timeseries.csv,DERIVED
2023-12-05T03:20:00,DUL-88,2870.0,12.64,17.67,13.22,121.9,2342.3,1799.7,171.7,NWIS_synthetic_sensor_timeseries.csv,DERIVED
2023-12-05T03:21:00,DUL-88,2870.2,12.81,18.66,13.37,118.1,2328.2,1794.8,170.7,NWIS_synthetic_sensor_timeseries.csv,DERIVED
2023-12-05T03:22:00,DUL-88,2870.4,13.01,18.43,12.95,117.7,2341.8,1792.8,171.0,NWIS_synthetic_sensor_timeseries.csv,DERIVED
2023-12-05T03:23:00,DUL-88,2870.6,13.3,17.99,12.56,122.7,2332.9,1801.5,171.4,NWIS_synthetic_sensor_timeseries.csv,DERIVED
2023-12-05T03:24:00,DUL-88,2870.8,12.68,18.63,12.68,118.5,2318.5,1808.0,170.8,NWIS_synthetic_sensor_timeseries.csv,DERIVED
2023-12-05T03:25:00,DUL-88,2871.0,13.02,17.21,13.08,121.2,2343.9,1781.8,172.2,NWIS_synthetic_sensor_timeseries.csv,DERIVED
2023-12-05T03:26:00,DUL-88,2871.2,12.7,17.27,12.78,119.4,2335.7,1785.9,172.2,NWIS_synthetic_sensor_timeseries.csv,DERIVED
2023-12-05T03:27:00,DUL-88,2871.4,13.35,17.84,13.33,119.3,2343.3,1795.8,171.6,NWIS_synthetic_sensor_timeseries.csv,DERIVED
2023-12-05T03:28:00,DUL-88,2871.6,12.87,18.96,12.74,119.6,2342.4,1812.6,170.5,NWIS_synthetic_sensor_timeseries.csv,DERIVED
2023-12-05T03:29:00,DUL-88,2871.8,13.35,17.84,13.46,118.5,2337.4,1801.2,171.6,NWIS_synthetic_sensor_timeseries.csv,DERIVED
2023-12-05T03:30:00,DUL-88,2872.0,12.71,18.55,12.52,122.8,2346.7,1812.4,170.9,NWIS_synthetic_sensor_timeseries.csv,DERIVED
2023-12-05T03:31:00,DUL-88,2872.2,12.81,17.55,13.14,121.1,2335.0,1804.9,172.0,NWIS_synthetic_sensor_timeseries.csv,DERIVED
2023-12-05T03:32:00,DUL-88,2872.4,12.83,18.3,13.45,118.8,2322.5,1818.2,171.2,NWIS_synthetic_sensor_timeseries.csv,DERIVED
2023-12-05T03:33:00,DUL-88,2872.6,12.72,17.26,13.03,117.7,2327.9,1791.5,172.3,NWIS_synthetic_sensor_timeseries.csv,DERIVED
2023-12-05T03:34:00,DUL-88,2872.8,13.09,18.3,13.34,120.4,2325.3,1798.4,171.2,NWIS_synthetic_sensor_timeseries.csv,DERIVED
2023-12-05T03:35:00,DUL-88,2873.0,12.79,18.02,12.81,118.3,2330.9,1780.5,171.5,NWIS_synthetic_sensor_timeseries.csv,DERIVED
2023-12-05T03:36:00,DUL-88,2873.2,12.99,18.98,13.06,118.7,2328.4,1786.3,170.6,NWIS_synthetic_sensor_timeseries.csv,DERIVED
2023-12-05T03:37:00,DUL-88,2873.4,12.91,18.47,12.56,119.6,2323.0,1818.4,171.1,NWIS_synthetic_sensor_timeseries.csv,DERIVED
2023-12-05T03:38:00,DUL-88,2873.6,13.14,18.7,12.85,120.7,2344.5,1809.6,170.9,NWIS_synthetic_sensor_timeseries.csv,DERIVED
2023-12-05T03:39:00,DUL-88,2873.8,13.17,17.25,13.28,122.5,2346.2,1810.6,172.3,NWIS_synthetic_sensor_timeseries.csv,DERIVED
2023-12-05T03:40:00,DUL-88,2874.0,12.93,18.75,13.07,121.7,2338.4,1798.1,170.8,NWIS_synthetic_sensor_timeseries.csv,DERIVED
2023-12-05T03:41:00,DUL-88,2874.2,13.04,17.64,12.89,119.3,2344.0,1800.0,172.0,NWIS_synthetic_sensor_timeseries.csv,DERIVED
2023-12-05T03:42:00,DUL-88,2874.4,13.06,17.18,12.64,120.5,2348.1,1813.7,172.4,NWIS_synthetic_sensor_timeseries.csv,DERIVED
2023-12-05T03:43:00,DUL-88,2874.6,13.33,17.09,12.93,117.1,2337.6,1816.8,172.5,NWIS_synthetic_sensor_timeseries.csv,DERIVED
2023-12-05T03:44:00,DUL-88,2874.8,13.01,17.78,13.02,121.1,2331.6,1794.0,171.9,NWIS_synthetic_sensor_timeseries.csv,DERIVED
2023-12-05T03:45:00,DUL-88,2875.0,12.9,18.12,12.6,119.4,2338.2,1818.6,171.5,NWIS_synthetic_sensor_timeseries.csv,DERIVED
2023-12-05T03:46:00,DUL-88,2875.2,12.87,18.63,13.5,120.2,2326.3,1819.1,171.0,NWIS_synthetic_sensor_timeseries.csv,DERIVED
2023-12-05T03:47:00,DUL-88,2875.4,13.15,18.98,13.39,121.9,2348.0,1786.3,170.7,NWIS_synthetic_sensor_timeseries.csv,DERIVED
2023-12-05T03:48:00,DUL-88,2875.6,12.75,18.21,12.69,120.8,2332.1,1805.5,171.5,NWIS_synthetic_sensor_timeseries.csv,DERIVED
2023-12-05T03:49:00,DUL-88,2875.8,13.15,17.61,12.81,117.0,2346.9,1806.7,172.1,NWIS_synthetic_sensor_timeseries.csv,DERIVED
2023-12-05T03:50:00,DUL-88,2876.0,13.12,18.99,12.77,120.2,2339.0,1784.9,170.7,NWIS_synthetic_sensor_timeseries.csv,DERIVED
2023-12-05T03:51:00,DUL-88,2876.2,12.74,18.65,12.6,120.1,2340.4,1782.5,171.1,NWIS_synthetic_sensor_timeseries.csv,DERIVED
2023-12-05T03:52:00,DUL-88,2876.4,12.88,17.53,13.22,118.0,2325.1,1803.3,172.2,NWIS_synthetic_sensor_timeseries.csv,DERIVED
2023-12-05T03:53:00,DUL-88,2876.6,13.31,18.92,12.55,120.5,2335.5,1790.0,170.8,NWIS_synthetic_sensor_timeseries.csv,DERIVED
2023-12-05T03:54:00,DUL-88,2876.8,13.32,17.61,12.81,121.9,2340.5,1799.8,172.1,NWIS_synthetic_sensor_timeseries.csv,DERIVED
2023-12-05T03:55:00,DUL-88,2877.0,12.78,18.75,13.22,118.9,2337.1,1789.7,171.0,NWIS_synthetic_sensor_timeseries.csv,DERIVED
2023-12-05T03:56:00,DUL-88,2877.2,12.83,17.23,13.47,120.4,2338.8,1796.1,172.5,NWIS_synthetic_sensor_timeseries.csv,DERIVED
2023-12-05T03:57:00,DUL-88,2877.4,12.8,17.57,12.85,118.1,2330.0,1806.6,172.2,NWIS_synthetic_sensor_timeseries.csv,DERIVED
2023-12-05T03:58:00,DUL-88,2877.6,12.82,17.26,12.59,122.0,2336.4,1812.2,172.5,NWIS_synthetic_sensor_timeseries.csv,DERIVED
2023-12-05T03:59:00,DUL-88,2877.8,13.37,18.9,12.88,118.2,2338.4,1798.1,170.9,NWIS_synthetic_sensor_timeseries.csv,DERIVED
2023-12-05T00:00:00,DUL-92,2180.0,15.09,17.49,11.56,119.2,2303.2,1814.9,138.4,NWIS_synthetic_sensor_timeseries.csv,DERIVED
2023-12-05T00:01:00,DUL-92,2180.2,15.04,18.54,11.02,118.6,2296.7,1802.7,137.4,NWIS_synthetic_sensor_timeseries.csv,DERIVED
2023-12-05T00:02:00,DUL-92,2180.4,14.59,18.7,10.85,118.1,2295.0,1784.4,137.2,NWIS_synthetic_sensor_timeseries.csv,DERIVED
2023-12-05T00:03:00,DUL-92,2180.6,15.0,17.13,10.81,118.8,2294.8,1785.0,138.8,NWIS_synthetic_sensor_timeseries.csv,DERIVED
2023-12-05T00:04:00,DUL-92,2180.8,14.9,18.55,10.7,122.5,2312.1,1785.3,137.4,NWIS_synthetic_sensor_timeseries.csv,DERIVED
2023-12-05T00:05:00,DUL-92,2181.0,15.18,17.7,10.34,121.0,2298.2,1808.0,138.2,NWIS_synthetic_sensor_timeseries.csv,DERIVED
2023-12-05T00:06:00,DUL-92,2181.2,14.85,17.36,11.49,120.8,2289.4,1809.4,138.6,NWIS_synthetic_sensor_timeseries.csv,DERIVED
2023-12-05T00:07:00,DUL-92,2181.4,14.54,17.4,10.36,118.0,2295.2,1781.6,138.6,NWIS_synthetic_sensor_timeseries.csv,DERIVED
2023-12-05T00:08:00,DUL-92,2181.6,14.68,18.14,11.19,122.0,2307.8,1797.4,137.8,NWIS_synthetic_sensor_timeseries.csv,DERIVED
2023-12-05T00:09:00,DUL-92,2181.8,14.5,18.55,10.79,122.0,2295.0,1814.2,137.4,NWIS_synthetic_sensor_timeseries.csv,DERIVED
2023-12-05T00:10:00,DUL-92,2182.0,14.74,18.58,10.37,117.7,2292.9,1810.0,137.4,NWIS_synthetic_sensor_timeseries.csv,DERIVED
2023-12-05T00:11:00,DUL-92,2182.2,14.89,18.66,11.27,121.5,2295.2,1817.9,137.3,NWIS_synthetic_sensor_timeseries.csv,DERIVED
2023-12-05T00:12:00,DUL-92,2182.4,15.19,18.66,11.6,121.4,2305.8,1782.2,137.3,NWIS_synthetic_sensor_timeseries.csv,DERIVED
2023-12-05T00:13:00,DUL-92,2182.6,15.01,17.26,10.9,122.6,2309.9,1808.1,138.8,NWIS_synthetic_sensor_timeseries.csv,DERIVED
2023-12-05T00:14:00,DUL-92,2182.8,15.05,18.28,10.67,122.8,2303.6,1782.4,137.7,NWIS_synthetic_sensor_timeseries.csv,DERIVED
2023-12-05T00:15:00,DUL-92,2183.0,14.7,17.27,10.88,118.9,2308.6,1789.5,138.8,NWIS_synthetic_sensor_timeseries.csv,DERIVED
2023-12-05T00:16:00,DUL-92,2183.2,14.95,17.7,11.02,122.6,2296.5,1785.7,138.3,NWIS_synthetic_sensor_timeseries.csv,DERIVED
2023-12-05T00:17:00,DUL-92,2183.4,15.32,18.52,10.77,120.3,2292.8,1803.9,137.5,NWIS_synthetic_sensor_timeseries.csv,DERIVED
2023-12-05T00:18:00,DUL-92,2183.6,15.33,17.58,11.37,117.7,2298.7,1782.4,138.5,NWIS_synthetic_sensor_timeseries.csv,DERIVED
2023-12-05T00:19:00,DUL-92,2183.8,15.2,17.23,10.58,119.7,2297.8,1794.5,138.8,NWIS_synthetic_sensor_timeseries.csv,DERIVED
2023-12-05T00:20:00,DUL-92,2184.0,14.51,18.5,10.4,123.0,2290.7,1819.2,137.6,NWIS_synthetic_sensor_timeseries.csv,DERIVED
2023-12-05T00:21:00,DUL-92,2184.2,14.99,17.38,10.45,119.6,2304.7,1816.8,138.7,NWIS_synthetic_sensor_timeseries.csv,DERIVED
2023-12-05T00:22:00,DUL-92,2184.4,15.44,17.5,11.18,120.9,2295.9,1781.1,138.6,NWIS_synthetic_sensor_timeseries.csv,DERIVED
2023-12-05T00:23:00,DUL-92,2184.6,14.8,18.28,11.48,118.1,2314.1,1786.7,137.8,NWIS_synthetic_sensor_timeseries.csv,DERIVED
2023-12-05T00:24:00,DUL-92,2184.8,15.24,17.37,11.46,119.0,2313.6,1794.7,138.7,NWIS_synthetic_sensor_timeseries.csv,DERIVED
2023-12-05T00:25:00,DUL-92,2185.0,15.33,17.08,10.82,118.4,2306.0,1812.8,139.0,NWIS_synthetic_sensor_timeseries.csv,DERIVED
2023-12-05T00:26:00,DUL-92,2185.2,15.44,18.0,11.57,120.0,2293.9,1803.2,138.1,NWIS_synthetic_sensor_timeseries.csv,DERIVED
2023-12-05T00:27:00,DUL-92,2185.4,14.66,18.94,11.26,119.7,2292.0,1797.6,137.2,NWIS_synthetic_sensor_timeseries.csv,DERIVED
2023-12-05T00:28:00,DUL-92,2185.6,14.5,18.71,11.31,122.0,2313.1,1791.3,137.4,NWIS_synthetic_sensor_timeseries.csv,DERIVED
2023-12-05T00:29:00,DUL-92,2185.8,14.92,17.88,11.02,119.0,2309.6,1816.2,138.3,NWIS_synthetic_sensor_timeseries.csv,DERIVED
2023-12-05T00:30:00,DUL-92,2186.0,14.94,17.7,10.71,120.4,2295.7,1792.9,138.5,NWIS_synthetic_sensor_timeseries.csv,DERIVED
2023-12-05T00:31:00,DUL-92,2186.2,15.41,18.95,11.66,122.2,2318.8,1812.4,137.2,NWIS_synthetic_sensor_timeseries.csv,DERIVED
2023-12-05T00:32:00,DUL-92,2186.4,15.11,18.14,11.25,118.8,2318.7,1805.9,138.1,NWIS_synthetic_sensor_timeseries.csv,DERIVED
2023-12-05T00:33:00,DUL-92,2186.6,15.39,17.38,10.78,117.2,2310.6,1783.4,138.8,NWIS_synthetic_sensor_timeseries.csv,DERIVED
2023-12-05T00:34:00,DUL-92,2186.8,15.08,18.06,10.82,119.5,2307.4,1784.6,138.2,NWIS_synthetic_sensor_timeseries.csv,DERIVED
2023-12-05T00:35:00,DUL-92,2187.0,15.05,18.72,11.55,117.7,2298.2,1801.2,137.5,NWIS_synthetic_sensor_timeseries.csv,DERIVED
2023-12-05T00:36:00,DUL-92,2187.2,15.05,18.15,10.98,118.4,2294.2,1803.5,138.1,NWIS_synthetic_sensor_timeseries.csv,DERIVED
2023-12-05T00:37:00,DUL-92,2187.4,14.57,18.73,10.87,119.6,2307.4,1810.3,137.5,NWIS_synthetic_sensor_timeseries.csv,DERIVED
2023-12-05T00:38:00,DUL-92,2187.6,15.22,18.66,11.69,117.6,2302.8,1818.4,137.6,NWIS_synthetic_sensor_timeseries.csv,DERIVED
2023-12-05T00:39:00,DUL-92,2187.8,14.64,17.12,11.38,121.7,2298.3,1780.6,139.1,NWIS_synthetic_sensor_timeseries.csv,DERIVED
2023-12-05T00:40:00,DUL-92,2188.0,14.8,17.85,10.6,121.2,2318.1,1814.9,138.4,NWIS_synthetic_sensor_timeseries.csv,DERIVED
2023-12-05T00:41:00,DUL-92,2188.2,15.37,18.49,11.58,118.0,2301.8,1807.2,137.8,NWIS_synthetic_sensor_timeseries.csv,DERIVED
2023-12-05T00:42:00,DUL-92,2188.4,14.87,18.9,10.47,121.4,2313.4,1804.2,137.4,NWIS_synthetic_sensor_timeseries.csv,DERIVED
2023-12-05T00:43:00,DUL-92,2188.6,15.3,18.85,11.07,117.7,2312.1,1787.7,137.5,NWIS_synthetic_sensor_timeseries.csv,DERIVED
2023-12-05T00:44:00,DUL-92,2188.8,15.08,17.04,11.47,117.7,2295.4,1787.4,139.3,NWIS_synthetic_sensor_timeseries.csv,DERIVED
2023-12-05T00:45:00,DUL-92,2189.0,15.19,17.29,10.71,119.3,2318.5,1807.6,139.0,NWIS_synthetic_sensor_timeseries.csv,DERIVED
2023-12-05T00:46:00,DUL-92,2189.2,14.51,17.3,11.63,119.1,2307.4,1812.0,139.0,NWIS_synthetic_sensor_timeseries.csv,DERIVED
2023-12-05T00:47:00,DUL-92,2189.4,15.32,17.79,10.56,121.1,2306.8,1813.8,138.6,NWIS_synthetic_sensor_timeseries.csv,DERIVED
2023-12-05T00:48:00,DUL-92,2189.6,15.11,17.66,11.52,117.5,2299.2,1803.6,138.7,NWIS_synthetic_sensor_timeseries.csv,DERIVED
2023-12-05T00:49:00,DUL-92,2189.8,14.86,18.15,10.54,119.8,2304.5,1780.2,138.2,NWIS_synthetic_sensor_timeseries.csv,DERIVED
2023-12-05T00:50:00,DUL-92,2190.0,14.52,18.97,10.77,119.8,2294.4,1806.8,137.4,NWIS_synthetic_sensor_timeseries.csv,DERIVED
2023-12-05T00:51:00,DUL-92,2190.2,15.0,18.14,10.68,118.6,2309.0,1819.7,138.2,NWIS_synthetic_sensor_timeseries.csv,DERIVED
2023-12-05T00:52:00,DUL-92,2190.4,15.27,18.55,11.08,122.2,2312.3,1794.5,137.8,NWIS_synthetic_sensor_timeseries.csv,DERIVED
2023-12-05T00:53:00,DUL-92,2190.6,15.37,18.36,11.41,122.6,2302.6,1809.6,138.0,NWIS_synthetic_sensor_timeseries.csv,DERIVED
2023-12-05T00:54:00,DUL-92,2190.8,14.85,17.81,11.19,120.3,2295.5,1792.9,138.6,NWIS_synthetic_sensor_timeseries.csv,DERIVED
2023-12-05T00:55:00,DUL-92,2191.0,14.87,17.47,10.97,118.5,2304.3,1780.3,139.0,NWIS_synthetic_sensor_timeseries.csv,DERIVED
2023-12-05T00:56:00,DUL-92,2191.2,14.95,17.6,10.93,120.4,2299.0,1792.1,138.8,NWIS_synthetic_sensor_timeseries.csv,DERIVED
2023-12-05T00:57:00,DUL-92,2191.4,15.05,17.68,11.32,122.6,2321.8,1783.2,138.8,NWIS_synthetic_sensor_timeseries.csv,DERIVED
2023-12-05T00:58:00,DUL-92,2191.6,15.49,18.55,11.11,119.1,2307.1,1782.7,137.9,NWIS_synthetic_sensor_timeseries.csv,DERIVED
2023-12-05T00:59:00,DUL-92,2191.8,14.78,17.05,11.56,118.5,2299.4,1808.2,139.4,NWIS_synthetic_sensor_timeseries.csv,DERIVED
2023-12-05T01:00:00,DUL-92,2192.0,14.7,18.73,10.86,120.6,2314.0,1809.4,137.7,NWIS_synthetic_sensor_timeseries.csv,DERIVED
2023-12-05T01:01:00,DUL-92,2192.2,14.58,18.75,11.14,121.9,2305.0,1787.5,137.7,NWIS_synthetic_sensor_timeseries.csv,DERIVED
2023-12-05T01:02:00,DUL-92,2192.4,15.14,17.42,11.53,122.5,2304.7,1806.0,139.1,NWIS_synthetic_sensor_timeseries.csv,DERIVED
2023-12-05T01:03:00,DUL-92,2192.6,14.84,17.83,11.25,117.3,2296.4,1793.4,138.7,NWIS_synthetic_sensor_timeseries.csv,DERIVED
2023-12-05T01:04:00,DUL-92,2192.8,14.76,17.03,11.14,119.8,2323.0,1819.5,139.5,NWIS_synthetic_sensor_timeseries.csv,DERIVED
2023-12-05T01:05:00,DUL-92,2193.0,15.22,17.19,11.16,119.0,2300.1,1810.7,139.3,NWIS_synthetic_sensor_timeseries.csv,DERIVED
2023-12-05T01:06:00,DUL-92,2193.2,14.92,18.18,11.44,120.2,2312.2,1804.1,138.3,NWIS_synthetic_sensor_timeseries.csv,DERIVED
2023-12-05T01:07:00,DUL-92,2193.4,14.76,18.53,11.34,121.3,2319.0,1810.9,138.0,NWIS_synthetic_sensor_timeseries.csv,DERIVED
2023-12-05T01:08:00,DUL-92,2193.6,14.78,18.88,10.93,120.1,2299.8,1799.0,137.7,NWIS_synthetic_sensor_timeseries.csv,DERIVED
2023-12-05T01:09:00,DUL-92,2193.8,14.86,17.46,11.38,122.9,2318.7,1781.1,139.1,NWIS_synthetic_sensor_timeseries.csv,DERIVED
2023-12-05T01:10:00,DUL-92,2194.0,15.0,17.36,10.38,120.3,2324.4,1786.0,139.2,NWIS_synthetic_sensor_timeseries.csv,DERIVED
2023-12-05T01:11:00,DUL-92,2194.2,15.42,17.06,11.33,118.0,2319.7,1819.3,139.5,NWIS_synthetic_sensor_timeseries.csv,DERIVED
2023-12-05T01:12:00,DUL-92,2194.4,14.84,17.92,11.19,121.8,2306.2,1784.3,138.7,NWIS_synthetic_sensor_timeseries.csv,DERIVED
2023-12-05T01:13:00,DUL-92,2194.6,15.15,18.73,10.39,119.4,2298.5,1796.4,137.9,NWIS_synthetic_sensor_timeseries.csv,DERIVED
2023-12-05T01:14:00,DUL-92,2194.8,15.13,17.5,11.62,118.3,2304.7,1789.3,139.1,NWIS_synthetic_sensor_timeseries.csv,DERIVED
2023-12-05T01:15:00,DUL-92,2195.0,15.14,18.99,11.36,118.8,2303.5,1786.3,137.6,NWIS_synthetic_sensor_timeseries.csv,DERIVED
2023-12-05T01:16:00,DUL-92,2195.2,14.77,18.65,11.52,121.5,2305.6,1799.4,138.0,NWIS_synthetic_sensor_timeseries.csv,DERIVED
2023-12-05T01:17:00,DUL-92,2195.4,15.18,17.91,10.53,120.6,2314.7,1788.4,138.7,NWIS_synthetic_sensor_timeseries.csv,DERIVED
2023-12-05T01:18:00,DUL-92,2195.6,15.28,17.36,10.8,122.2,2323.4,1791.9,139.3,NWIS_synthetic_sensor_timeseries.csv,DERIVED
2023-12-05T01:19:00,DUL-92,2195.8,15.47,18.82,10.46,117.1,2302.2,1783.9,137.8,NWIS_synthetic_sensor_timeseries.csv,DERIVED
2023-12-05T01:20:00,DUL-92,2196.0,14.59,18.84,11.26,119.0,2319.3,1819.2,137.8,NWIS_synthetic_sensor_timeseries.csv,DERIVED
2023-12-05T01:21:00,DUL-92,2196.2,15.29,17.08,10.63,121.1,2313.1,1797.2,139.6,NWIS_synthetic_sensor_timeseries.csv,DERIVED
2023-12-05T01:22:00,DUL-92,2196.4,15.49,18.76,10.33,118.9,2301.7,1785.4,137.9,NWIS_synthetic_sensor_timeseries.csv,DERIVED
2023-12-05T01:23:00,DUL-92,2196.6,15.19,18.48,10.55,117.9,2313.3,1794.1,138.2,NWIS_synthetic_sensor_timeseries.csv,DERIVED
2023-12-05T01:24:00,DUL-92,2196.8,14.85,18.94,11.59,118.3,2324.9,1790.9,137.8,NWIS_synthetic_sensor_timeseries.csv,DERIVED
2023-12-05T01:25:00,DUL-92,2197.0,14.57,18.02,10.67,117.3,2310.8,1794.5,138.7,NWIS_synthetic_sensor_timeseries.csv,DERIVED
2023-12-05T01:26:00,DUL-92,2197.2,15.15,18.1,11.26,120.3,2319.5,1815.0,138.6,NWIS_synthetic_sensor_timeseries.csv,DERIVED
2023-12-05T01:27:00,DUL-92,2197.4,14.82,18.95,10.86,119.5,2310.5,1796.4,137.8,NWIS_synthetic_sensor_timeseries.csv,DERIVED
2023-12-05T01:28:00,DUL-92,2197.6,14.51,18.85,11.7,120.6,2306.7,1795.1,137.9,NWIS_synthetic_sensor_timeseries.csv,DERIVED
2023-12-05T01:29:00,DUL-92,2197.8,14.62,18.57,10.58,122.1,2326.5,1807.8,138.2,NWIS_synthetic_sensor_timeseries.csv,DERIVED
2023-12-05T01:30:00,DUL-92,2198.0,15.05,18.94,11.2,118.9,2299.4,1814.1,137.8,NWIS_synthetic_sensor_timeseries.csv,DERIVED
2023-12-05T01:31:00,DUL-92,2198.2,15.49,18.26,11.13,118.4,2321.9,1808.5,138.5,NWIS_synthetic_sensor_timeseries.csv,DERIVED
2023-12-05T01:32:00,DUL-92,2198.4,15.11,17.64,11.04,121.1,2318.6,1788.9,139.1,NWIS_synthetic_sensor_timeseries.csv,DERIVED
2023-12-05T01:33:00,DUL-92,2198.6,15.41,18.44,10.67,119.8,2315.5,1788.8,138.3,NWIS_synthetic_sensor_timeseries.csv,DERIVED
2023-12-05T01:34:00,DUL-92,2198.8,15.03,18.05,11.6,120.1,2324.4,1786.9,138.7,NWIS_synthetic_sensor_timeseries.csv,DERIVED
2023-12-05T01:35:00,DUL-92,2199.0,15.14,18.79,10.94,122.0,2326.2,1795.3,138.0,NWIS_synthetic_sensor_timeseries.csv,DERIVED
2023-12-05T01:36:00,DUL-92,2199.2,14.62,17.5,11.44,117.9,2303.4,1812.1,139.3,NWIS_synthetic_sensor_timeseries.csv,DERIVED
2023-12-05T01:37:00,DUL-92,2199.4,14.59,18.99,10.93,119.4,2321.4,1799.1,137.8,NWIS_synthetic_sensor_timeseries.csv,DERIVED
2023-12-05T01:38:00,DUL-92,2199.6,14.65,17.73,11.36,121.1,2316.3,1794.8,139.1,NWIS_synthetic_sensor_timeseries.csv,DERIVED
2023-12-05T01:39:00,DUL-92,2199.8,14.52,18.14,10.83,118.2,2302.6,1808.7,138.7,NWIS_synthetic_sensor_timeseries.csv,DERIVED
2023-12-05T01:40:00,DUL-92,2200.0,14.74,17.18,10.75,122.0,2320.1,1788.1,139.7,NWIS_synthetic_sensor_timeseries.csv,DERIVED
2023-12-05T01:41:00,DUL-92,2200.2,15.12,17.09,11.41,119.2,2314.4,1808.5,139.8,NWIS_synthetic_sensor_timeseries.csv,DERIVED
2023-12-05T01:42:00,DUL-92,2200.4,15.15,17.7,10.87,121.9,2312.9,1817.0,139.2,NWIS_synthetic_sensor_timeseries.csv,DERIVED
2023-12-05T01:43:00,DUL-92,2200.6,15.21,18.33,11.66,119.2,2311.4,1810.2,138.6,NWIS_synthetic_sensor_timeseries.csv,DERIVED
2023-12-05T01:44:00,DUL-92,2200.8,15.0,18.51,11.04,122.4,2302.4,1798.5,138.4,NWIS_synthetic_sensor_timeseries.csv,DERIVED
2023-12-05T01:45:00,DUL-92,2201.0,14.91,18.78,11.48,119.8,2315.0,1800.5,138.1,NWIS_synthetic_sensor_timeseries.csv,DERIVED
2023-12-05T01:46:00,DUL-92,2201.2,15.24,17.08,11.24,119.4,2322.4,1810.8,139.8,NWIS_synthetic_sensor_timeseries.csv,DERIVED
2023-12-05T01:47:00,DUL-92,2201.4,14.72,18.63,10.47,117.5,2305.2,1810.1,138.3,NWIS_synthetic_sensor_timeseries.csv,DERIVED
2023-12-05T01:48:00,DUL-92,2201.6,15.18,17.97,10.38,121.3,2303.9,1796.7,139.0,NWIS_synthetic_sensor_timeseries.csv,DERIVED
2023-12-05T01:49:00,DUL-92,2201.8,15.32,17.29,11.7,122.2,2312.5,1780.2,139.7,NWIS_synthetic_sensor_timeseries.csv,DERIVED
2023-12-05T01:50:00,DUL-92,2202.0,14.76,17.51,10.68,118.9,2328.4,1800.4,139.4,NWIS_synthetic_sensor_timeseries.csv,DERIVED
2023-12-05T01:51:00,DUL-92,2202.2,14.8,18.6,10.37,122.2,2328.5,1788.1,138.4,NWIS_synthetic_sensor_timeseries.csv,DERIVED
2023-12-05T01:52:00,DUL-92,2202.4,14.87,17.98,11.05,119.8,2320.4,1812.1,139.0,NWIS_synthetic_sensor_timeseries.csv,DERIVED
2023-12-05T01:53:00,DUL-92,2202.6,15.06,17.63,11.59,117.3,2319.1,1802.6,139.4,NWIS_synthetic_sensor_timeseries.csv,DERIVED
2023-12-05T01:54:00,DUL-92,2202.8,15.3,18.42,10.68,118.7,2327.3,1798.2,138.6,NWIS_synthetic_sensor_timeseries.csv,DERIVED
2023-12-05T01:55:00,DUL-92,2203.0,15.38,17.87,10.92,117.3,2322.6,1814.5,139.1,NWIS_synthetic_sensor_timeseries.csv,DERIVED
2023-12-05T01:56:00,DUL-92,2203.2,14.68,18.12,11.13,122.5,2327.6,1807.0,138.9,NWIS_synthetic_sensor_timeseries.csv,DERIVED
2023-12-05T01:57:00,DUL-92,2203.4,14.71,17.29,10.71,122.0,2331.3,1784.0,139.7,NWIS_synthetic_sensor_timeseries.csv,DERIVED
2023-12-05T01:58:00,DUL-92,2203.6,15.45,18.32,11.4,119.5,2311.6,1807.4,138.7,NWIS_synthetic_sensor_timeseries.csv,DERIVED
2023-12-05T01:59:00,DUL-92,2203.8,15.2,18.67,10.38,117.3,2312.8,1803.3,138.4,NWIS_synthetic_sensor_timeseries.csv,DERIVED
2023-12-05T02:00:00,DUL-92,2204.0,14.65,17.65,11.08,122.5,2329.4,1812.0,139.4,NWIS_synthetic_sensor_timeseries.csv,DERIVED
2023-12-05T02:01:00,DUL-92,2204.2,14.53,18.28,10.85,119.3,2311.1,1783.7,138.8,NWIS_synthetic_sensor_timeseries.csv,DERIVED
2023-12-05T02:02:00,DUL-92,2204.4,14.93,17.23,11.32,121.1,2329.4,1816.9,139.8,NWIS_synthetic_sensor_timeseries.csv,DERIVED
2023-12-05T02:03:00,DUL-92,2204.6,15.03,17.7,11.62,118.7,2327.2,1817.2,139.4,NWIS_synthetic_sensor_timeseries.csv,DERIVED
2023-12-05T02:04:00,DUL-92,2204.8,15.36,18.08,10.98,120.6,2307.5,1790.8,139.0,NWIS_synthetic_sensor_timeseries.csv,DERIVED
2023-12-05T02:05:00,DUL-92,2205.0,13.78,17.06,12.69,122.5,2323.0,1793.8,140.0,NWIS_synthetic_sensor_timeseries.csv,DERIVED
2023-12-05T02:06:00,DUL-92,2205.2,13.4,17.9,12.91,119.0,2312.6,1787.2,139.2,NWIS_synthetic_sensor_timeseries.csv,DERIVED
2023-12-05T02:07:00,DUL-92,2205.4,13.18,17.19,12.8,120.4,2321.9,1803.8,139.9,NWIS_synthetic_sensor_timeseries.csv,DERIVED
2023-12-05T02:08:00,DUL-92,2205.6,13.29,18.29,12.87,117.6,2309.4,1794.1,138.8,NWIS_synthetic_sensor_timeseries.csv,DERIVED
2023-12-05T02:09:00,DUL-92,2205.8,12.77,18.88,14.73,118.0,2315.6,1814.9,138.3,NWIS_synthetic_sensor_timeseries.csv,DERIVED
2023-12-05T02:10:00,DUL-92,2206.0,12.48,17.23,14.3,122.3,2320.7,1784.7,139.9,NWIS_synthetic_sensor_timeseries.csv,DERIVED
2023-12-05T02:11:00,DUL-92,2206.2,12.59,17.73,14.93,120.0,2311.9,1788.1,139.4,NWIS_synthetic_sensor_timeseries.csv,DERIVED
2023-12-05T02:12:00,DUL-92,2206.4,12.62,18.78,15.68,120.0,2306.6,1799.5,141.4,NWIS_synthetic_sensor_timeseries.csv,DERIVED
2023-12-05T02:13:00,DUL-92,2206.6,12.23,18.5,16.94,118.4,2310.9,1781.2,147.4,NWIS_synthetic_sensor_timeseries.csv,DERIVED
2023-12-05T02:14:00,DUL-92,2206.8,11.67,17.17,17.44,122.3,2323.8,1803.8,151.0,NWIS_synthetic_sensor_timeseries.csv,DERIVED
2023-12-05T02:15:00,DUL-92,2207.0,11.25,18.2,18.42,118.5,2336.1,1804.7,154.4,NWIS_synthetic_sensor_timeseries.csv,DERIVED
2023-12-05T02:16:00,DUL-92,2207.2,11.23,17.92,19.23,121.9,2334.4,1817.6,158.3,NWIS_synthetic_sensor_timeseries.csv,DERIVED
2023-12-05T02:17:00,DUL-92,2207.4,10.79,18.47,19.01,118.5,2327.3,1793.8,156.8,NWIS_synthetic_sensor_timeseries.csv,DERIVED
2023-12-05T02:18:00,DUL-92,2207.6,10.66,18.95,19.2,119.0,2337.0,1799.2,157.2,NWIS_synthetic_sensor_timeseries.csv,DERIVED
2023-12-05T02:19:00,DUL-92,2207.8,10.97,18.27,20.96,121.5,2313.2,1813.8,165.8,NWIS_synthetic_sensor_timeseries.csv,DERIVED
2023-12-05T02:20:00,DUL-92,2208.0,10.57,17.32,20.18,119.1,2336.4,1809.8,163.2,NWIS_synthetic_sensor_timeseries.csv,DERIVED
2023-12-05T02:21:00,DUL-92,2208.2,10.51,18.49,22.26,122.4,2332.5,1803.6,171.4,NWIS_synthetic_sensor_timeseries.csv,DERIVED
2023-12-05T02:22:00,DUL-92,2208.4,10.15,17.6,22.85,122.2,2336.5,1817.8,175.0,NWIS_synthetic_sensor_timeseries.csv,DERIVED
2023-12-05T02:23:00,DUL-92,2208.6,9.91,18.68,23.74,118.5,2314.8,1798.3,177.9,NWIS_synthetic_sensor_timeseries.csv,DERIVED
2023-12-05T02:24:00,DUL-92,2208.8,9.77,18.42,23.39,121.1,2319.8,1811.7,176.6,NWIS_synthetic_sensor_timeseries.csv,DERIVED
2023-12-05T02:25:00,DUL-92,2209.0,9.46,17.17,24.88,119.4,2327.8,1793.6,184.6,NWIS_synthetic_sensor_timeseries.csv,DERIVED
2023-12-05T02:26:00,DUL-92,2209.2,9.19,17.98,25.27,117.0,2308.9,1812.5,185.5,NWIS_synthetic_sensor_timeseries.csv,DERIVED
2023-12-05T02:27:00,DUL-92,2209.4,8.69,17.43,25.41,119.0,2319.1,1804.8,186.7,NWIS_synthetic_sensor_timeseries.csv,DERIVED
2023-12-05T02:28:00,DUL-92,2209.6,8.3,17.88,24.98,121.2,2328.5,1784.8,184.4,NWIS_synthetic_sensor_timeseries.csv,DERIVED
2023-12-05T02:29:00,DUL-92,2209.8,8.5,17.54,25.48,118.1,2337.6,1789.0,187.0,NWIS_synthetic_sensor_timeseries.csv,DERIVED
2023-12-05T02:30:00,DUL-92,2210.0,8.32,18.0,27.22,119.4,2337.7,1819.5,194.3,NWIS_synthetic_sensor_timeseries.csv,DERIVED
2023-12-05T02:31:00,DUL-92,2210.2,7.49,17.0,28.26,120.2,2314.4,1798.2,200.0,NWIS_synthetic_sensor_timeseries.csv,DERIVED
2023-12-05T02:32:00,DUL-92,2210.4,7.4,18.11,27.7,117.6,2335.2,1795.1,196.4,NWIS_synthetic_sensor_timeseries.csv,DERIVED
2023-12-05T02:33:00,DUL-92,2210.6,7.41,18.25,29.59,117.5,2322.8,1794.5,204.8,NWIS_synthetic_sensor_timeseries.csv,DERIVED
2023-12-05T02:34:00,DUL-92,2210.8,6.94,18.35,29.66,120.1,2336.9,1794.5,205.0,NWIS_synthetic_sensor_timeseries.csv,DERIVED
2023-12-05T02:35:00,DUL-92,2211.0,7.07,18.11,29.11,121.1,2323.2,1815.6,202.8,NWIS_synthetic_sensor_timeseries.csv,DERIVED
2023-12-05T02:36:00,DUL-92,2211.2,6.19,17.27,31.1,119.0,2338.5,1785.8,212.6,NWIS_synthetic_sensor_timeseries.csv,DERIVED
2023-12-05T02:37:00,DUL-92,2211.4,5.96,18.49,31.35,119.4,2329.4,1810.5,212.5,NWIS_synthetic_sensor_timeseries.csv,DERIVED
2023-12-05T02:38:00,DUL-92,2211.6,6.02,18.3,31.89,122.9,2334.4,1795.2,215.1,NWIS_synthetic_sensor_timeseries.csv,DERIVED
2023-12-05T02:39:00,DUL-92,2211.8,5.99,17.32,32.82,118.7,2327.7,1811.7,220.3,NWIS_synthetic_sensor_timeseries.csv,DERIVED
2023-12-05T02:40:00,DUL-92,2212.0,5.61,17.32,32.28,122.3,2332.8,1792.5,217.9,NWIS_synthetic_sensor_timeseries.csv,DERIVED
2023-12-05T02:41:00,DUL-92,2212.2,5.27,18.92,33.2,122.8,2316.4,1817.7,220.4,NWIS_synthetic_sensor_timeseries.csv,DERIVED
2023-12-05T02:42:00,DUL-92,2212.4,5.07,17.52,33.84,117.7,2322.7,1818.5,224.7,NWIS_synthetic_sensor_timeseries.csv,DERIVED
2023-12-05T02:43:00,DUL-92,2212.6,5.21,18.67,34.21,119.7,2330.2,1792.6,225.2,NWIS_synthetic_sensor_timeseries.csv,DERIVED
2023-12-05T02:44:00,DUL-92,2212.8,4.62,18.34,35.91,120.4,2333.8,1794.5,233.2,NWIS_synthetic_sensor_timeseries.csv,DERIVED
2023-12-05T02:45:00,DUL-92,2213.0,4.23,17.52,36.06,120.8,2334.5,1813.1,234.7,NWIS_synthetic_sensor_timeseries.csv,DERIVED
2023-12-05T02:46:00,DUL-92,2213.2,4.51,17.49,36.31,118.6,2313.7,1810.1,235.9,NWIS_synthetic_sensor_timeseries.csv,DERIVED
2023-12-05T02:47:00,DUL-92,2213.4,4.17,17.61,37.03,117.7,2331.1,1805.4,239.0,NWIS_synthetic_sensor_timeseries.csv,DERIVED
2023-12-05T02:48:00,DUL-92,2213.6,4.0,18.48,38.35,122.6,2322.1,1812.2,244.1,NWIS_synthetic_sensor_timeseries.csv,DERIVED
2023-12-05T02:49:00,DUL-92,2213.8,4.0,18.04,37.77,120.2,2332.1,1785.3,242.0,NWIS_synthetic_sensor_timeseries.csv,DERIVED
2023-12-05T02:50:00,DUL-92,2214.0,4.0,18.7,38.13,120.0,2332.2,1796.1,242.9,NWIS_synthetic_sensor_timeseries.csv,DERIVED
2023-12-05T02:51:00,DUL-92,2214.2,4.0,18.68,39.15,121.7,2316.9,1810.2,247.5,NWIS_synthetic_sensor_timeseries.csv,DERIVED
2023-12-05T02:52:00,DUL-92,2214.4,4.0,18.64,41.0,121.5,2332.0,1785.3,255.9,NWIS_synthetic_sensor_timeseries.csv,DERIVED
2023-12-05T02:53:00,DUL-92,2214.6,4.0,17.13,41.21,118.7,2330.8,1790.9,258.4,NWIS_synthetic_sensor_timeseries.csv,DERIVED
2023-12-05T02:54:00,DUL-92,2214.8,4.0,18.95,40.85,121.1,2336.9,1808.0,255.0,NWIS_synthetic_sensor_timeseries.csv,DERIVED
2023-12-05T02:55:00,DUL-92,2215.0,4.0,18.26,42.68,117.0,2317.2,1782.4,263.9,NWIS_synthetic_sensor_timeseries.csv,DERIVED
2023-12-05T02:56:00,DUL-92,2215.2,4.0,18.65,42.71,117.2,2316.5,1805.2,263.6,NWIS_synthetic_sensor_timeseries.csv,DERIVED
2023-12-05T02:57:00,DUL-92,2215.4,4.0,18.59,42.86,118.3,2319.6,1812.3,264.4,NWIS_synthetic_sensor_timeseries.csv,DERIVED
2023-12-05T02:58:00,DUL-92,2215.6,4.0,18.01,42.86,117.2,2326.2,1805.2,265.0,NWIS_synthetic_sensor_timeseries.csv,DERIVED
2023-12-05T02:59:00,DUL-92,2215.8,4.0,18.18,44.57,120.1,2320.4,1819.8,272.5,NWIS_synthetic_sensor_timeseries.csv,DERIVED
2023-12-05T03:00:00,DUL-92,2216.0,4.0,17.14,45.92,122.9,2328.1,1798.2,279.6,NWIS_synthetic_sensor_timeseries.csv,DERIVED
2023-12-05T03:01:00,DUL-92,2216.2,4.0,17.38,46.02,119.1,2326.0,1787.8,279.9,NWIS_synthetic_sensor_timeseries.csv,DERIVED
2023-12-05T03:02:00,DUL-92,2216.4,4.0,18.41,46.23,118.2,2320.0,1802.4,279.8,NWIS_synthetic_sensor_timeseries.csv,DERIVED
2023-12-05T03:03:00,DUL-92,2216.6,4.0,18.84,47.75,122.7,2336.0,1782.5,286.2,NWIS_synthetic_sensor_timeseries.csv,DERIVED
2023-12-05T03:04:00,DUL-92,2216.8,4.0,18.26,46.43,121.3,2322.4,1786.5,280.8,NWIS_synthetic_sensor_timeseries.csv,DERIVED
2023-12-05T03:05:00,DUL-92,2217.0,4.0,17.35,48.98,117.3,2325.3,1812.2,293.2,NWIS_synthetic_sensor_timeseries.csv,DERIVED
2023-12-05T03:06:00,DUL-92,2217.2,4.0,18.55,47.8,117.9,2328.9,1816.5,286.7,NWIS_synthetic_sensor_timeseries.csv,DERIVED
2023-12-05T03:07:00,DUL-92,2217.4,4.0,17.22,49.15,117.8,2331.8,1788.4,294.2,NWIS_synthetic_sensor_timeseries.csv,DERIVED
2023-12-05T03:08:00,DUL-92,2217.6,4.0,18.89,48.84,121.3,2344.5,1809.3,291.1,NWIS_synthetic_sensor_timeseries.csv,DERIVED
2023-12-05T03:09:00,DUL-92,2217.8,4.0,17.03,51.02,117.8,2321.7,1795.2,302.8,NWIS_synthetic_sensor_timeseries.csv,DERIVED
2023-12-05T03:10:00,DUL-92,2218.0,4.0,17.09,51.66,119.8,2342.1,1782.8,305.6,NWIS_synthetic_sensor_timeseries.csv,DERIVED
2023-12-05T03:11:00,DUL-92,2218.2,4.0,18.28,51.85,119.9,2321.7,1816.2,305.3,NWIS_synthetic_sensor_timeseries.csv,DERIVED
2023-12-05T03:12:00,DUL-92,2218.4,4.0,17.4,51.41,117.8,2329.4,1805.5,304.2,NWIS_synthetic_sensor_timeseries.csv,DERIVED
2023-12-05T03:13:00,DUL-92,2218.6,4.0,17.11,52.68,121.3,2330.0,1806.9,310.2,NWIS_synthetic_sensor_timeseries.csv,DERIVED
2023-12-05T03:14:00,DUL-92,2218.8,4.0,17.94,52.88,121.2,2320.3,1804.0,310.3,NWIS_synthetic_sensor_timeseries.csv,DERIVED
2023-12-05T03:15:00,DUL-92,2219.0,4.0,17.78,53.48,118.4,2339.8,1805.4,313.2,NWIS_synthetic_sensor_timeseries.csv,DERIVED
2023-12-05T03:16:00,DUL-92,2219.2,4.0,18.61,53.68,122.9,2317.5,1789.6,313.2,NWIS_synthetic_sensor_timeseries.csv,DERIVED
2023-12-05T03:17:00,DUL-92,2219.4,4.0,18.28,54.64,122.6,2344.1,1786.1,317.9,NWIS_synthetic_sensor_timeseries.csv,DERIVED
2023-12-05T03:18:00,DUL-92,2219.6,4.0,18.42,56.31,122.8,2322.3,1786.5,325.3,NWIS_synthetic_sensor_timeseries.csv,DERIVED
2023-12-05T03:19:00,DUL-92,2219.8,4.0,18.83,55.61,122.3,2316.9,1802.2,321.7,NWIS_synthetic_sensor_timeseries.csv,DERIVED
2023-12-05T03:20:00,DUL-92,2220.0,4.0,18.6,57.0,120.6,2319.3,1801.8,328.2,NWIS_synthetic_sensor_timeseries.csv,DERIVED
2023-12-05T03:21:00,DUL-92,2220.2,4.0,17.05,57.39,121.5,2342.0,1798.3,331.5,NWIS_synthetic_sensor_timeseries.csv,DERIVED
2023-12-05T03:22:00,DUL-92,2220.4,4.0,17.22,58.5,119.6,2346.6,1794.1,336.4,NWIS_synthetic_sensor_timeseries.csv,DERIVED
2023-12-05T03:23:00,DUL-92,2220.6,4.0,17.2,59.26,122.1,2328.5,1810.5,339.8,NWIS_synthetic_sensor_timeseries.csv,DERIVED
2023-12-05T03:24:00,DUL-92,2220.8,4.0,17.01,59.61,121.6,2319.9,1807.7,341.6,NWIS_synthetic_sensor_timeseries.csv,DERIVED
2023-12-05T03:25:00,DUL-92,2221.0,4.0,18.22,60.04,119.4,2337.3,1809.3,342.3,NWIS_synthetic_sensor_timeseries.csv,DERIVED
2023-12-05T03:26:00,DUL-92,2221.2,4.0,17.06,61.43,121.3,2338.4,1797.2,349.8,NWIS_synthetic_sensor_timeseries.csv,DERIVED
2023-12-05T03:27:00,DUL-92,2221.4,4.0,18.41,60.56,119.7,2325.7,1793.9,344.5,NWIS_synthetic_sensor_timeseries.csv,DERIVED
2023-12-05T03:28:00,DUL-92,2221.6,4.0,18.31,60.99,122.9,2346.2,1813.5,346.6,NWIS_synthetic_sensor_timeseries.csv,DERIVED
2023-12-05T03:29:00,DUL-92,2221.8,4.0,17.82,62.91,118.5,2319.1,1815.5,355.7,NWIS_synthetic_sensor_timeseries.csv,DERIVED
2023-12-05T03:30:00,DUL-92,2222.0,4.0,18.78,62.66,121.6,2342.4,1784.2,353.6,NWIS_synthetic_sensor_timeseries.csv,DERIVED
2023-12-05T03:31:00,DUL-92,2222.2,4.0,18.07,63.23,119.2,2347.7,1801.2,356.9,NWIS_synthetic_sensor_timeseries.csv,DERIVED
2023-12-05T03:32:00,DUL-92,2222.4,4.0,18.83,64.28,119.4,2339.6,1783.6,360.9,NWIS_synthetic_sensor_timeseries.csv,DERIVED
2023-12-05T03:33:00,DUL-92,2222.6,4.0,17.52,64.37,117.1,2340.6,1787.1,362.6,NWIS_synthetic_sensor_timeseries.csv,DERIVED
2023-12-05T03:34:00,DUL-92,2222.8,4.0,18.51,65.77,121.5,2326.7,1781.1,367.9,NWIS_synthetic_sensor_timeseries.csv,DERIVED
2023-12-05T03:35:00,DUL-92,2223.0,4.0,18.29,65.42,122.8,2337.1,1803.9,366.6,NWIS_synthetic_sensor_timeseries.csv,DERIVED
2023-12-05T03:36:00,DUL-92,2223.2,4.0,17.03,66.21,117.4,2330.4,1784.5,371.4,NWIS_synthetic_sensor_timeseries.csv,DERIVED
2023-12-05T03:37:00,DUL-92,2223.4,4.0,18.54,68.14,118.6,2325.1,1792.1,378.6,NWIS_synthetic_sensor_timeseries.csv,DERIVED
2023-12-05T03:38:00,DUL-92,2223.6,4.0,17.19,68.18,121.4,2347.8,1813.3,380.1,NWIS_synthetic_sensor_timeseries.csv,DERIVED
2023-12-05T03:39:00,DUL-92,2223.8,4.0,18.61,69.06,122.1,2340.2,1780.4,382.7,NWIS_synthetic_sensor_timeseries.csv,DERIVED
2023-12-05T03:40:00,DUL-92,2224.0,4.0,18.17,69.81,121.0,2340.0,1785.7,386.5,NWIS_synthetic_sensor_timeseries.csv,DERIVED
2023-12-05T03:41:00,DUL-92,2224.2,4.0,18.14,70.57,120.9,2327.1,1780.6,390.0,NWIS_synthetic_sensor_timeseries.csv,DERIVED
2023-12-05T03:42:00,DUL-92,2224.4,4.0,18.45,69.46,119.2,2324.7,1790.1,384.7,NWIS_synthetic_sensor_timeseries.csv,DERIVED
2023-12-05T03:43:00,DUL-92,2224.6,4.0,18.59,70.85,118.5,2329.2,1810.6,390.8,NWIS_synthetic_sensor_timeseries.csv,DERIVED
2023-12-05T03:44:00,DUL-92,2224.8,4.0,17.73,70.79,119.3,2340.1,1814.8,391.4,NWIS_synthetic_sensor_timeseries.csv,DERIVED
2023-12-05T03:45:00,DUL-92,2225.0,4.0,17.06,72.33,118.4,2334.2,1798.4,399.0,NWIS_synthetic_sensor_timeseries.csv,DERIVED
2023-12-05T03:46:00,DUL-92,2225.2,4.0,17.35,71.79,119.9,2328.1,1784.7,396.3,NWIS_synthetic_sensor_timeseries.csv,DERIVED
2023-12-05T03:47:00,DUL-92,2225.4,4.0,18.11,72.92,122.6,2323.5,1809.8,400.6,NWIS_synthetic_sensor_timeseries.csv,DERIVED
2023-12-05T03:48:00,DUL-92,2225.6,4.0,17.22,74.54,122.1,2349.8,1789.6,408.8,NWIS_synthetic_sensor_timeseries.csv,DERIVED
2023-12-05T03:49:00,DUL-92,2225.8,4.0,17.53,75.13,117.5,2349.4,1809.3,411.2,NWIS_synthetic_sensor_timeseries.csv,DERIVED
2023-12-05T03:50:00,DUL-92,2226.0,4.0,18.33,74.91,118.2,2332.6,1819.4,409.4,NWIS_synthetic_sensor_timeseries.csv,DERIVED
2023-12-05T03:51:00,DUL-92,2226.2,4.0,18.03,74.96,120.9,2322.7,1809.6,409.9,NWIS_synthetic_sensor_timeseries.csv,DERIVED
2023-12-05T03:52:00,DUL-92,2226.4,4.0,18.3,75.67,120.6,2326.5,1817.8,412.9,NWIS_synthetic_sensor_timeseries.csv,DERIVED
2023-12-05T03:53:00,DUL-92,2226.6,4.0,17.36,77.51,122.4,2329.1,1816.1,422.1,NWIS_synthetic_sensor_timeseries.csv,DERIVED
2023-12-05T03:54:00,DUL-92,2226.8,4.0,17.28,76.83,119.6,2328.2,1803.3,419.1,NWIS_synthetic_sensor_timeseries.csv,DERIVED
2023-12-05T03:55:00,DUL-92,2227.0,4.0,18.9,77.8,117.1,2329.6,1800.5,421.9,NWIS_synthetic_sensor_timeseries.csv,DERIVED
2023-12-05T03:56:00,DUL-92,2227.2,4.0,17.43,78.58,120.7,2347.8,1820.0,426.9,NWIS_synthetic_sensor_timeseries.csv,DERIVED
2023-12-05T03:57:00,DUL-92,2227.4,4.0,17.81,78.65,118.9,2333.2,1780.9,426.8,NWIS_synthetic_sensor_timeseries.csv,DERIVED
2023-12-05T03:58:00,DUL-92,2227.6,4.0,18.22,79.12,117.0,2330.8,1802.5,428.5,NWIS_synthetic_sensor_timeseries.csv,DERIVED
2023-12-05T03:59:00,DUL-92,2227.8,4.0,18.92,79.68,117.7,2327.7,1800.9,430.3,NWIS_synthetic_sensor_timeseries.csv,DERIVED
2023-12-05T00:00:00,DUL-99,3200.0,14.56,17.34,11.54,118.4,2302.6,1796.4,188.1,NWIS_synthetic_sensor_timeseries.csv,DERIVED
2023-12-05T00:01:00,DUL-99,3200.2,15.36,17.54,11.23,122.7,2313.4,1782.1,187.9,NWIS_synthetic_sensor_timeseries.csv,DERIVED
2023-12-05T00:02:00,DUL-99,3200.4,14.52,17.58,10.45,118.7,2314.3,1796.8,187.9,NWIS_synthetic_sensor_timeseries.csv,DERIVED
2023-12-05T00:03:00,DUL-99,3200.6,15.31,18.03,11.49,120.9,2289.0,1806.3,187.4,NWIS_synthetic_sensor_timeseries.csv,DERIVED
2023-12-05T00:04:00,DUL-99,3200.8,15.4,17.39,11.42,122.8,2287.9,1802.8,188.1,NWIS_synthetic_sensor_timeseries.csv,DERIVED
2023-12-05T00:05:00,DUL-99,3201.0,14.76,17.73,11.27,118.4,2301.5,1782.9,187.7,NWIS_synthetic_sensor_timeseries.csv,DERIVED
2023-12-05T00:06:00,DUL-99,3201.2,14.97,18.6,11.17,121.0,2286.2,1807.1,186.9,NWIS_synthetic_sensor_timeseries.csv,DERIVED
2023-12-05T00:07:00,DUL-99,3201.4,14.68,18.57,11.21,122.8,2293.1,1818.3,186.9,NWIS_synthetic_sensor_timeseries.csv,DERIVED
2023-12-05T00:08:00,DUL-99,3201.6,15.46,17.46,10.87,122.4,2308.3,1806.5,188.0,NWIS_synthetic_sensor_timeseries.csv,DERIVED
2023-12-05T00:09:00,DUL-99,3201.8,14.72,17.53,10.48,118.3,2287.5,1796.2,188.0,NWIS_synthetic_sensor_timeseries.csv,DERIVED
2023-12-05T00:10:00,DUL-99,3202.0,15.08,18.15,10.41,122.7,2297.3,1797.5,187.4,NWIS_synthetic_sensor_timeseries.csv,DERIVED
2023-12-05T00:11:00,DUL-99,3202.2,14.52,17.32,10.97,121.1,2297.9,1810.7,188.2,NWIS_synthetic_sensor_timeseries.csv,DERIVED
2023-12-05T00:12:00,DUL-99,3202.4,15.13,18.93,11.2,121.2,2292.8,1792.0,186.6,NWIS_synthetic_sensor_timeseries.csv,DERIVED
2023-12-05T00:13:00,DUL-99,3202.6,15.1,18.75,11.45,122.1,2304.7,1780.6,186.8,NWIS_synthetic_sensor_timeseries.csv,DERIVED
2023-12-05T00:14:00,DUL-99,3202.8,14.77,17.01,11.32,117.4,2292.4,1780.2,188.6,NWIS_synthetic_sensor_timeseries.csv,DERIVED
2023-12-05T00:15:00,DUL-99,3203.0,15.21,17.04,10.67,122.9,2290.8,1818.8,188.5,NWIS_synthetic_sensor_timeseries.csv,DERIVED
2023-12-05T00:16:00,DUL-99,3203.2,15.02,17.83,10.77,118.9,2301.9,1782.2,187.8,NWIS_synthetic_sensor_timeseries.csv,DERIVED
2023-12-05T00:17:00,DUL-99,3203.4,14.59,18.39,10.53,120.7,2295.6,1809.2,187.2,NWIS_synthetic_sensor_timeseries.csv,DERIVED
2023-12-05T00:18:00,DUL-99,3203.6,14.69,18.12,10.99,122.6,2289.4,1807.7,187.5,NWIS_synthetic_sensor_timeseries.csv,DERIVED
2023-12-05T00:19:00,DUL-99,3203.8,14.73,18.6,11.3,121.8,2290.9,1787.7,187.0,NWIS_synthetic_sensor_timeseries.csv,DERIVED
2023-12-05T00:20:00,DUL-99,3204.0,15.29,17.19,11.43,118.4,2308.1,1785.5,188.4,NWIS_synthetic_sensor_timeseries.csv,DERIVED
2023-12-05T00:21:00,DUL-99,3204.2,14.61,17.48,11.12,120.8,2296.1,1801.3,188.2,NWIS_synthetic_sensor_timeseries.csv,DERIVED
2023-12-05T00:22:00,DUL-99,3204.4,15.22,17.58,10.34,118.3,2307.7,1804.6,188.1,NWIS_synthetic_sensor_timeseries.csv,DERIVED
2023-12-05T00:23:00,DUL-99,3204.6,14.81,17.52,10.59,121.0,2293.4,1810.9,188.1,NWIS_synthetic_sensor_timeseries.csv,DERIVED
2023-12-05T00:24:00,DUL-99,3204.8,15.46,17.62,11.3,121.8,2298.3,1782.2,188.0,NWIS_synthetic_sensor_timeseries.csv,DERIVED
2023-12-05T00:25:00,DUL-99,3205.0,14.55,17.3,10.42,120.1,2316.9,1798.5,188.4,NWIS_synthetic_sensor_timeseries.csv,DERIVED
2023-12-05T00:26:00,DUL-99,3205.2,15.01,17.73,10.47,120.1,2310.6,1811.0,188.0,NWIS_synthetic_sensor_timeseries.csv,DERIVED
2023-12-05T00:27:00,DUL-99,3205.4,14.89,17.51,10.4,119.9,2309.4,1792.7,188.2,NWIS_synthetic_sensor_timeseries.csv,DERIVED
2023-12-05T00:28:00,DUL-99,3205.6,15.27,17.89,11.3,119.2,2317.3,1804.7,187.8,NWIS_synthetic_sensor_timeseries.csv,DERIVED
2023-12-05T00:29:00,DUL-99,3205.8,15.14,17.07,10.94,118.7,2319.1,1785.2,188.6,NWIS_synthetic_sensor_timeseries.csv,DERIVED
2023-12-05T00:30:00,DUL-99,3206.0,14.8,18.5,11.17,117.4,2312.9,1783.4,187.2,NWIS_synthetic_sensor_timeseries.csv,DERIVED
2023-12-05T00:31:00,DUL-99,3206.2,15.46,17.58,10.43,117.3,2313.0,1784.3,188.1,NWIS_synthetic_sensor_timeseries.csv,DERIVED
2023-12-05T00:32:00,DUL-99,3206.4,15.03,17.34,10.53,122.0,2295.3,1797.0,188.4,NWIS_synthetic_sensor_timeseries.csv,DERIVED
2023-12-05T00:33:00,DUL-99,3206.6,14.74,17.23,10.47,122.8,2298.1,1815.7,188.5,NWIS_synthetic_sensor_timeseries.csv,DERIVED
2023-12-05T00:34:00,DUL-99,3206.8,15.46,17.58,10.96,120.6,2304.4,1809.4,188.2,NWIS_synthetic_sensor_timeseries.csv,DERIVED
2023-12-05T00:35:00,DUL-99,3207.0,15.46,18.63,10.57,117.6,2300.8,1790.2,187.1,NWIS_synthetic_sensor_timeseries.csv,DERIVED
2023-12-05T00:36:00,DUL-99,3207.2,14.65,17.64,11.69,122.1,2295.9,1793.7,188.1,NWIS_synthetic_sensor_timeseries.csv,DERIVED
2023-12-05T00:37:00,DUL-99,3207.4,15.32,18.15,10.89,122.2,2291.2,1804.3,187.6,NWIS_synthetic_sensor_timeseries.csv,DERIVED
2023-12-05T00:38:00,DUL-99,3207.6,14.83,18.64,11.63,122.1,2299.1,1795.0,187.2,NWIS_synthetic_sensor_timeseries.csv,DERIVED
2023-12-05T00:39:00,DUL-99,3207.8,14.61,18.82,10.83,118.4,2303.6,1815.5,187.0,NWIS_synthetic_sensor_timeseries.csv,DERIVED
2023-12-05T00:40:00,DUL-99,3208.0,12.34,18.98,13.69,121.8,2313.2,1812.5,186.8,NWIS_synthetic_sensor_timeseries.csv,DERIVED
2023-12-05T00:41:00,DUL-99,3208.2,11.9,17.27,14.19,122.0,2307.7,1812.8,188.6,NWIS_synthetic_sensor_timeseries.csv,DERIVED
2023-12-05T00:42:00,DUL-99,3208.4,12.28,17.28,14.41,122.3,2319.9,1807.1,188.6,NWIS_synthetic_sensor_timeseries.csv,DERIVED
2023-12-05T00:43:00,DUL-99,3208.6,12.3,17.91,13.46,120.3,2302.1,1811.3,187.9,NWIS_synthetic_sensor_timeseries.csv,DERIVED
2023-12-05T00:44:00,DUL-99,3208.8,11.87,17.2,13.66,118.5,2301.9,1811.9,188.7,NWIS_synthetic_sensor_timeseries.csv,DERIVED
2023-12-05T00:45:00,DUL-99,3209.0,11.65,17.4,13.48,121.4,2306.1,1812.1,188.5,NWIS_synthetic_sensor_timeseries.csv,DERIVED
2023-12-05T00:46:00,DUL-99,3209.2,12.11,17.94,13.77,122.4,2319.3,1792.5,187.9,NWIS_synthetic_sensor_timeseries.csv,DERIVED
2023-12-05T00:47:00,DUL-99,3209.4,11.68,18.66,14.09,120.5,2308.1,1796.7,187.2,NWIS_synthetic_sensor_timeseries.csv,DERIVED
2023-12-05T00:48:00,DUL-99,3209.6,11.77,17.73,14.2,119.2,2321.4,1785.0,188.2,NWIS_synthetic_sensor_timeseries.csv,DERIVED
2023-12-05T00:49:00,DUL-99,3209.8,12.07,18.43,13.44,119.6,2305.7,1800.9,187.5,NWIS_synthetic_sensor_timeseries.csv,DERIVED
2023-12-05T00:50:00,DUL-99,3210.0,11.89,18.49,14.35,118.3,2317.1,1815.3,187.4,NWIS_synthetic_sensor_timeseries.csv,DERIVED
2023-12-05T00:51:00,DUL-99,3210.2,11.9,18.86,13.92,121.3,2299.2,1793.2,187.1,NWIS_synthetic_sensor_timeseries.csv,DERIVED
2023-12-05T00:52:00,DUL-99,3210.4,12.04,18.34,13.62,120.0,2297.6,1820.0,187.6,NWIS_synthetic_sensor_timeseries.csv,DERIVED
2023-12-05T00:53:00,DUL-99,3210.6,11.75,18.1,14.35,122.5,2316.3,1794.5,187.8,NWIS_synthetic_sensor_timeseries.csv,DERIVED
2023-12-05T00:54:00,DUL-99,3210.8,11.62,18.8,13.65,120.0,2320.7,1800.4,187.2,NWIS_synthetic_sensor_timeseries.csv,DERIVED
2023-12-05T00:55:00,DUL-99,3211.0,11.71,18.61,14.07,120.8,2306.5,1790.4,187.4,NWIS_synthetic_sensor_timeseries.csv,DERIVED
2023-12-05T00:56:00,DUL-99,3211.2,12.01,17.18,13.9,119.8,2294.1,1808.7,188.8,NWIS_synthetic_sensor_timeseries.csv,DERIVED
2023-12-05T00:57:00,DUL-99,3211.4,11.8,17.35,13.68,120.1,2312.2,1788.1,188.6,NWIS_synthetic_sensor_timeseries.csv,DERIVED
2023-12-05T00:58:00,DUL-99,3211.6,12.2,18.42,14.26,121.3,2302.5,1817.0,187.6,NWIS_synthetic_sensor_timeseries.csv,DERIVED
2023-12-05T00:59:00,DUL-99,3211.8,11.95,17.14,14.53,117.5,2318.3,1785.7,188.9,NWIS_synthetic_sensor_timeseries.csv,DERIVED
2023-12-05T01:00:00,DUL-99,3212.0,12.4,18.53,14.17,119.0,2302.0,1786.4,187.5,NWIS_synthetic_sensor_timeseries.csv,DERIVED
2023-12-05T01:01:00,DUL-99,3212.2,11.84,17.44,14.14,118.0,2297.3,1792.6,188.6,NWIS_synthetic_sensor_timeseries.csv,DERIVED
2023-12-05T01:02:00,DUL-99,3212.4,11.98,18.95,13.62,119.6,2309.5,1798.9,187.1,NWIS_synthetic_sensor_timeseries.csv,DERIVED
2023-12-05T01:03:00,DUL-99,3212.6,11.72,17.15,14.11,118.0,2316.1,1796.1,188.9,NWIS_synthetic_sensor_timeseries.csv,DERIVED
2023-12-05T01:04:00,DUL-99,3212.8,11.88,17.78,13.91,121.1,2299.8,1802.9,188.3,NWIS_synthetic_sensor_timeseries.csv,DERIVED
2023-12-05T01:05:00,DUL-99,3213.0,12.18,18.26,14.42,119.1,2323.0,1797.3,187.8,NWIS_synthetic_sensor_timeseries.csv,DERIVED
2023-12-05T01:06:00,DUL-99,3213.2,12.13,18.9,14.07,121.4,2299.9,1814.1,187.2,NWIS_synthetic_sensor_timeseries.csv,DERIVED
2023-12-05T01:07:00,DUL-99,3213.4,12.14,18.89,14.11,119.0,2312.2,1787.3,187.2,NWIS_synthetic_sensor_timeseries.csv,DERIVED
2023-12-05T01:08:00,DUL-99,3213.6,12.24,17.65,14.48,117.2,2310.3,1794.5,188.4,NWIS_synthetic_sensor_timeseries.csv,DERIVED
2023-12-05T01:09:00,DUL-99,3213.8,12.03,18.28,13.82,122.6,2310.3,1795.5,187.8,NWIS_synthetic_sensor_timeseries.csv,DERIVED
2023-12-05T01:10:00,DUL-99,3214.0,11.81,17.78,14.34,119.2,2307.1,1801.6,188.3,NWIS_synthetic_sensor_timeseries.csv,DERIVED
2023-12-05T01:11:00,DUL-99,3214.2,12.26,18.38,13.8,118.0,2297.0,1782.4,187.7,NWIS_synthetic_sensor_timeseries.csv,DERIVED
2023-12-05T01:12:00,DUL-99,3214.4,11.78,17.53,13.58,117.3,2318.5,1816.4,188.6,NWIS_synthetic_sensor_timeseries.csv,DERIVED
2023-12-05T01:13:00,DUL-99,3214.6,12.34,18.85,14.06,117.5,2309.7,1809.9,187.3,NWIS_synthetic_sensor_timeseries.csv,DERIVED
2023-12-05T01:14:00,DUL-99,3214.8,11.67,18.51,13.86,122.2,2314.7,1781.5,187.6,NWIS_synthetic_sensor_timeseries.csv,DERIVED
2023-12-05T01:15:00,DUL-99,3215.0,11.62,18.26,13.55,121.2,2300.4,1787.2,187.9,NWIS_synthetic_sensor_timeseries.csv,DERIVED
2023-12-05T01:16:00,DUL-99,3215.2,12.38,18.96,14.21,119.2,2310.2,1790.1,187.2,NWIS_synthetic_sensor_timeseries.csv,DERIVED
2023-12-05T01:17:00,DUL-99,3215.4,12.4,17.35,14.57,121.2,2302.7,1794.0,188.8,NWIS_synthetic_sensor_timeseries.csv,DERIVED
2023-12-05T01:18:00,DUL-99,3215.6,12.02,17.07,13.47,121.1,2310.7,1803.0,189.1,NWIS_synthetic_sensor_timeseries.csv,DERIVED
2023-12-05T01:19:00,DUL-99,3215.8,12.08,17.79,14.46,119.0,2325.9,1816.6,188.4,NWIS_synthetic_sensor_timeseries.csv,DERIVED
2023-12-05T01:20:00,DUL-99,3216.0,11.74,18.38,13.57,119.3,2297.9,1811.4,187.8,NWIS_synthetic_sensor_timeseries.csv,DERIVED
2023-12-05T01:21:00,DUL-99,3216.2,12.24,18.34,13.41,119.5,2315.1,1796.4,187.9,NWIS_synthetic_sensor_timeseries.csv,DERIVED
2023-12-05T01:22:00,DUL-99,3216.4,12.34,17.63,14.55,120.7,2309.4,1816.2,188.6,NWIS_synthetic_sensor_timeseries.csv,DERIVED
2023-12-05T01:23:00,DUL-99,3216.6,12.26,18.38,14.35,122.9,2307.8,1790.5,187.9,NWIS_synthetic_sensor_timeseries.csv,DERIVED
2023-12-05T01:24:00,DUL-99,3216.8,12.29,17.55,13.59,119.9,2326.1,1817.2,188.7,NWIS_synthetic_sensor_timeseries.csv,DERIVED
2023-12-05T01:25:00,DUL-99,3217.0,12.21,18.81,13.58,120.4,2316.2,1817.3,187.4,NWIS_synthetic_sensor_timeseries.csv,DERIVED
2023-12-05T01:26:00,DUL-99,3217.2,11.68,17.23,14.33,118.7,2324.9,1809.1,189.0,NWIS_synthetic_sensor_timeseries.csv,DERIVED
2023-12-05T01:27:00,DUL-99,3217.4,12.12,17.99,14.28,117.6,2320.6,1806.2,188.3,NWIS_synthetic_sensor_timeseries.csv,DERIVED
2023-12-05T01:28:00,DUL-99,3217.6,12.34,19.0,13.84,122.7,2311.9,1812.3,187.3,NWIS_synthetic_sensor_timeseries.csv,DERIVED
2023-12-05T01:29:00,DUL-99,3217.8,12.29,18.9,13.95,119.4,2313.4,1810.0,187.4,NWIS_synthetic_sensor_timeseries.csv,DERIVED
2023-12-05T01:30:00,DUL-99,3218.0,11.64,18.08,14.22,122.9,2321.6,1805.5,188.2,NWIS_synthetic_sensor_timeseries.csv,DERIVED
2023-12-05T01:31:00,DUL-99,3218.2,12.25,17.96,13.7,117.2,2302.2,1815.7,188.4,NWIS_synthetic_sensor_timeseries.csv,DERIVED
2023-12-05T01:32:00,DUL-99,3218.4,11.98,18.46,13.96,121.3,2310.0,1787.4,187.9,NWIS_synthetic_sensor_timeseries.csv,DERIVED
2023-12-05T01:33:00,DUL-99,3218.6,11.7,18.0,14.38,118.1,2310.0,1817.2,188.3,NWIS_synthetic_sensor_timeseries.csv,DERIVED
2023-12-05T01:34:00,DUL-99,3218.8,11.8,17.44,14.34,122.5,2327.2,1818.8,188.9,NWIS_synthetic_sensor_timeseries.csv,DERIVED
2023-12-05T01:35:00,DUL-99,3219.0,12.03,17.89,14.16,122.1,2303.2,1812.2,188.5,NWIS_synthetic_sensor_timeseries.csv,DERIVED
2023-12-05T01:36:00,DUL-99,3219.2,11.79,18.65,14.29,119.8,2329.2,1786.4,187.7,NWIS_synthetic_sensor_timeseries.csv,DERIVED
2023-12-05T01:37:00,DUL-99,3219.4,11.92,17.27,14.06,118.0,2314.6,1790.7,189.1,NWIS_synthetic_sensor_timeseries.csv,DERIVED
2023-12-05T01:38:00,DUL-99,3219.6,12.21,17.32,14.06,120.5,2327.3,1818.4,189.1,NWIS_synthetic_sensor_timeseries.csv,DERIVED
2023-12-05T01:39:00,DUL-99,3219.8,12.07,17.77,13.57,122.8,2317.3,1781.1,188.6,NWIS_synthetic_sensor_timeseries.csv,DERIVED
2023-12-05T01:40:00,DUL-99,3220.0,11.83,18.13,13.55,120.8,2329.4,1794.5,188.3,NWIS_synthetic_sensor_timeseries.csv,DERIVED
2023-12-05T01:41:00,DUL-99,3220.2,12.03,18.34,14.16,122.2,2312.0,1792.0,188.1,NWIS_synthetic_sensor_timeseries.csv,DERIVED
2023-12-05T01:42:00,DUL-99,3220.4,12.38,17.02,13.69,117.4,2317.9,1800.3,189.4,NWIS_synthetic_sensor_timeseries.csv,DERIVED
2023-12-05T01:43:00,DUL-99,3220.6,12.14,18.85,14.4,121.1,2331.2,1808.5,187.6,NWIS_synthetic_sensor_timeseries.csv,DERIVED
2023-12-05T01:44:00,DUL-99,3220.8,11.94,17.63,13.46,122.8,2318.7,1796.6,188.8,NWIS_synthetic_sensor_timeseries.csv,DERIVED
2023-12-05T01:45:00,DUL-99,3221.0,12.26,17.41,14.11,117.1,2307.2,1784.1,189.0,NWIS_synthetic_sensor_timeseries.csv,DERIVED
2023-12-05T01:46:00,DUL-99,3221.2,12.3,17.65,13.72,120.1,2331.0,1807.9,188.8,NWIS_synthetic_sensor_timeseries.csv,DERIVED
2023-12-05T01:47:00,DUL-99,3221.4,12.38,18.49,14.4,117.7,2310.2,1794.6,188.0,NWIS_synthetic_sensor_timeseries.csv,DERIVED
2023-12-05T01:48:00,DUL-99,3221.6,12.4,18.25,14.54,123.0,2321.9,1809.0,188.2,NWIS_synthetic_sensor_timeseries.csv,DERIVED
2023-12-05T01:49:00,DUL-99,3221.8,12.32,17.28,13.83,118.5,2307.2,1803.5,189.2,NWIS_synthetic_sensor_timeseries.csv,DERIVED
2023-12-05T01:50:00,DUL-99,3222.0,12.0,18.12,13.59,120.4,2315.0,1780.6,188.4,NWIS_synthetic_sensor_timeseries.csv,DERIVED
2023-12-05T01:51:00,DUL-99,3222.2,11.79,17.48,13.91,121.5,2327.5,1783.7,189.0,NWIS_synthetic_sensor_timeseries.csv,DERIVED
2023-12-05T01:52:00,DUL-99,3222.4,11.87,17.44,13.87,121.6,2323.0,1798.1,189.1,NWIS_synthetic_sensor_timeseries.csv,DERIVED
2023-12-05T01:53:00,DUL-99,3222.6,12.08,17.14,14.51,118.1,2305.5,1783.6,189.4,NWIS_synthetic_sensor_timeseries.csv,DERIVED
2023-12-05T01:54:00,DUL-99,3222.8,11.85,18.87,13.91,120.1,2310.6,1792.2,187.7,NWIS_synthetic_sensor_timeseries.csv,DERIVED
2023-12-05T01:55:00,DUL-99,3223.0,12.16,17.33,14.49,119.6,2304.8,1813.9,189.2,NWIS_synthetic_sensor_timeseries.csv,DERIVED
2023-12-05T01:56:00,DUL-99,3223.2,12.1,18.01,13.59,117.4,2313.6,1809.7,188.5,NWIS_synthetic_sensor_timeseries.csv,DERIVED
2023-12-05T01:57:00,DUL-99,3223.4,11.73,17.87,14.01,121.0,2323.6,1816.1,188.7,NWIS_synthetic_sensor_timeseries.csv,DERIVED
2023-12-05T01:58:00,DUL-99,3223.6,11.92,17.18,13.67,118.2,2324.5,1793.4,189.4,NWIS_synthetic_sensor_timeseries.csv,DERIVED
2023-12-05T01:59:00,DUL-99,3223.8,11.78,18.38,14.2,119.4,2317.0,1782.8,188.2,NWIS_synthetic_sensor_timeseries.csv,DERIVED
2023-12-05T02:00:00,DUL-99,3224.0,12.34,18.0,14.59,117.6,2318.9,1806.8,188.6,NWIS_synthetic_sensor_timeseries.csv,DERIVED
2023-12-05T02:01:00,DUL-99,3224.2,11.83,18.63,14.37,122.6,2318.6,1799.3,188.0,NWIS_synthetic_sensor_timeseries.csv,DERIVED
2023-12-05T02:02:00,DUL-99,3224.4,12.16,18.95,14.22,120.5,2305.9,1812.0,187.7,NWIS_synthetic_sensor_timeseries.csv,DERIVED
2023-12-05T02:03:00,DUL-99,3224.6,11.64,18.45,13.79,120.5,2315.1,1794.7,188.2,NWIS_synthetic_sensor_timeseries.csv,DERIVED
2023-12-05T02:04:00,DUL-99,3224.8,12.38,17.01,13.73,119.6,2307.6,1814.6,189.6,NWIS_synthetic_sensor_timeseries.csv,DERIVED
2023-12-05T02:05:00,DUL-99,3225.0,12.3,17.23,13.59,121.3,2316.4,1780.1,189.4,NWIS_synthetic_sensor_timeseries.csv,DERIVED
2023-12-05T02:06:00,DUL-99,3225.2,12.3,17.64,13.82,123.0,2332.4,1814.6,189.0,NWIS_synthetic_sensor_timeseries.csv,DERIVED
2023-12-05T02:07:00,DUL-99,3225.4,12.12,18.13,14.56,122.7,2311.2,1799.3,188.5,NWIS_synthetic_sensor_timeseries.csv,DERIVED
2023-12-05T02:08:00,DUL-99,3225.6,12.01,17.45,13.85,120.5,2313.8,1800.2,189.2,NWIS_synthetic_sensor_timeseries.csv,DERIVED
2023-12-05T02:09:00,DUL-99,3225.8,11.75,17.55,14.2,120.2,2328.7,1811.2,189.1,NWIS_synthetic_sensor_timeseries.csv,DERIVED
2023-12-05T02:10:00,DUL-99,3226.0,12.34,17.75,13.7,120.1,2314.5,1808.3,188.9,NWIS_synthetic_sensor_timeseries.csv,DERIVED
2023-12-05T02:11:00,DUL-99,3226.2,12.18,17.9,13.98,118.3,2316.7,1794.4,188.8,NWIS_synthetic_sensor_timeseries.csv,DERIVED
2023-12-05T02:12:00,DUL-99,3226.4,11.77,18.57,14.28,118.4,2325.8,1805.4,188.1,NWIS_synthetic_sensor_timeseries.csv,DERIVED
2023-12-05T02:13:00,DUL-99,3226.6,11.65,17.06,13.73,119.2,2335.1,1806.8,189.7,NWIS_synthetic_sensor_timeseries.csv,DERIVED
2023-12-05T02:14:00,DUL-99,3226.8,11.78,17.22,14.37,119.0,2330.3,1799.5,189.5,NWIS_synthetic_sensor_timeseries.csv,DERIVED
2023-12-05T02:15:00,DUL-99,3227.0,11.99,18.79,13.72,121.3,2332.1,1797.6,188.0,NWIS_synthetic_sensor_timeseries.csv,DERIVED
2023-12-05T02:16:00,DUL-99,3227.2,12.38,17.32,13.78,118.1,2315.2,1814.1,189.4,NWIS_synthetic_sensor_timeseries.csv,DERIVED
2023-12-05T02:17:00,DUL-99,3227.4,12.31,17.38,14.42,119.6,2330.1,1784.8,189.4,NWIS_synthetic_sensor_timeseries.csv,DERIVED
2023-12-05T02:18:00,DUL-99,3227.6,11.92,17.51,13.93,120.6,2307.7,1795.2,189.3,NWIS_synthetic_sensor_timeseries.csv,DERIVED
2023-12-05T02:19:00,DUL-99,3227.8,12.21,18.36,13.85,119.0,2326.0,1780.8,188.4,NWIS_synthetic_sensor_timeseries.csv,DERIVED
2023-12-05T02:20:00,DUL-99,3228.0,11.84,18.71,14.13,118.2,2334.7,1803.4,188.1,NWIS_synthetic_sensor_timeseries.csv,DERIVED
2023-12-05T02:21:00,DUL-99,3228.2,11.63,18.29,13.79,119.0,2325.6,1784.9,188.5,NWIS_synthetic_sensor_timeseries.csv,DERIVED
2023-12-05T02:22:00,DUL-99,3228.4,11.93,18.8,13.77,119.2,2311.2,1789.6,188.0,NWIS_synthetic_sensor_timeseries.csv,DERIVED
2023-12-05T02:23:00,DUL-99,3228.6,12.07,17.08,13.69,119.3,2331.8,1790.8,189.7,NWIS_synthetic_sensor_timeseries.csv,DERIVED
2023-12-05T02:24:00,DUL-99,3228.8,12.39,17.76,13.97,117.3,2314.9,1811.1,189.1,NWIS_synthetic_sensor_timeseries.csv,DERIVED
2023-12-05T02:25:00,DUL-99,3229.0,11.91,17.21,14.06,121.8,2316.0,1797.6,189.6,NWIS_synthetic_sensor_timeseries.csv,DERIVED
2023-12-05T02:26:00,DUL-99,3229.2,11.97,17.0,13.51,118.3,2311.2,1794.8,189.8,NWIS_synthetic_sensor_timeseries.csv,DERIVED
2023-12-05T02:27:00,DUL-99,3229.4,11.83,18.03,14.01,121.2,2338.0,1800.4,188.8,NWIS_synthetic_sensor_timeseries.csv,DERIVED
2023-12-05T02:28:00,DUL-99,3229.6,12.29,18.76,13.85,118.3,2319.4,1804.6,188.1,NWIS_synthetic_sensor_timeseries.csv,DERIVED
2023-12-05T02:29:00,DUL-99,3229.8,11.67,17.74,13.74,122.7,2312.3,1801.3,189.1,NWIS_synthetic_sensor_timeseries.csv,DERIVED
2023-12-05T02:30:00,DUL-99,3230.0,12.28,17.83,13.79,119.0,2337.7,1796.1,189.1,NWIS_synthetic_sensor_timeseries.csv,DERIVED
2023-12-05T02:31:00,DUL-99,3230.2,12.13,17.81,14.19,119.7,2316.1,1798.3,189.1,NWIS_synthetic_sensor_timeseries.csv,DERIVED
2023-12-05T02:32:00,DUL-99,3230.4,12.19,17.44,13.85,117.2,2338.1,1807.0,189.5,NWIS_synthetic_sensor_timeseries.csv,DERIVED
2023-12-05T02:33:00,DUL-99,3230.6,11.76,18.29,13.97,118.0,2330.3,1805.8,188.6,NWIS_synthetic_sensor_timeseries.csv,DERIVED
2023-12-05T02:34:00,DUL-99,3230.8,11.74,17.63,14.14,120.1,2326.2,1799.3,189.3,NWIS_synthetic_sensor_timeseries.csv,DERIVED
2023-12-05T02:35:00,DUL-99,3231.0,11.85,18.09,13.56,121.1,2328.3,1802.9,188.8,NWIS_synthetic_sensor_timeseries.csv,DERIVED
2023-12-05T02:36:00,DUL-99,3231.2,12.26,18.51,13.93,120.4,2320.9,1818.8,188.4,NWIS_synthetic_sensor_timeseries.csv,DERIVED
2023-12-05T02:37:00,DUL-99,3231.4,11.69,17.07,14.18,120.7,2338.1,1809.1,189.9,NWIS_synthetic_sensor_timeseries.csv,DERIVED
2023-12-05T02:38:00,DUL-99,3231.6,11.74,18.04,14.41,122.0,2310.8,1797.6,188.9,NWIS_synthetic_sensor_timeseries.csv,DERIVED
2023-12-05T02:39:00,DUL-99,3231.8,12.03,17.41,14.23,122.2,2337.4,1781.0,189.6,NWIS_synthetic_sensor_timeseries.csv,DERIVED
2023-12-05T02:40:00,DUL-99,3232.0,11.66,17.24,13.48,120.7,2315.4,1791.1,189.7,NWIS_synthetic_sensor_timeseries.csv,DERIVED
2023-12-05T02:41:00,DUL-99,3232.2,12.3,17.88,14.49,122.9,2334.6,1817.1,189.1,NWIS_synthetic_sensor_timeseries.csv,DERIVED
2023-12-05T02:42:00,DUL-99,3232.4,11.78,18.85,14.28,117.5,2327.5,1814.5,188.2,NWIS_synthetic_sensor_timeseries.csv,DERIVED
2023-12-05T02:43:00,DUL-99,3232.6,11.97,17.91,14.24,121.7,2317.0,1791.2,189.1,NWIS_synthetic_sensor_timeseries.csv,DERIVED
2023-12-05T02:44:00,DUL-99,3232.8,11.8,17.79,14.4,121.2,2318.0,1818.2,189.2,NWIS_synthetic_sensor_timeseries.csv,DERIVED
2023-12-05T02:45:00,DUL-99,3233.0,12.0,18.51,14.01,117.2,2333.8,1794.3,188.5,NWIS_synthetic_sensor_timeseries.csv,DERIVED
2023-12-05T02:46:00,DUL-99,3233.2,12.19,17.81,13.82,120.9,2327.3,1816.7,189.2,NWIS_synthetic_sensor_timeseries.csv,DERIVED
2023-12-05T02:47:00,DUL-99,3233.4,12.23,18.44,14.01,118.2,2322.3,1783.8,188.6,NWIS_synthetic_sensor_timeseries.csv,DERIVED
2023-12-05T02:48:00,DUL-99,3233.6,11.99,18.16,14.16,119.3,2318.4,1780.1,188.9,NWIS_synthetic_sensor_timeseries.csv,DERIVED
2023-12-05T02:49:00,DUL-99,3233.8,12.26,18.2,13.7,120.3,2330.8,1811.1,188.9,NWIS_synthetic_sensor_timeseries.csv,DERIVED
2023-12-05T02:50:00,DUL-99,3234.0,12.23,18.63,14.44,121.1,2325.3,1818.1,188.5,NWIS_synthetic_sensor_timeseries.csv,DERIVED
2023-12-05T02:51:00,DUL-99,3234.2,11.93,17.3,13.52,120.1,2319.0,1795.5,189.8,NWIS_synthetic_sensor_timeseries.csv,DERIVED
2023-12-05T02:52:00,DUL-99,3234.4,12.06,17.95,13.62,118.1,2328.7,1800.1,189.1,NWIS_synthetic_sensor_timeseries.csv,DERIVED
2023-12-05T02:53:00,DUL-99,3234.6,12.34,17.08,13.42,118.2,2335.7,1801.5,190.0,NWIS_synthetic_sensor_timeseries.csv,DERIVED
2023-12-05T02:54:00,DUL-99,3234.8,11.85,17.46,14.34,121.4,2330.0,1794.9,189.7,NWIS_synthetic_sensor_timeseries.csv,DERIVED
2023-12-05T02:55:00,DUL-99,3235.0,12.11,17.31,13.48,121.1,2329.5,1784.0,189.8,NWIS_synthetic_sensor_timeseries.csv,DERIVED
2023-12-05T02:56:00,DUL-99,3235.2,11.64,17.17,14.44,118.5,2320.7,1799.6,190.0,NWIS_synthetic_sensor_timeseries.csv,DERIVED
2023-12-05T02:57:00,DUL-99,3235.4,11.97,18.58,13.76,119.2,2335.0,1788.9,188.6,NWIS_synthetic_sensor_timeseries.csv,DERIVED
2023-12-05T02:58:00,DUL-99,3235.6,11.69,18.56,13.8,121.2,2343.4,1781.5,188.6,NWIS_synthetic_sensor_timeseries.csv,DERIVED
2023-12-05T02:59:00,DUL-99,3235.8,12.34,17.62,13.89,119.4,2315.8,1800.5,189.5,NWIS_synthetic_sensor_timeseries.csv,DERIVED
2023-12-05T03:00:00,DUL-99,3236.0,12.21,17.95,13.92,122.0,2319.1,1815.7,189.2,NWIS_synthetic_sensor_timeseries.csv,DERIVED
2023-12-05T03:01:00,DUL-99,3236.2,12.05,18.15,14.19,119.8,2321.3,1814.6,189.0,NWIS_synthetic_sensor_timeseries.csv,DERIVED
2023-12-05T03:02:00,DUL-99,3236.4,12.3,17.03,13.84,122.9,2332.9,1813.7,190.2,NWIS_synthetic_sensor_timeseries.csv,DERIVED
2023-12-05T03:03:00,DUL-99,3236.6,11.84,18.46,13.56,121.3,2320.4,1806.3,188.7,NWIS_synthetic_sensor_timeseries.csv,DERIVED
2023-12-05T03:04:00,DUL-99,3236.8,11.95,18.19,13.43,118.9,2324.5,1806.8,189.0,NWIS_synthetic_sensor_timeseries.csv,DERIVED
2023-12-05T03:05:00,DUL-99,3237.0,11.84,18.62,14.35,120.3,2318.1,1782.7,188.6,NWIS_synthetic_sensor_timeseries.csv,DERIVED
2023-12-05T03:06:00,DUL-99,3237.2,12.18,17.36,13.43,119.2,2326.6,1796.6,189.9,NWIS_synthetic_sensor_timeseries.csv,DERIVED
2023-12-05T03:07:00,DUL-99,3237.4,11.84,17.77,14.03,122.8,2328.0,1818.8,189.5,NWIS_synthetic_sensor_timeseries.csv,DERIVED
2023-12-05T03:08:00,DUL-99,3237.6,12.27,18.51,14.18,119.4,2323.4,1781.7,188.7,NWIS_synthetic_sensor_timeseries.csv,DERIVED
2023-12-05T03:09:00,DUL-99,3237.8,11.76,18.53,14.45,119.6,2323.5,1800.8,188.7,NWIS_synthetic_sensor_timeseries.csv,DERIVED
2023-12-05T03:10:00,DUL-99,3238.0,12.32,18.12,14.53,118.4,2327.9,1797.8,189.2,NWIS_synthetic_sensor_timeseries.csv,DERIVED
2023-12-05T03:11:00,DUL-99,3238.2,12.07,17.13,13.76,121.3,2343.3,1792.1,190.2,NWIS_synthetic_sensor_timeseries.csv,DERIVED
2023-12-05T03:12:00,DUL-99,3238.4,11.9,17.95,13.42,117.8,2316.2,1788.9,189.3,NWIS_synthetic_sensor_timeseries.csv,DERIVED
2023-12-05T03:13:00,DUL-99,3238.6,11.76,17.27,13.51,120.1,2340.5,1790.1,190.0,NWIS_synthetic_sensor_timeseries.csv,DERIVED
2023-12-05T03:14:00,DUL-99,3238.8,11.64,17.2,14.41,121.5,2344.4,1803.9,190.1,NWIS_synthetic_sensor_timeseries.csv,DERIVED
2023-12-05T03:15:00,DUL-99,3239.0,11.65,18.18,13.52,121.2,2337.8,1799.9,189.1,NWIS_synthetic_sensor_timeseries.csv,DERIVED
2023-12-05T03:16:00,DUL-99,3239.2,11.83,17.6,13.92,120.5,2324.6,1783.4,189.7,NWIS_synthetic_sensor_timeseries.csv,DERIVED
2023-12-05T03:17:00,DUL-99,3239.4,11.78,18.02,13.99,117.7,2331.6,1795.0,189.3,NWIS_synthetic_sensor_timeseries.csv,DERIVED
2023-12-05T03:18:00,DUL-99,3239.6,11.82,18.79,14.47,122.9,2346.4,1790.3,188.6,NWIS_synthetic_sensor_timeseries.csv,DERIVED
2023-12-05T03:19:00,DUL-99,3239.8,11.76,18.3,14.13,123.0,2341.1,1783.2,189.1,NWIS_synthetic_sensor_timeseries.csv,DERIVED
2023-12-05T03:20:00,DUL-99,3240.0,11.81,17.39,13.61,120.7,2330.9,1783.8,190.0,NWIS_synthetic_sensor_timeseries.csv,DERIVED
2023-12-05T03:21:00,DUL-99,3240.2,11.98,18.37,13.53,120.9,2318.5,1818.4,189.0,NWIS_synthetic_sensor_timeseries.csv,DERIVED
2023-12-05T03:22:00,DUL-99,3240.4,11.9,18.48,13.91,121.2,2336.8,1802.8,188.9,NWIS_synthetic_sensor_timeseries.csv,DERIVED
2023-12-05T03:23:00,DUL-99,3240.6,12.36,18.55,13.63,122.8,2347.3,1813.6,188.9,NWIS_synthetic_sensor_timeseries.csv,DERIVED
2023-12-05T03:24:00,DUL-99,3240.8,12.17,18.67,14.29,122.6,2344.0,1811.5,188.7,NWIS_synthetic_sensor_timeseries.csv,DERIVED
2023-12-05T03:25:00,DUL-99,3241.0,11.89,18.69,13.77,121.8,2343.1,1786.8,188.7,NWIS_synthetic_sensor_timeseries.csv,DERIVED
2023-12-05T03:26:00,DUL-99,3241.2,11.77,17.2,14.08,119.0,2322.6,1788.9,190.2,NWIS_synthetic_sensor_timeseries.csv,DERIVED
2023-12-05T03:27:00,DUL-99,3241.4,12.28,17.53,13.79,118.8,2330.0,1797.4,189.9,NWIS_synthetic_sensor_timeseries.csv,DERIVED
2023-12-05T03:28:00,DUL-99,3241.6,12.29,17.0,13.42,119.3,2347.1,1790.1,190.4,NWIS_synthetic_sensor_timeseries.csv,DERIVED
2023-12-05T03:29:00,DUL-99,3241.8,12.17,18.01,13.52,120.5,2325.8,1818.8,189.4,NWIS_synthetic_sensor_timeseries.csv,DERIVED
2023-12-05T03:30:00,DUL-99,3242.0,12.31,18.7,14.59,117.7,2319.2,1812.4,188.8,NWIS_synthetic_sensor_timeseries.csv,DERIVED
2023-12-05T03:31:00,DUL-99,3242.2,12.25,18.08,14.06,117.9,2326.7,1787.7,189.4,NWIS_synthetic_sensor_timeseries.csv,DERIVED
2023-12-05T03:32:00,DUL-99,3242.4,12.22,18.2,14.09,120.8,2346.6,1802.7,189.3,NWIS_synthetic_sensor_timeseries.csv,DERIVED
2023-12-05T03:33:00,DUL-99,3242.6,11.9,17.67,14.51,117.6,2340.3,1805.8,189.8,NWIS_synthetic_sensor_timeseries.csv,DERIVED
2023-12-05T03:34:00,DUL-99,3242.8,12.22,17.92,14.52,119.7,2342.0,1784.4,189.6,NWIS_synthetic_sensor_timeseries.csv,DERIVED
2023-12-05T03:35:00,DUL-99,3243.0,11.8,18.79,14.37,121.1,2323.2,1799.7,188.7,NWIS_synthetic_sensor_timeseries.csv,DERIVED
2023-12-05T03:36:00,DUL-99,3243.2,12.4,18.59,14.54,119.7,2338.5,1818.9,188.9,NWIS_synthetic_sensor_timeseries.csv,DERIVED
2023-12-05T03:37:00,DUL-99,3243.4,11.96,17.96,13.49,117.1,2332.1,1796.5,189.6,NWIS_synthetic_sensor_timeseries.csv,DERIVED
2023-12-05T03:38:00,DUL-99,3243.6,12.07,17.61,14.34,118.4,2334.6,1805.8,189.9,NWIS_synthetic_sensor_timeseries.csv,DERIVED
2023-12-05T03:39:00,DUL-99,3243.8,12.09,17.41,13.79,123.0,2330.1,1783.8,190.1,NWIS_synthetic_sensor_timeseries.csv,DERIVED
2023-12-05T03:40:00,DUL-99,3244.0,12.27,18.93,13.91,121.2,2345.3,1803.2,188.6,NWIS_synthetic_sensor_timeseries.csv,DERIVED
2023-12-05T03:41:00,DUL-99,3244.2,11.81,17.13,13.86,120.7,2336.6,1799.7,190.4,NWIS_synthetic_sensor_timeseries.csv,DERIVED
2023-12-05T03:42:00,DUL-99,3244.4,12.19,18.2,13.52,121.8,2324.0,1814.8,189.4,NWIS_synthetic_sensor_timeseries.csv,DERIVED
2023-12-05T03:43:00,DUL-99,3244.6,11.64,18.33,14.31,122.3,2329.0,1813.0,189.3,NWIS_synthetic_sensor_timeseries.csv,DERIVED
2023-12-05T03:44:00,DUL-99,3244.8,12.06,17.59,13.7,119.3,2343.7,1793.3,190.0,NWIS_synthetic_sensor_timeseries.csv,DERIVED
2023-12-05T03:45:00,DUL-99,3245.0,12.05,18.13,14.51,122.5,2350.8,1798.4,189.5,NWIS_synthetic_sensor_timeseries.csv,DERIVED
2023-12-05T03:46:00,DUL-99,3245.2,12.37,17.96,14.27,120.7,2340.2,1808.2,189.7,NWIS_synthetic_sensor_timeseries.csv,DERIVED
2023-12-05T03:47:00,DUL-99,3245.4,11.86,17.12,13.42,122.3,2345.0,1805.9,190.5,NWIS_synthetic_sensor_timeseries.csv,DERIVED
2023-12-05T03:48:00,DUL-99,3245.6,11.9,18.41,13.69,118.4,2337.3,1793.0,189.2,NWIS_synthetic_sensor_timeseries.csv,DERIVED
2023-12-05T03:49:00,DUL-99,3245.8,12.22,17.49,14.55,122.7,2337.1,1793.8,190.2,NWIS_synthetic_sensor_timeseries.csv,DERIVED
2023-12-05T03:50:00,DUL-99,3246.0,12.05,18.87,13.61,121.6,2322.4,1799.7,188.8,NWIS_synthetic_sensor_timeseries.csv,DERIVED
2023-12-05T03:51:00,DUL-99,3246.2,12.27,18.1,13.6,119.4,2349.8,1793.2,189.6,NWIS_synthetic_sensor_timeseries.csv,DERIVED
2023-12-05T03:52:00,DUL-99,3246.4,11.84,18.16,13.56,121.2,2325.8,1800.3,189.5,NWIS_synthetic_sensor_timeseries.csv,DERIVED
2023-12-05T03:53:00,DUL-99,3246.6,12.26,18.88,14.38,118.3,2346.6,1780.0,188.8,NWIS_synthetic_sensor_timeseries.csv,DERIVED
2023-12-05T03:54:00,DUL-99,3246.8,11.68,18.55,14.39,121.6,2341.5,1819.4,189.2,NWIS_synthetic_sensor_timeseries.csv,DERIVED
2023-12-05T03:55:00,DUL-99,3247.0,12.34,18.37,14.4,118.9,2343.1,1802.7,189.3,NWIS_synthetic_sensor_timeseries.csv,DERIVED
2023-12-05T03:56:00,DUL-99,3247.2,12.03,18.72,13.7,117.8,2349.4,1807.9,189.0,NWIS_synthetic_sensor_timeseries.csv,DERIVED
2023-12-05T03:57:00,DUL-99,3247.4,12.22,17.61,13.55,121.6,2325.9,1810.9,190.1,NWIS_synthetic_sensor_timeseries.csv,DERIVED
2023-12-05T03:58:00,DUL-99,3247.6,11.73,17.7,14.38,117.6,2349.5,1782.9,190.0,NWIS_synthetic_sensor_timeseries.csv,DERIVED
2023-12-05T03:59:00,DUL-99,3247.8,12.13,17.49,13.51,117.5,2343.1,1796.4,190.3,NWIS_synthetic_sensor_timeseries.csv,DERIVED
2023-12-05T00:00:00,DUL-104,2180.0,14.84,18.58,10.34,118.5,2306.4,1801.3,137.3,NWIS_synthetic_sensor_timeseries.csv,DERIVED
2023-12-05T00:01:00,DUL-104,2180.2,14.89,17.56,10.48,118.8,2307.3,1793.0,138.3,NWIS_synthetic_sensor_timeseries.csv,DERIVED
2023-12-05T00:02:00,DUL-104,2180.4,15.14,17.76,11.51,119.9,2313.0,1798.0,138.1,NWIS_synthetic_sensor_timeseries.csv,DERIVED
2023-12-05T00:03:00,DUL-104,2180.6,14.76,17.21,11.51,118.6,2300.5,1786.3,138.7,NWIS_synthetic_sensor_timeseries.csv,DERIVED
2023-12-05T00:04:00,DUL-104,2180.8,14.98,18.68,11.69,119.3,2312.4,1784.9,137.2,NWIS_synthetic_sensor_timeseries.csv,DERIVED
2023-12-05T00:05:00,DUL-104,2181.0,15.42,17.62,11.34,121.0,2301.2,1797.8,138.3,NWIS_synthetic_sensor_timeseries.csv,DERIVED
2023-12-05T00:06:00,DUL-104,2181.2,15.41,17.96,11.58,122.6,2314.9,1816.8,138.0,NWIS_synthetic_sensor_timeseries.csv,DERIVED
2023-12-05T00:07:00,DUL-104,2181.4,14.91,17.05,11.52,122.9,2311.6,1795.0,138.9,NWIS_synthetic_sensor_timeseries.csv,DERIVED
2023-12-05T00:08:00,DUL-104,2181.6,15.25,17.82,10.6,119.8,2292.2,1809.2,138.1,NWIS_synthetic_sensor_timeseries.csv,DERIVED
2023-12-05T00:09:00,DUL-104,2181.8,14.72,17.83,11.67,119.3,2303.7,1817.8,138.1,NWIS_synthetic_sensor_timeseries.csv,DERIVED
2023-12-05T00:10:00,DUL-104,2182.0,14.61,18.04,10.81,117.4,2304.1,1819.3,137.9,NWIS_synthetic_sensor_timeseries.csv,DERIVED
2023-12-05T00:11:00,DUL-104,2182.2,14.92,18.88,10.79,118.0,2304.5,1797.0,137.1,NWIS_synthetic_sensor_timeseries.csv,DERIVED
2023-12-05T00:12:00,DUL-104,2182.4,14.99,18.96,10.74,119.7,2303.8,1782.1,137.0,NWIS_synthetic_sensor_timeseries.csv,DERIVED
2023-12-05T00:13:00,DUL-104,2182.6,15.28,17.47,10.78,122.3,2310.5,1801.5,138.5,NWIS_synthetic_sensor_timeseries.csv,DERIVED
2023-12-05T00:14:00,DUL-104,2182.8,14.57,18.38,10.36,121.0,2298.7,1812.8,137.6,NWIS_synthetic_sensor_timeseries.csv,DERIVED
2023-12-05T00:15:00,DUL-104,2183.0,15.05,17.45,10.39,120.9,2288.7,1781.4,138.6,NWIS_synthetic_sensor_timeseries.csv,DERIVED
2023-12-05T00:16:00,DUL-104,2183.2,14.78,17.47,11.18,119.7,2293.1,1812.6,138.6,NWIS_synthetic_sensor_timeseries.csv,DERIVED
2023-12-05T00:17:00,DUL-104,2183.4,14.85,18.19,11.3,121.8,2307.3,1802.5,137.9,NWIS_synthetic_sensor_timeseries.csv,DERIVED
2023-12-05T00:18:00,DUL-104,2183.6,15.17,18.28,11.66,120.2,2290.9,1789.2,137.8,NWIS_synthetic_sensor_timeseries.csv,DERIVED
2023-12-05T00:19:00,DUL-104,2183.8,14.94,18.57,10.32,122.2,2309.6,1789.3,137.5,NWIS_synthetic_sensor_timeseries.csv,DERIVED
2023-12-05T00:20:00,DUL-104,2184.0,15.22,18.52,10.72,119.1,2305.4,1819.4,137.6,NWIS_synthetic_sensor_timeseries.csv,DERIVED
2023-12-05T00:21:00,DUL-104,2184.2,14.51,17.06,11.68,122.3,2304.7,1810.8,139.0,NWIS_synthetic_sensor_timeseries.csv,DERIVED
2023-12-05T00:22:00,DUL-104,2184.4,15.28,18.51,10.59,120.3,2303.2,1810.8,137.6,NWIS_synthetic_sensor_timeseries.csv,DERIVED
2023-12-05T00:23:00,DUL-104,2184.6,14.5,18.33,10.96,118.6,2311.6,1797.7,137.8,NWIS_synthetic_sensor_timeseries.csv,DERIVED
2023-12-05T00:24:00,DUL-104,2184.8,14.71,18.2,11.24,120.2,2310.7,1792.4,137.9,NWIS_synthetic_sensor_timeseries.csv,DERIVED
2023-12-05T00:25:00,DUL-104,2185.0,14.85,18.16,10.43,121.4,2294.2,1784.7,138.0,NWIS_synthetic_sensor_timeseries.csv,DERIVED
2023-12-05T00:26:00,DUL-104,2185.2,14.6,18.03,10.51,118.5,2297.3,1817.5,138.1,NWIS_synthetic_sensor_timeseries.csv,DERIVED
2023-12-05T00:27:00,DUL-104,2185.4,15.2,17.51,11.35,120.4,2317.8,1780.5,138.6,NWIS_synthetic_sensor_timeseries.csv,DERIVED
2023-12-05T00:28:00,DUL-104,2185.6,14.7,18.8,10.75,119.6,2290.2,1792.4,137.4,NWIS_synthetic_sensor_timeseries.csv,DERIVED
2023-12-05T00:29:00,DUL-104,2185.8,14.77,17.23,11.56,118.3,2300.7,1787.2,138.9,NWIS_synthetic_sensor_timeseries.csv,DERIVED
2023-12-05T00:30:00,DUL-104,2186.0,14.95,18.05,11.11,118.8,2313.0,1793.7,138.1,NWIS_synthetic_sensor_timeseries.csv,DERIVED
2023-12-05T00:31:00,DUL-104,2186.2,15.06,17.66,11.41,119.9,2294.0,1804.3,138.5,NWIS_synthetic_sensor_timeseries.csv,DERIVED
2023-12-05T00:32:00,DUL-104,2186.4,15.39,18.4,11.6,117.2,2297.3,1813.4,137.8,NWIS_synthetic_sensor_timeseries.csv,DERIVED
2023-12-05T00:33:00,DUL-104,2186.6,15.17,18.25,11.0,118.2,2303.0,1787.5,138.0,NWIS_synthetic_sensor_timeseries.csv,DERIVED
2023-12-05T00:34:00,DUL-104,2186.8,14.77,17.3,10.36,117.7,2306.3,1811.8,138.9,NWIS_synthetic_sensor_timeseries.csv,DERIVED
2023-12-05T00:35:00,DUL-104,2187.0,15.36,17.43,11.17,117.8,2313.5,1817.3,138.8,NWIS_synthetic_sensor_timeseries.csv,DERIVED
2023-12-05T00:36:00,DUL-104,2187.2,15.46,18.93,10.86,119.1,2317.5,1801.8,137.3,NWIS_synthetic_sensor_timeseries.csv,DERIVED
2023-12-05T00:37:00,DUL-104,2187.4,15.35,18.5,10.46,121.6,2308.9,1818.3,137.7,NWIS_synthetic_sensor_timeseries.csv,DERIVED
2023-12-05T00:38:00,DUL-104,2187.6,15.22,18.37,11.4,118.9,2303.4,1781.7,137.9,NWIS_synthetic_sensor_timeseries.csv,DERIVED
2023-12-05T00:39:00,DUL-104,2187.8,15.3,18.62,10.84,119.8,2300.3,1781.0,137.6,NWIS_synthetic_sensor_timeseries.csv,DERIVED
2023-12-05T00:40:00,DUL-104,2188.0,15.36,17.85,10.41,121.1,2320.6,1818.3,138.4,NWIS_synthetic_sensor_timeseries.csv,DERIVED
2023-12-05T00:41:00,DUL-104,2188.2,15.23,17.03,11.29,120.6,2319.3,1803.8,139.3,NWIS_synthetic_sensor_timeseries.csv,DERIVED
2023-12-05T00:42:00,DUL-104,2188.4,14.53,17.54,10.69,122.5,2293.0,1819.8,138.8,NWIS_synthetic_sensor_timeseries.csv,DERIVED
2023-12-05T00:43:00,DUL-104,2188.6,14.65,18.33,10.59,122.4,2309.4,1796.5,138.0,NWIS_synthetic_sensor_timeseries.csv,DERIVED
2023-12-05T00:44:00,DUL-104,2188.8,14.92,19.0,10.3,117.3,2295.2,1813.6,137.3,NWIS_synthetic_sensor_timeseries.csv,DERIVED
2023-12-05T00:45:00,DUL-104,2189.0,15.2,17.98,10.36,120.0,2296.6,1812.1,138.3,NWIS_synthetic_sensor_timeseries.csv,DERIVED
2023-12-05T00:46:00,DUL-104,2189.2,14.92,17.48,11.53,118.6,2306.2,1802.8,138.9,NWIS_synthetic_sensor_timeseries.csv,DERIVED
2023-12-05T00:47:00,DUL-104,2189.4,15.01,17.43,11.02,122.9,2293.0,1792.5,138.9,NWIS_synthetic_sensor_timeseries.csv,DERIVED
2023-12-05T00:48:00,DUL-104,2189.6,14.53,17.97,10.89,122.5,2319.0,1809.2,138.4,NWIS_synthetic_sensor_timeseries.csv,DERIVED
2023-12-05T00:49:00,DUL-104,2189.8,15.23,18.11,10.72,118.2,2310.7,1786.7,138.3,NWIS_synthetic_sensor_timeseries.csv,DERIVED
2023-12-05T00:50:00,DUL-104,2190.0,15.3,17.24,11.45,122.9,2299.3,1808.9,139.1,NWIS_synthetic_sensor_timeseries.csv,DERIVED
2023-12-05T00:51:00,DUL-104,2190.2,15.28,18.12,11.21,120.1,2320.8,1806.2,138.3,NWIS_synthetic_sensor_timeseries.csv,DERIVED
2023-12-05T00:52:00,DUL-104,2190.4,15.26,17.26,10.99,120.4,2306.1,1797.3,139.1,NWIS_synthetic_sensor_timeseries.csv,DERIVED
2023-12-05T00:53:00,DUL-104,2190.6,14.89,17.74,10.81,119.6,2322.6,1780.7,138.7,NWIS_synthetic_sensor_timeseries.csv,DERIVED
2023-12-05T00:54:00,DUL-104,2190.8,14.95,17.73,10.85,120.6,2300.8,1815.0,138.7,NWIS_synthetic_sensor_timeseries.csv,DERIVED
2023-12-05T00:55:00,DUL-104,2191.0,14.97,17.12,10.7,118.9,2320.6,1789.6,139.3,NWIS_synthetic_sensor_timeseries.csv,DERIVED
2023-12-05T00:56:00,DUL-104,2191.2,15.3,17.77,11.28,119.8,2301.0,1814.5,138.7,NWIS_synthetic_sensor_timeseries.csv,DERIVED
2023-12-05T00:57:00,DUL-104,2191.4,15.09,18.43,10.46,122.9,2307.9,1782.4,138.0,NWIS_synthetic_sensor_timeseries.csv,DERIVED
2023-12-05T00:58:00,DUL-104,2191.6,15.31,17.95,10.4,121.0,2321.0,1804.7,138.5,NWIS_synthetic_sensor_timeseries.csv,DERIVED
2023-12-05T00:59:00,DUL-104,2191.8,14.92,18.86,11.12,118.5,2316.3,1789.2,137.6,NWIS_synthetic_sensor_timeseries.csv,DERIVED
2023-12-05T01:00:00,DUL-104,2192.0,14.82,18.63,11.1,119.6,2300.1,1793.2,137.8,NWIS_synthetic_sensor_timeseries.csv,DERIVED
2023-12-05T01:01:00,DUL-104,2192.2,14.83,17.22,11.63,120.6,2307.1,1805.5,139.3,NWIS_synthetic_sensor_timeseries.csv,DERIVED
2023-12-05T01:02:00,DUL-104,2192.4,14.62,17.34,10.35,120.4,2304.1,1816.0,139.1,NWIS_synthetic_sensor_timeseries.csv,DERIVED
2023-12-05T01:03:00,DUL-104,2192.6,15.09,18.56,10.66,118.7,2299.8,1797.5,137.9,NWIS_synthetic_sensor_timeseries.csv,DERIVED
2023-12-05T01:04:00,DUL-104,2192.8,14.69,17.43,10.53,117.8,2305.2,1810.4,139.1,NWIS_synthetic_sensor_timeseries.csv,DERIVED
2023-12-05T01:05:00,DUL-104,2193.0,14.9,18.81,10.97,121.6,2308.2,1790.0,137.7,NWIS_synthetic_sensor_timeseries.csv,DERIVED
2023-12-05T01:06:00,DUL-104,2193.2,15.18,17.54,11.04,119.3,2299.6,1794.4,139.0,NWIS_synthetic_sensor_timeseries.csv,DERIVED
2023-12-05T01:07:00,DUL-104,2193.4,15.03,17.35,10.95,118.2,2305.8,1801.7,139.2,NWIS_synthetic_sensor_timeseries.csv,DERIVED
2023-12-05T01:08:00,DUL-104,2193.6,14.93,17.52,11.3,117.4,2302.2,1802.0,139.0,NWIS_synthetic_sensor_timeseries.csv,DERIVED
2023-12-05T01:09:00,DUL-104,2193.8,14.79,17.69,10.65,118.7,2319.8,1807.9,138.9,NWIS_synthetic_sensor_timeseries.csv,DERIVED
2023-12-05T01:10:00,DUL-104,2194.0,14.61,17.33,11.22,117.3,2303.9,1812.9,139.2,NWIS_synthetic_sensor_timeseries.csv,DERIVED
2023-12-05T01:11:00,DUL-104,2194.2,14.74,18.51,10.9,122.9,2306.6,1819.3,138.1,NWIS_synthetic_sensor_timeseries.csv,DERIVED
2023-12-05T01:12:00,DUL-104,2194.4,14.62,17.71,11.49,120.9,2323.2,1784.0,138.9,NWIS_synthetic_sensor_timeseries.csv,DERIVED
2023-12-05T01:13:00,DUL-104,2194.6,15.48,18.36,11.43,120.9,2305.1,1783.5,138.2,NWIS_synthetic_sensor_timeseries.csv,DERIVED
2023-12-05T01:14:00,DUL-104,2194.8,15.11,17.37,10.36,119.1,2309.9,1789.9,139.2,NWIS_synthetic_sensor_timeseries.csv,DERIVED
2023-12-05T01:15:00,DUL-104,2195.0,15.16,17.36,12.18,120.1,2323.2,1787.0,139.3,NWIS_synthetic_sensor_timeseries.csv,DERIVED
2023-12-05T01:16:00,DUL-104,2195.2,14.91,18.45,12.18,120.3,2324.0,1781.7,138.2,NWIS_synthetic_sensor_timeseries.csv,DERIVED
2023-12-05T01:17:00,DUL-104,2195.4,14.68,18.2,11.65,117.9,2320.8,1791.8,138.4,NWIS_synthetic_sensor_timeseries.csv,DERIVED
2023-12-05T01:18:00,DUL-104,2195.6,14.4,18.59,12.74,121.1,2309.7,1806.4,138.1,NWIS_synthetic_sensor_timeseries.csv,DERIVED
2023-12-05T01:19:00,DUL-104,2195.8,14.38,17.25,12.13,119.4,2309.2,1802.1,139.4,NWIS_synthetic_sensor_timeseries.csv,DERIVED
2023-12-05T01:20:00,DUL-104,2196.0,14.24,18.87,13.22,119.0,2323.7,1810.6,137.8,NWIS_synthetic_sensor_timeseries.csv,DERIVED
2023-12-05T01:21:00,DUL-104,2196.2,14.65,17.51,13.36,117.7,2300.9,1792.9,139.2,NWIS_synthetic_sensor_timeseries.csv,DERIVED
2023-12-05T01:22:00,DUL-104,2196.4,14.11,18.59,13.17,121.2,2322.0,1792.7,138.1,NWIS_synthetic_sensor_timeseries.csv,DERIVED
2023-12-05T01:23:00,DUL-104,2196.6,14.63,17.69,13.65,119.2,2302.9,1798.4,139.0,NWIS_synthetic_sensor_timeseries.csv,DERIVED
2023-12-05T01:24:00,DUL-104,2196.8,14.19,18.49,13.22,120.1,2324.9,1807.7,138.2,NWIS_synthetic_sensor_timeseries.csv,DERIVED
2023-12-05T01:25:00,DUL-104,2197.0,14.56,17.73,14.11,120.3,2306.8,1812.0,139.0,NWIS_synthetic_sensor_timeseries.csv,DERIVED
2023-12-05T01:26:00,DUL-104,2197.2,13.93,17.08,13.18,122.8,2323.1,1802.2,139.6,NWIS_synthetic_sensor_timeseries.csv,DERIVED
2023-12-05T01:27:00,DUL-104,2197.4,14.22,18.84,13.79,117.5,2302.0,1806.9,137.9,NWIS_synthetic_sensor_timeseries.csv,DERIVED
2023-12-05T01:28:00,DUL-104,2197.6,14.28,17.1,14.51,122.6,2299.4,1811.2,139.6,NWIS_synthetic_sensor_timeseries.csv,DERIVED
2023-12-05T01:29:00,DUL-104,2197.8,14.29,18.05,14.28,117.9,2326.3,1795.9,138.7,NWIS_synthetic_sensor_timeseries.csv,DERIVED
2023-12-05T01:30:00,DUL-104,2198.0,14.41,18.36,14.09,121.7,2308.5,1799.5,138.4,NWIS_synthetic_sensor_timeseries.csv,DERIVED
2023-12-05T01:31:00,DUL-104,2198.2,14.26,17.9,14.37,121.1,2316.4,1801.2,138.9,NWIS_synthetic_sensor_timeseries.csv,DERIVED
2023-12-05T01:32:00,DUL-104,2198.4,14.21,17.98,14.03,121.3,2325.2,1793.5,138.8,NWIS_synthetic_sensor_timeseries.csv,DERIVED
2023-12-05T01:33:00,DUL-104,2198.6,13.61,18.3,15.33,123.0,2301.2,1783.1,140.0,NWIS_synthetic_sensor_timeseries.csv,DERIVED
2023-12-05T01:34:00,DUL-104,2198.8,13.43,17.16,14.79,119.7,2327.3,1802.3,139.6,NWIS_synthetic_sensor_timeseries.csv,DERIVED
2023-12-05T01:35:00,DUL-104,2199.0,13.7,18.95,14.93,119.1,2328.9,1813.0,137.9,NWIS_synthetic_sensor_timeseries.csv,DERIVED
2023-12-05T01:36:00,DUL-104,2199.2,13.38,17.85,14.83,117.8,2329.9,1818.3,139.0,NWIS_synthetic_sensor_timeseries.csv,DERIVED
2023-12-05T01:37:00,DUL-104,2199.4,12.98,17.11,15.13,118.6,2316.4,1807.0,140.3,NWIS_synthetic_sensor_timeseries.csv,DERIVED
2023-12-05T01:38:00,DUL-104,2199.6,13.19,18.38,15.82,121.4,2322.1,1798.6,142.1,NWIS_synthetic_sensor_timeseries.csv,DERIVED
2023-12-05T01:39:00,DUL-104,2199.8,13.29,17.37,15.2,120.7,2326.6,1814.1,140.4,NWIS_synthetic_sensor_timeseries.csv,DERIVED
2023-12-05T01:40:00,DUL-104,2200.0,12.93,18.48,15.98,118.6,2330.5,1780.3,142.8,NWIS_synthetic_sensor_timeseries.csv,DERIVED
2023-12-05T01:41:00,DUL-104,2200.2,13.28,18.69,15.95,117.7,2311.3,1793.2,142.5,NWIS_synthetic_sensor_timeseries.csv,DERIVED
2023-12-05T01:42:00,DUL-104,2200.4,13.58,18.65,15.87,120.5,2303.2,1809.3,142.1,NWIS_synthetic_sensor_timeseries.csv,DERIVED
2023-12-05T01:43:00,DUL-104,2200.6,12.64,19.0,17.09,119.2,2317.5,1790.1,147.3,NWIS_synthetic_sensor_timeseries.csv,DERIVED
2023-12-05T01:44:00,DUL-104,2200.8,12.73,17.72,17.26,120.4,2319.0,1817.9,149.3,NWIS_synthetic_sensor_timeseries.csv,DERIVED
2023-12-05T01:45:00,DUL-104,2201.0,13.22,17.83,16.46,117.1,2330.1,1794.7,145.6,NWIS_synthetic_sensor_timeseries.csv,DERIVED
2023-12-05T01:46:00,DUL-104,2201.2,13.04,17.19,16.59,120.9,2329.6,1807.9,146.9,NWIS_synthetic_sensor_timeseries.csv,DERIVED
2023-12-05T01:47:00,DUL-104,2201.4,12.34,18.6,16.62,123.0,2315.9,1818.8,145.6,NWIS_synthetic_sensor_timeseries.csv,DERIVED
2023-12-05T01:48:00,DUL-104,2201.6,12.46,18.96,17.33,120.1,2324.2,1813.7,148.5,NWIS_synthetic_sensor_timeseries.csv,DERIVED
2023-12-05T01:49:00,DUL-104,2201.8,12.97,18.72,17.52,118.2,2303.2,1803.0,149.6,NWIS_synthetic_sensor_timeseries.csv,DERIVED
2023-12-05T01:50:00,DUL-104,2202.0,12.49,17.82,18.19,118.1,2320.3,1780.1,153.5,NWIS_synthetic_sensor_timeseries.csv,DERIVED
2023-12-05T01:51:00,DUL-104,2202.2,12.11,18.62,18.06,118.5,2328.6,1787.0,152.1,NWIS_synthetic_sensor_timeseries.csv,DERIVED
2023-12-05T01:52:00,DUL-104,2202.4,12.51,17.04,18.28,119.2,2315.9,1803.5,154.7,NWIS_synthetic_sensor_timeseries.csv,DERIVED
2023-12-05T01:53:00,DUL-104,2202.6,11.92,17.22,17.67,121.2,2309.8,1819.4,151.8,NWIS_synthetic_sensor_timeseries.csv,DERIVED
2023-12-05T01:54:00,DUL-104,2202.8,12.25,17.8,17.98,118.0,2324.2,1811.9,152.6,NWIS_synthetic_sensor_timeseries.csv,DERIVED
2023-12-05T01:55:00,DUL-104,2203.0,12.33,18.84,17.84,119.7,2306.6,1806.8,150.9,NWIS_synthetic_sensor_timeseries.csv,DERIVED
2023-12-05T01:56:00,DUL-104,2203.2,12.24,17.95,18.04,121.5,2317.7,1804.4,152.7,NWIS_synthetic_sensor_timeseries.csv,DERIVED
2023-12-05T01:57:00,DUL-104,2203.4,12.02,18.79,18.28,120.3,2333.6,1793.1,153.0,NWIS_synthetic_sensor_timeseries.csv,DERIVED
2023-12-05T01:58:00,DUL-104,2203.6,12.23,18.38,19.06,118.5,2333.9,1817.6,156.9,NWIS_synthetic_sensor_timeseries.csv,DERIVED
2023-12-05T01:59:00,DUL-104,2203.8,12.29,17.69,19.25,118.2,2333.6,1792.2,158.5,NWIS_synthetic_sensor_timeseries.csv,DERIVED
2023-12-05T02:00:00,DUL-104,2204.0,11.98,18.34,19.54,122.6,2304.2,1781.5,159.1,NWIS_synthetic_sensor_timeseries.csv,DERIVED
2023-12-05T02:01:00,DUL-104,2204.2,11.81,17.4,18.7,120.8,2330.0,1818.4,156.3,NWIS_synthetic_sensor_timeseries.csv,DERIVED
2023-12-05T02:02:00,DUL-104,2204.4,11.75,18.56,19.69,118.6,2304.6,1792.8,159.6,NWIS_synthetic_sensor_timeseries.csv,DERIVED
2023-12-05T02:03:00,DUL-104,2204.6,11.18,18.22,19.68,118.8,2328.9,1811.2,159.9,NWIS_synthetic_sensor_timeseries.csv,DERIVED
2023-12-05T02:04:00,DUL-104,2204.8,11.49,18.98,19.87,119.6,2332.4,1809.4,160.0,NWIS_synthetic_sensor_timeseries.csv,DERIVED
2023-12-05T02:05:00,DUL-104,2205.0,11.04,18.35,19.5,122.0,2323.9,1790.7,159.0,NWIS_synthetic_sensor_timeseries.csv,DERIVED
2023-12-05T02:06:00,DUL-104,2205.2,10.95,17.7,20.2,119.0,2307.2,1816.1,162.8,NWIS_synthetic_sensor_timeseries.csv,DERIVED
2023-12-05T02:07:00,DUL-104,2205.4,11.28,18.45,19.63,117.7,2329.6,1811.7,159.5,NWIS_synthetic_sensor_timeseries.csv,DERIVED
2023-12-05T02:08:00,DUL-104,2205.6,10.88,18.66,19.8,122.1,2321.0,1814.3,160.1,NWIS_synthetic_sensor_timeseries.csv,DERIVED
2023-12-05T02:09:00,DUL-104,2205.8,10.72,17.83,20.39,122.9,2328.8,1803.2,163.6,NWIS_synthetic_sensor_timeseries.csv,DERIVED
2023-12-05T02:10:00,DUL-104,2206.0,11.58,17.16,21.18,122.8,2328.3,1793.0,167.8,NWIS_synthetic_sensor_timeseries.csv,DERIVED
2023-12-05T02:11:00,DUL-104,2206.2,10.64,17.26,21.64,119.6,2335.9,1808.1,169.8,NWIS_synthetic_sensor_timeseries.csv,DERIVED
2023-12-05T02:12:00,DUL-104,2206.4,10.85,18.49,21.49,119.5,2327.2,1792.4,167.9,NWIS_synthetic_sensor_timeseries.csv,DERIVED
2023-12-05T02:13:00,DUL-104,2206.6,11.01,18.13,21.61,119.4,2308.6,1792.5,168.8,NWIS_synthetic_sensor_timeseries.csv,DERIVED
2023-12-05T02:14:00,DUL-104,2206.8,11.09,18.23,20.81,121.4,2312.6,1813.0,165.1,NWIS_synthetic_sensor_timeseries.csv,DERIVED
2023-12-05T02:15:00,DUL-104,2207.0,10.86,17.54,21.22,119.4,2311.1,1805.3,167.6,NWIS_synthetic_sensor_timeseries.csv,DERIVED
2023-12-05T02:16:00,DUL-104,2207.2,10.49,17.12,21.3,120.1,2315.8,1799.3,168.4,NWIS_synthetic_sensor_timeseries.csv,DERIVED
2023-12-05T02:17:00,DUL-104,2207.4,10.8,18.57,22.03,120.5,2317.9,1819.2,170.3,NWIS_synthetic_sensor_timeseries.csv,DERIVED
2023-12-05T02:18:00,DUL-104,2207.6,10.2,18.32,21.56,118.3,2311.0,1799.8,168.4,NWIS_synthetic_sensor_timeseries.csv,DERIVED
2023-12-05T02:19:00,DUL-104,2207.8,10.4,17.0,21.9,118.2,2315.0,1793.0,171.3,NWIS_synthetic_sensor_timeseries.csv,DERIVED
2023-12-05T02:20:00,DUL-104,2208.0,10.27,18.67,22.2,117.1,2329.5,1780.1,171.0,NWIS_synthetic_sensor_timeseries.csv,DERIVED
2023-12-05T02:21:00,DUL-104,2208.2,10.34,18.64,23.12,118.2,2334.3,1800.0,175.2,NWIS_synthetic_sensor_timeseries.csv,DERIVED
2023-12-05T02:22:00,DUL-104,2208.4,10.13,18.35,22.18,120.7,2326.6,1795.1,171.2,NWIS_synthetic_sensor_timeseries.csv,DERIVED
2023-12-05T02:23:00,DUL-104,2208.6,10.58,18.81,22.2,122.2,2310.2,1786.9,170.9,NWIS_synthetic_sensor_timeseries.csv,DERIVED
2023-12-05T02:24:00,DUL-104,2208.8,10.53,18.67,22.62,121.9,2319.5,1790.4,172.9,NWIS_synthetic_sensor_timeseries.csv,DERIVED
2023-12-05T02:25:00,DUL-104,2209.0,9.83,17.2,23.44,119.3,2332.1,1785.4,178.1,NWIS_synthetic_sensor_timeseries.csv,DERIVED
2023-12-05T02:26:00,DUL-104,2209.2,10.17,18.71,23.56,120.1,2330.9,1801.4,177.1,NWIS_synthetic_sensor_timeseries.csv,DERIVED
2023-12-05T02:27:00,DUL-104,2209.4,9.61,17.7,23.16,117.5,2335.1,1783.5,176.3,NWIS_synthetic_sensor_timeseries.csv,DERIVED
2023-12-05T02:28:00,DUL-104,2209.6,9.92,17.19,23.81,117.2,2325.7,1783.2,179.8,NWIS_synthetic_sensor_timeseries.csv,DERIVED
2023-12-05T02:29:00,DUL-104,2209.8,9.91,17.68,23.48,120.2,2337.2,1796.9,177.8,NWIS_synthetic_sensor_timeseries.csv,DERIVED
2023-12-05T02:30:00,DUL-104,2210.0,10.24,18.08,24.48,121.6,2330.5,1818.4,181.9,NWIS_synthetic_sensor_timeseries.csv,DERIVED
2023-12-05T02:31:00,DUL-104,2210.2,9.4,17.88,24.52,120.4,2316.1,1788.8,182.3,NWIS_synthetic_sensor_timeseries.csv,DERIVED
2023-12-05T02:32:00,DUL-104,2210.4,9.54,18.45,24.31,121.2,2339.0,1812.0,180.8,NWIS_synthetic_sensor_timeseries.csv,DERIVED
2023-12-05T02:33:00,DUL-104,2210.6,9.54,17.89,24.72,122.6,2320.2,1798.8,183.2,NWIS_synthetic_sensor_timeseries.csv,DERIVED
2023-12-05T02:34:00,DUL-104,2210.8,9.08,17.14,24.37,119.9,2314.8,1793.9,182.4,NWIS_synthetic_sensor_timeseries.csv,DERIVED
2023-12-05T02:35:00,DUL-104,2211.0,9.29,17.04,24.84,117.8,2326.6,1791.3,184.6,NWIS_synthetic_sensor_timeseries.csv,DERIVED
2023-12-05T02:36:00,DUL-104,2211.2,9.57,18.59,24.71,120.0,2310.1,1788.2,182.5,NWIS_synthetic_sensor_timeseries.csv,DERIVED
2023-12-05T02:37:00,DUL-104,2211.4,9.15,17.88,24.98,122.8,2327.4,1805.7,184.4,NWIS_synthetic_sensor_timeseries.csv,DERIVED
2023-12-05T02:38:00,DUL-104,2211.6,9.02,18.92,25.74,117.2,2326.3,1782.7,186.8,NWIS_synthetic_sensor_timeseries.csv,DERIVED
2023-12-05T02:39:00,DUL-104,2211.8,9.26,18.84,25.26,118.7,2321.5,1815.8,184.8,NWIS_synthetic_sensor_timeseries.csv,DERIVED
2023-12-05T02:40:00,DUL-104,2212.0,9.04,17.23,25.28,122.9,2316.9,1783.0,186.5,NWIS_synthetic_sensor_timeseries.csv,DERIVED
2023-12-05T02:41:00,DUL-104,2212.2,9.19,17.23,26.16,121.8,2337.5,1812.6,190.4,NWIS_synthetic_sensor_timeseries.csv,DERIVED
2023-12-05T02:42:00,DUL-104,2212.4,8.89,17.3,26.47,118.5,2325.8,1786.6,191.8,NWIS_synthetic_sensor_timeseries.csv,DERIVED
2023-12-05T02:43:00,DUL-104,2212.6,9.2,17.96,26.18,117.9,2325.1,1790.5,189.8,NWIS_synthetic_sensor_timeseries.csv,DERIVED
2023-12-05T02:44:00,DUL-104,2212.8,8.78,18.72,26.55,120.7,2339.9,1782.0,190.7,NWIS_synthetic_sensor_timeseries.csv,DERIVED
2023-12-05T02:45:00,DUL-104,2213.0,8.44,18.02,25.93,117.8,2328.9,1798.8,188.7,NWIS_synthetic_sensor_timeseries.csv,DERIVED
2023-12-05T02:46:00,DUL-104,2213.2,8.67,18.67,26.87,118.9,2339.7,1819.4,192.2,NWIS_synthetic_sensor_timeseries.csv,DERIVED
2023-12-05T02:47:00,DUL-104,2213.4,8.51,18.49,26.56,118.5,2338.9,1800.2,191.0,NWIS_synthetic_sensor_timeseries.csv,DERIVED
2023-12-05T02:48:00,DUL-104,2213.6,8.44,17.91,27.42,117.6,2327.4,1787.4,195.5,NWIS_synthetic_sensor_timeseries.csv,DERIVED
2023-12-05T02:49:00,DUL-104,2213.8,7.93,17.19,27.72,120.7,2334.6,1817.0,197.6,NWIS_synthetic_sensor_timeseries.csv,DERIVED
2023-12-05T02:50:00,DUL-104,2214.0,8.08,17.17,27.73,117.3,2314.5,1818.9,197.7,NWIS_synthetic_sensor_timeseries.csv,DERIVED
2023-12-05T02:51:00,DUL-104,2214.2,7.81,18.08,27.66,120.1,2315.3,1797.8,196.4,NWIS_synthetic_sensor_timeseries.csv,DERIVED
2023-12-05T02:52:00,DUL-104,2214.4,8.4,17.21,27.98,117.7,2314.1,1805.5,198.8,NWIS_synthetic_sensor_timeseries.csv,DERIVED
2023-12-05T02:53:00,DUL-104,2214.6,8.5,18.58,28.34,117.7,2335.5,1819.8,199.0,NWIS_synthetic_sensor_timeseries.csv,DERIVED
2023-12-05T02:54:00,DUL-104,2214.8,7.79,18.22,27.31,117.8,2331.6,1780.4,194.8,NWIS_synthetic_sensor_timeseries.csv,DERIVED
2023-12-05T02:55:00,DUL-104,2215.0,7.76,18.73,28.66,118.6,2316.3,1815.9,200.3,NWIS_synthetic_sensor_timeseries.csv,DERIVED
2023-12-05T02:56:00,DUL-104,2215.2,7.44,18.23,28.31,120.6,2336.3,1784.6,199.3,NWIS_synthetic_sensor_timeseries.csv,DERIVED
2023-12-05T02:57:00,DUL-104,2215.4,7.44,17.5,28.53,117.6,2337.2,1794.3,201.0,NWIS_synthetic_sensor_timeseries.csv,DERIVED
2023-12-05T02:58:00,DUL-104,2215.6,7.53,18.71,28.59,120.4,2324.5,1803.1,200.1,NWIS_synthetic_sensor_timeseries.csv,DERIVED
2023-12-05T02:59:00,DUL-104,2215.8,7.4,17.64,28.83,120.5,2327.8,1780.8,202.2,NWIS_synthetic_sensor_timeseries.csv,DERIVED
2023-12-05T03:00:00,DUL-104,2216.0,7.75,17.93,28.54,121.9,2332.7,1790.2,200.6,NWIS_synthetic_sensor_timeseries.csv,DERIVED
2023-12-05T03:01:00,DUL-104,2216.2,7.3,18.0,29.01,121.6,2324.6,1813.5,202.7,NWIS_synthetic_sensor_timeseries.csv,DERIVED
2023-12-05T03:02:00,DUL-104,2216.4,7.26,18.26,29.73,117.4,2314.9,1807.2,205.7,NWIS_synthetic_sensor_timeseries.csv,DERIVED
2023-12-05T03:03:00,DUL-104,2216.6,7.62,17.73,29.2,118.0,2337.9,1803.4,203.8,NWIS_synthetic_sensor_timeseries.csv,DERIVED
2023-12-05T03:04:00,DUL-104,2216.8,7.13,18.28,29.04,117.2,2331.6,1802.2,202.6,NWIS_synthetic_sensor_timeseries.csv,DERIVED
2023-12-05T03:05:00,DUL-104,2217.0,7.32,17.93,29.56,118.7,2342.7,1780.1,205.3,NWIS_synthetic_sensor_timeseries.csv,DERIVED
2023-12-05T03:06:00,DUL-104,2217.2,7.35,17.95,29.34,120.1,2342.6,1783.5,204.3,NWIS_synthetic_sensor_timeseries.csv,DERIVED
2023-12-05T03:07:00,DUL-104,2217.4,7.26,18.0,30.2,120.9,2316.0,1813.4,208.1,NWIS_synthetic_sensor_timeseries.csv,DERIVED
2023-12-05T03:08:00,DUL-104,2217.6,7.0,18.09,29.44,122.4,2320.0,1817.0,204.6,NWIS_synthetic_sensor_timeseries.csv,DERIVED
2023-12-05T03:09:00,DUL-104,2217.8,7.33,17.93,30.44,117.5,2339.5,1785.8,209.3,NWIS_synthetic_sensor_timeseries.csv,DERIVED
2023-12-05T03:10:00,DUL-104,2218.0,7.0,18.11,30.69,117.4,2344.0,1815.0,210.2,NWIS_synthetic_sensor_timeseries.csv,DERIVED
2023-12-05T03:11:00,DUL-104,2218.2,7.0,17.3,30.67,119.0,2329.5,1806.3,211.0,NWIS_synthetic_sensor_timeseries.csv,DERIVED
2023-12-05T03:12:00,DUL-104,2218.4,7.08,18.74,31.29,117.5,2332.0,1799.7,212.3,NWIS_synthetic_sensor_timeseries.csv,DERIVED
2023-12-05T03:13:00,DUL-104,2218.6,7.0,18.08,31.17,122.9,2342.9,1793.1,212.4,NWIS_synthetic_sensor_timeseries.csv,DERIVED
2023-12-05T03:14:00,DUL-104,2218.8,7.0,17.84,31.33,118.7,2337.5,1786.3,213.4,NWIS_synthetic_sensor_timeseries.csv,DERIVED
2023-12-05T03:15:00,DUL-104,2219.0,7.0,18.94,31.42,118.6,2324.2,1792.2,212.7,NWIS_synthetic_sensor_timeseries.csv,DERIVED
2023-12-05T03:16:00,DUL-104,2219.2,7.0,17.1,31.34,121.7,2337.5,1799.3,214.2,NWIS_synthetic_sensor_timeseries.csv,DERIVED
2023-12-05T03:17:00,DUL-104,2219.4,7.0,17.26,31.55,121.2,2325.8,1802.7,215.0,NWIS_synthetic_sensor_timeseries.csv,DERIVED
2023-12-05T03:18:00,DUL-104,2219.6,7.0,18.1,31.97,119.3,2317.3,1781.6,216.1,NWIS_synthetic_sensor_timeseries.csv,DERIVED
2023-12-05T03:19:00,DUL-104,2219.8,7.0,18.71,32.41,117.9,2325.3,1806.0,217.5,NWIS_synthetic_sensor_timeseries.csv,DERIVED
2023-12-05T03:20:00,DUL-104,2220.0,7.0,18.09,32.34,122.0,2339.7,1790.2,217.8,NWIS_synthetic_sensor_timeseries.csv,DERIVED
2023-12-05T03:21:00,DUL-104,2220.2,7.0,18.37,31.97,122.3,2331.9,1815.2,215.8,NWIS_synthetic_sensor_timeseries.csv,DERIVED
2023-12-05T03:22:00,DUL-104,2220.4,7.0,17.99,32.12,120.2,2325.1,1806.8,216.9,NWIS_synthetic_sensor_timeseries.csv,DERIVED
2023-12-05T03:23:00,DUL-104,2220.6,7.0,17.55,33.09,122.8,2332.9,1794.4,221.7,NWIS_synthetic_sensor_timeseries.csv,DERIVED
2023-12-05T03:24:00,DUL-104,2220.8,7.0,17.73,32.64,121.6,2325.9,1782.1,219.5,NWIS_synthetic_sensor_timeseries.csv,DERIVED
2023-12-05T03:25:00,DUL-104,2221.0,7.0,18.29,33.3,122.7,2329.5,1804.3,221.9,NWIS_synthetic_sensor_timeseries.csv,DERIVED
2023-12-05T03:26:00,DUL-104,2221.2,7.0,17.02,33.47,119.0,2341.3,1806.2,224.0,NWIS_synthetic_sensor_timeseries.csv,DERIVED
2023-12-05T03:27:00,DUL-104,2221.4,7.0,17.95,32.53,119.2,2347.3,1805.4,218.8,NWIS_synthetic_sensor_timeseries.csv,DERIVED
2023-12-05T03:28:00,DUL-104,2221.6,7.0,18.52,33.37,117.9,2347.3,1811.6,222.1,NWIS_synthetic_sensor_timeseries.csv,DERIVED
2023-12-05T03:29:00,DUL-104,2221.8,7.0,18.61,33.74,121.9,2337.3,1787.1,223.6,NWIS_synthetic_sensor_timeseries.csv,DERIVED
2023-12-05T03:30:00,DUL-104,2222.0,7.0,17.58,33.36,121.7,2348.4,1782.5,223.0,NWIS_synthetic_sensor_timeseries.csv,DERIVED
2023-12-05T03:31:00,DUL-104,2222.2,7.0,17.78,33.17,119.2,2344.4,1805.2,221.9,NWIS_synthetic_sensor_timeseries.csv,DERIVED
2023-12-05T03:32:00,DUL-104,2222.4,7.0,18.05,33.86,118.7,2333.3,1785.9,224.8,NWIS_synthetic_sensor_timeseries.csv,DERIVED
2023-12-05T03:33:00,DUL-104,2222.6,7.0,18.87,34.5,117.4,2323.2,1781.8,226.8,NWIS_synthetic_sensor_timeseries.csv,DERIVED
2023-12-05T03:34:00,DUL-104,2222.8,7.0,18.51,33.74,119.5,2332.3,1796.1,223.8,NWIS_synthetic_sensor_timeseries.csv,DERIVED
2023-12-05T03:35:00,DUL-104,2223.0,7.0,17.27,34.09,118.1,2335.9,1808.9,226.6,NWIS_synthetic_sensor_timeseries.csv,DERIVED
2023-12-05T03:36:00,DUL-104,2223.2,7.0,17.6,34.81,122.6,2332.5,1801.3,229.5,NWIS_synthetic_sensor_timeseries.csv,DERIVED
2023-12-05T03:37:00,DUL-104,2223.4,7.0,17.58,34.96,121.2,2333.4,1808.7,230.2,NWIS_synthetic_sensor_timeseries.csv,DERIVED
2023-12-05T03:38:00,DUL-104,2223.6,7.0,17.29,34.78,117.7,2325.4,1806.5,229.7,NWIS_synthetic_sensor_timeseries.csv,DERIVED
2023-12-05T03:39:00,DUL-104,2223.8,7.0,17.37,35.61,118.5,2324.4,1803.1,233.4,NWIS_synthetic_sensor_timeseries.csv,DERIVED
2023-12-05T03:40:00,DUL-104,2224.0,7.0,18.22,35.63,119.6,2339.9,1783.7,232.6,NWIS_synthetic_sensor_timeseries.csv,DERIVED
2023-12-05T03:41:00,DUL-104,2224.2,7.0,17.18,35.98,120.8,2343.6,1794.9,235.3,NWIS_synthetic_sensor_timeseries.csv,DERIVED
2023-12-05T03:42:00,DUL-104,2224.4,7.0,17.26,35.54,118.3,2341.1,1818.2,233.2,NWIS_synthetic_sensor_timeseries.csv,DERIVED
2023-12-05T03:43:00,DUL-104,2224.6,7.0,17.05,36.2,122.0,2324.6,1815.0,236.4,NWIS_synthetic_sensor_timeseries.csv,DERIVED
2023-12-05T03:44:00,DUL-104,2224.8,7.0,17.29,36.01,119.5,2337.3,1784.9,235.3,NWIS_synthetic_sensor_timeseries.csv,DERIVED
2023-12-05T03:45:00,DUL-104,2225.0,7.0,18.15,36.1,118.8,2329.3,1788.4,234.9,NWIS_synthetic_sensor_timeseries.csv,DERIVED
2023-12-05T03:46:00,DUL-104,2225.2,7.0,17.97,36.24,117.5,2336.9,1788.1,235.7,NWIS_synthetic_sensor_timeseries.csv,DERIVED
2023-12-05T03:47:00,DUL-104,2225.4,7.0,18.27,36.05,118.4,2322.3,1808.3,234.5,NWIS_synthetic_sensor_timeseries.csv,DERIVED
2023-12-05T03:48:00,DUL-104,2225.6,7.0,17.78,35.94,122.6,2338.2,1800.2,234.6,NWIS_synthetic_sensor_timeseries.csv,DERIVED
2023-12-05T03:49:00,DUL-104,2225.8,7.0,17.57,37.18,119.1,2327.3,1813.6,240.4,NWIS_synthetic_sensor_timeseries.csv,DERIVED
2023-12-05T03:50:00,DUL-104,2226.0,7.0,17.07,36.94,118.2,2343.9,1802.6,239.8,NWIS_synthetic_sensor_timeseries.csv,DERIVED
2023-12-05T03:51:00,DUL-104,2226.2,7.0,18.23,36.29,120.9,2351.7,1800.9,235.7,NWIS_synthetic_sensor_timeseries.csv,DERIVED
2023-12-05T03:52:00,DUL-104,2226.4,7.0,17.08,37.76,122.1,2347.2,1788.7,243.5,NWIS_synthetic_sensor_timeseries.csv,DERIVED
2023-12-05T03:53:00,DUL-104,2226.6,7.0,18.4,36.69,118.3,2327.5,1804.7,237.4,NWIS_synthetic_sensor_timeseries.csv,DERIVED
2023-12-05T03:54:00,DUL-104,2226.8,7.0,17.79,38.07,121.1,2349.3,1810.5,244.2,NWIS_synthetic_sensor_timeseries.csv,DERIVED
2023-12-05T03:55:00,DUL-104,2227.0,7.0,18.9,37.27,122.8,2332.7,1807.2,239.5,NWIS_synthetic_sensor_timeseries.csv,DERIVED
2023-12-05T03:56:00,DUL-104,2227.2,7.0,18.59,38.18,119.4,2342.4,1814.9,243.9,NWIS_synthetic_sensor_timeseries.csv,DERIVED
2023-12-05T03:57:00,DUL-104,2227.4,7.0,18.68,37.24,117.6,2325.6,1789.0,239.6,NWIS_synthetic_sensor_timeseries.csv,DERIVED
2023-12-05T03:58:00,DUL-104,2227.6,7.0,18.19,38.44,119.5,2339.7,1800.3,245.5,NWIS_synthetic_sensor_timeseries.csv,DERIVED
2023-12-05T03:59:00,DUL-104,2227.8,7.0,17.22,38.19,121.1,2344.0,1810.4,245.3,NWIS_synthetic_sensor_timeseries.csv,DERIVED
2023-12-05T00:00:00,DUL-70,2180.0,14.6,18.08,10.79,117.6,2311.4,1787.3,137.8,NWIS_synthetic_sensor_timeseries.csv,DERIVED
2023-12-05T00:01:00,DUL-70,2180.2,14.98,17.37,11.43,122.1,2295.2,1809.1,138.5,NWIS_synthetic_sensor_timeseries.csv,DERIVED
2023-12-05T00:02:00,DUL-70,2180.4,15.37,17.84,10.72,119.4,2292.0,1808.2,138.1,NWIS_synthetic_sensor_timeseries.csv,DERIVED
2023-12-05T00:03:00,DUL-70,2180.6,14.99,18.92,11.23,117.1,2294.1,1818.4,137.0,NWIS_synthetic_sensor_timeseries.csv,DERIVED
2023-12-05T00:04:00,DUL-70,2180.8,14.71,18.7,10.39,117.9,2301.2,1790.9,137.2,NWIS_synthetic_sensor_timeseries.csv,DERIVED
2023-12-05T00:05:00,DUL-70,2181.0,14.81,17.89,10.54,122.4,2292.8,1784.5,138.0,NWIS_synthetic_sensor_timeseries.csv,DERIVED
2023-12-05T00:06:00,DUL-70,2181.2,14.59,17.62,11.21,120.3,2308.3,1816.4,138.3,NWIS_synthetic_sensor_timeseries.csv,DERIVED
2023-12-05T00:07:00,DUL-70,2181.4,14.69,18.62,10.56,121.2,2288.0,1791.3,137.3,NWIS_synthetic_sensor_timeseries.csv,DERIVED
2023-12-05T00:08:00,DUL-70,2181.6,15.06,18.53,11.52,121.5,2294.6,1795.0,137.4,NWIS_synthetic_sensor_timeseries.csv,DERIVED
2023-12-05T00:09:00,DUL-70,2181.8,15.17,18.68,11.04,118.0,2291.3,1814.0,137.3,NWIS_synthetic_sensor_timeseries.csv,DERIVED
2023-12-05T00:10:00,DUL-70,2182.0,15.45,18.91,10.81,117.2,2292.6,1810.5,137.1,NWIS_synthetic_sensor_timeseries.csv,DERIVED
2023-12-05T00:11:00,DUL-70,2182.2,14.51,17.72,11.35,117.7,2289.3,1793.8,138.3,NWIS_synthetic_sensor_timeseries.csv,DERIVED
2023-12-05T00:12:00,DUL-70,2182.4,15.47,17.34,10.99,122.1,2314.4,1802.6,138.7,NWIS_synthetic_sensor_timeseries.csv,DERIVED
2023-12-05T00:13:00,DUL-70,2182.6,14.82,17.39,10.54,118.3,2305.5,1810.7,138.6,NWIS_synthetic_sensor_timeseries.csv,DERIVED
2023-12-05T00:14:00,DUL-70,2182.8,14.59,18.02,11.46,122.1,2306.2,1807.8,138.0,NWIS_synthetic_sensor_timeseries.csv,DERIVED
2023-12-05T00:15:00,DUL-70,2183.0,15.08,17.6,11.31,117.8,2310.0,1805.3,138.4,NWIS_synthetic_sensor_timeseries.csv,DERIVED
2023-12-05T00:16:00,DUL-70,2183.2,14.83,17.95,11.3,119.9,2310.0,1800.4,138.1,NWIS_synthetic_sensor_timeseries.csv,DERIVED
2023-12-05T00:17:00,DUL-70,2183.4,14.76,17.46,11.12,118.2,2314.6,1815.2,138.6,NWIS_synthetic_sensor_timeseries.csv,DERIVED
2023-12-05T00:18:00,DUL-70,2183.6,15.05,18.87,10.68,117.1,2306.8,1800.8,137.2,NWIS_synthetic_sensor_timeseries.csv,DERIVED
2023-12-05T00:19:00,DUL-70,2183.8,14.79,18.25,11.24,122.5,2290.2,1815.4,137.8,NWIS_synthetic_sensor_timeseries.csv,DERIVED
2023-12-05T00:20:00,DUL-70,2184.0,15.36,17.14,11.3,122.3,2313.3,1812.1,138.9,NWIS_synthetic_sensor_timeseries.csv,DERIVED
2023-12-05T00:21:00,DUL-70,2184.2,15.4,18.99,10.95,121.8,2317.1,1809.4,137.1,NWIS_synthetic_sensor_timeseries.csv,DERIVED
2023-12-05T00:22:00,DUL-70,2184.4,15.0,17.43,10.86,120.0,2296.4,1813.8,138.7,NWIS_synthetic_sensor_timeseries.csv,DERIVED
2023-12-05T00:23:00,DUL-70,2184.6,15.01,18.33,11.26,120.4,2288.9,1818.8,137.8,NWIS_synthetic_sensor_timeseries.csv,DERIVED
2023-12-05T00:24:00,DUL-70,2184.8,14.58,18.65,10.95,118.5,2289.8,1811.9,137.5,NWIS_synthetic_sensor_timeseries.csv,DERIVED
2023-12-05T00:25:00,DUL-70,2185.0,15.43,17.9,10.66,119.2,2317.5,1807.2,138.2,NWIS_synthetic_sensor_timeseries.csv,DERIVED
2023-12-05T00:26:00,DUL-70,2185.2,14.76,18.65,10.31,117.6,2296.7,1807.1,137.5,NWIS_synthetic_sensor_timeseries.csv,DERIVED
2023-12-05T00:27:00,DUL-70,2185.4,14.82,17.15,11.3,120.2,2314.3,1803.2,139.0,NWIS_synthetic_sensor_timeseries.csv,DERIVED
2023-12-05T00:28:00,DUL-70,2185.6,14.63,18.48,10.78,119.0,2306.4,1789.6,137.7,NWIS_synthetic_sensor_timeseries.csv,DERIVED
2023-12-05T00:29:00,DUL-70,2185.8,14.54,17.27,10.32,119.7,2316.3,1810.0,138.9,NWIS_synthetic_sensor_timeseries.csv,DERIVED
2023-12-05T00:30:00,DUL-70,2186.0,15.04,18.23,10.74,123.0,2301.4,1790.4,137.9,NWIS_synthetic_sensor_timeseries.csv,DERIVED
2023-12-05T00:31:00,DUL-70,2186.2,14.92,18.3,10.73,118.9,2316.4,1787.3,137.9,NWIS_synthetic_sensor_timeseries.csv,DERIVED
2023-12-05T00:32:00,DUL-70,2186.4,15.01,17.21,11.31,122.1,2308.1,1811.1,139.0,NWIS_synthetic_sensor_timeseries.csv,DERIVED
2023-12-05T00:33:00,DUL-70,2186.6,14.98,18.22,10.39,118.6,2302.2,1801.5,138.0,NWIS_synthetic_sensor_timeseries.csv,DERIVED
2023-12-05T00:34:00,DUL-70,2186.8,14.78,17.37,11.55,118.6,2293.8,1816.8,138.8,NWIS_synthetic_sensor_timeseries.csv,DERIVED
2023-12-05T00:35:00,DUL-70,2187.0,15.4,18.96,10.8,122.2,2320.4,1782.7,137.3,NWIS_synthetic_sensor_timeseries.csv,DERIVED
2023-12-05T00:36:00,DUL-70,2187.2,14.52,17.95,11.0,118.5,2311.2,1784.9,138.3,NWIS_synthetic_sensor_timeseries.csv,DERIVED
2023-12-05T00:37:00,DUL-70,2187.4,14.62,18.6,10.43,117.6,2317.3,1812.2,137.6,NWIS_synthetic_sensor_timeseries.csv,DERIVED
2023-12-05T00:38:00,DUL-70,2187.6,14.8,17.16,11.21,121.9,2292.5,1788.9,139.1,NWIS_synthetic_sensor_timeseries.csv,DERIVED
2023-12-05T00:39:00,DUL-70,2187.8,14.55,18.29,11.36,117.6,2295.6,1806.9,138.0,NWIS_synthetic_sensor_timeseries.csv,DERIVED
2023-12-05T00:40:00,DUL-70,2188.0,14.71,18.26,10.97,122.2,2312.1,1782.4,138.0,NWIS_synthetic_sensor_timeseries.csv,DERIVED
2023-12-05T00:41:00,DUL-70,2188.2,15.01,17.98,11.39,120.5,2314.2,1791.1,138.3,NWIS_synthetic_sensor_timeseries.csv,DERIVED
2023-12-05T00:42:00,DUL-70,2188.4,14.5,18.74,10.6,120.1,2313.3,1800.3,137.6,NWIS_synthetic_sensor_timeseries.csv,DERIVED
2023-12-05T00:43:00,DUL-70,2188.6,14.96,18.38,11.11,120.1,2318.3,1811.4,137.9,NWIS_synthetic_sensor_timeseries.csv,DERIVED
2023-12-05T00:44:00,DUL-70,2188.8,14.76,17.71,10.47,118.9,2306.8,1819.9,138.6,NWIS_synthetic_sensor_timeseries.csv,DERIVED
2023-12-05T00:45:00,DUL-70,2189.0,15.2,17.32,10.82,122.5,2311.1,1795.0,139.0,NWIS_synthetic_sensor_timeseries.csv,DERIVED
2023-12-05T00:46:00,DUL-70,2189.2,14.82,18.61,11.43,117.9,2304.8,1798.6,137.7,NWIS_synthetic_sensor_timeseries.csv,DERIVED
2023-12-05T00:47:00,DUL-70,2189.4,15.42,17.35,11.55,121.6,2303.6,1788.0,139.0,NWIS_synthetic_sensor_timeseries.csv,DERIVED
2023-12-05T00:48:00,DUL-70,2189.6,14.98,18.31,10.55,117.8,2305.0,1807.4,138.0,NWIS_synthetic_sensor_timeseries.csv,DERIVED
2023-12-05T00:49:00,DUL-70,2189.8,15.34,18.76,10.33,121.5,2301.7,1807.9,137.6,NWIS_synthetic_sensor_timeseries.csv,DERIVED
2023-12-05T00:50:00,DUL-70,2190.0,15.15,17.1,11.65,120.3,2301.5,1819.2,139.3,NWIS_synthetic_sensor_timeseries.csv,DERIVED
2023-12-05T00:51:00,DUL-70,2190.2,14.58,18.49,11.13,122.8,2317.5,1787.2,137.9,NWIS_synthetic_sensor_timeseries.csv,DERIVED
2023-12-05T00:52:00,DUL-70,2190.4,15.05,17.38,10.35,117.5,2298.5,1811.6,139.0,NWIS_synthetic_sensor_timeseries.csv,DERIVED
2023-12-05T00:53:00,DUL-70,2190.6,14.66,17.76,11.66,117.8,2317.6,1811.6,138.6,NWIS_synthetic_sensor_timeseries.csv,DERIVED
2023-12-05T00:54:00,DUL-70,2190.8,14.84,17.2,11.42,117.3,2315.3,1810.6,139.2,NWIS_synthetic_sensor_timeseries.csv,DERIVED
2023-12-05T00:55:00,DUL-70,2191.0,14.71,18.41,10.69,122.1,2298.4,1781.6,138.0,NWIS_synthetic_sensor_timeseries.csv,DERIVED
2023-12-05T00:56:00,DUL-70,2191.2,15.26,18.37,10.66,121.3,2299.9,1805.6,138.1,NWIS_synthetic_sensor_timeseries.csv,DERIVED
2023-12-05T00:57:00,DUL-70,2191.4,15.34,17.72,10.31,122.4,2309.7,1817.0,138.7,NWIS_synthetic_sensor_timeseries.csv,DERIVED
2023-12-05T00:58:00,DUL-70,2191.6,15.27,17.07,11.02,119.9,2310.7,1793.4,139.4,NWIS_synthetic_sensor_timeseries.csv,DERIVED
2023-12-05T00:59:00,DUL-70,2191.8,14.81,18.77,10.61,121.5,2308.1,1785.0,137.7,NWIS_synthetic_sensor_timeseries.csv,DERIVED
2023-12-05T01:00:00,DUL-70,2192.0,15.28,17.34,11.34,119.3,2323.4,1806.1,139.1,NWIS_synthetic_sensor_timeseries.csv,DERIVED
2023-12-05T01:01:00,DUL-70,2192.2,15.07,18.78,10.46,119.4,2314.7,1802.8,137.7,NWIS_synthetic_sensor_timeseries.csv,DERIVED
2023-12-05T01:02:00,DUL-70,2192.4,15.5,18.19,10.49,120.5,2300.6,1808.2,138.3,NWIS_synthetic_sensor_timeseries.csv,DERIVED
2023-12-05T01:03:00,DUL-70,2192.6,14.75,18.54,11.23,119.9,2314.3,1783.6,138.0,NWIS_synthetic_sensor_timeseries.csv,DERIVED
2023-12-05T01:04:00,DUL-70,2192.8,15.13,17.15,10.32,120.2,2307.8,1814.7,139.4,NWIS_synthetic_sensor_timeseries.csv,DERIVED
2023-12-05T01:05:00,DUL-70,2193.0,15.3,18.79,11.01,117.7,2323.6,1788.4,137.7,NWIS_synthetic_sensor_timeseries.csv,DERIVED
2023-12-05T01:06:00,DUL-70,2193.2,14.92,18.87,10.61,121.2,2312.3,1797.1,137.7,NWIS_synthetic_sensor_timeseries.csv,DERIVED
2023-12-05T01:07:00,DUL-70,2193.4,14.92,17.26,10.3,117.1,2320.0,1792.0,139.3,NWIS_synthetic_sensor_timeseries.csv,DERIVED
2023-12-05T01:08:00,DUL-70,2193.6,14.53,18.35,11.04,117.7,2308.0,1799.1,138.2,NWIS_synthetic_sensor_timeseries.csv,DERIVED
2023-12-05T01:09:00,DUL-70,2193.8,14.55,17.15,11.7,118.1,2312.6,1811.1,139.4,NWIS_synthetic_sensor_timeseries.csv,DERIVED
2023-12-05T01:10:00,DUL-70,2194.0,14.86,18.41,11.06,122.9,2314.3,1797.5,138.2,NWIS_synthetic_sensor_timeseries.csv,DERIVED
2023-12-05T01:11:00,DUL-70,2194.2,15.06,17.84,10.83,117.5,2326.0,1800.2,138.7,NWIS_synthetic_sensor_timeseries.csv,DERIVED
2023-12-05T01:12:00,DUL-70,2194.4,15.24,18.42,11.44,119.3,2302.5,1780.6,138.2,NWIS_synthetic_sensor_timeseries.csv,DERIVED
2023-12-05T01:13:00,DUL-70,2194.6,14.85,17.04,10.55,121.4,2323.0,1818.0,139.6,NWIS_synthetic_sensor_timeseries.csv,DERIVED
2023-12-05T01:14:00,DUL-70,2194.8,15.34,17.9,11.16,122.6,2322.5,1811.2,138.7,NWIS_synthetic_sensor_timeseries.csv,DERIVED
2023-12-05T01:15:00,DUL-70,2195.0,14.65,18.05,11.39,117.5,2315.2,1787.2,138.6,NWIS_synthetic_sensor_timeseries.csv,DERIVED
2023-12-05T01:16:00,DUL-70,2195.2,14.75,18.92,11.66,121.9,2317.3,1796.7,137.7,NWIS_synthetic_sensor_timeseries.csv,DERIVED
2023-12-05T01:17:00,DUL-70,2195.4,14.57,17.35,10.47,118.7,2324.3,1815.0,139.3,NWIS_synthetic_sensor_timeseries.csv,DERIVED
2023-12-05T01:18:00,DUL-70,2195.6,15.4,17.9,11.56,121.3,2304.8,1792.5,138.7,NWIS_synthetic_sensor_timeseries.csv,DERIVED
2023-12-05T01:19:00,DUL-70,2195.8,15.14,17.84,10.36,119.0,2313.9,1819.7,138.8,NWIS_synthetic_sensor_timeseries.csv,DERIVED
2023-12-05T01:20:00,DUL-70,2196.0,15.46,18.13,11.64,120.2,2303.7,1799.4,138.5,NWIS_synthetic_sensor_timeseries.csv,DERIVED
2023-12-05T01:21:00,DUL-70,2196.2,15.12,18.1,11.59,121.2,2301.9,1782.5,138.6,NWIS_synthetic_sensor_timeseries.csv,DERIVED
2023-12-05T01:22:00,DUL-70,2196.4,14.88,17.87,11.67,117.8,2299.9,1789.1,138.8,NWIS_synthetic_sensor_timeseries.csv,DERIVED
2023-12-05T01:23:00,DUL-70,2196.6,15.43,18.43,11.19,117.1,2315.7,1796.9,138.3,NWIS_synthetic_sensor_timeseries.csv,DERIVED
2023-12-05T01:24:00,DUL-70,2196.8,15.02,18.99,10.79,119.0,2308.6,1812.4,137.7,NWIS_synthetic_sensor_timeseries.csv,DERIVED
2023-12-05T01:25:00,DUL-70,2197.0,15.0,17.24,10.99,122.1,2305.3,1799.7,139.5,NWIS_synthetic_sensor_timeseries.csv,DERIVED
2023-12-05T01:26:00,DUL-70,2197.2,15.43,17.99,11.64,119.4,2301.9,1800.8,138.7,NWIS_synthetic_sensor_timeseries.csv,DERIVED
2023-12-05T01:27:00,DUL-70,2197.4,14.54,17.95,11.53,118.2,2328.8,1790.7,138.8,NWIS_synthetic_sensor_timeseries.csv,DERIVED
2023-12-05T01:28:00,DUL-70,2197.6,15.43,17.48,10.77,117.1,2308.4,1784.1,139.3,NWIS_synthetic_sensor_timeseries.csv,DERIVED
2023-12-05T01:29:00,DUL-70,2197.8,15.47,17.1,11.54,121.8,2313.7,1784.9,139.7,NWIS_synthetic_sensor_timeseries.csv,DERIVED
2023-12-05T01:30:00,DUL-70,2198.0,15.08,17.57,11.33,117.8,2301.4,1810.2,139.2,NWIS_synthetic_sensor_timeseries.csv,DERIVED
2023-12-05T01:31:00,DUL-70,2198.2,15.48,17.51,11.65,118.2,2305.3,1803.8,139.3,NWIS_synthetic_sensor_timeseries.csv,DERIVED
2023-12-05T01:32:00,DUL-70,2198.4,15.03,18.34,11.38,118.9,2328.2,1799.4,138.4,NWIS_synthetic_sensor_timeseries.csv,DERIVED
2023-12-05T01:33:00,DUL-70,2198.6,14.93,18.34,11.35,122.0,2328.7,1803.8,138.4,NWIS_synthetic_sensor_timeseries.csv,DERIVED
2023-12-05T01:34:00,DUL-70,2198.8,14.84,18.84,11.42,117.6,2302.0,1817.3,138.0,NWIS_synthetic_sensor_timeseries.csv,DERIVED
2023-12-05T01:35:00,DUL-70,2199.0,15.11,18.19,11.63,121.5,2306.9,1809.7,138.6,NWIS_synthetic_sensor_timeseries.csv,DERIVED
2023-12-05T01:36:00,DUL-70,2199.2,15.06,17.52,10.47,118.6,2326.6,1809.9,139.3,NWIS_synthetic_sensor_timeseries.csv,DERIVED
2023-12-05T01:37:00,DUL-70,2199.4,14.95,17.71,10.91,119.6,2323.9,1791.9,139.1,NWIS_synthetic_sensor_timeseries.csv,DERIVED
2023-12-05T01:38:00,DUL-70,2199.6,14.51,18.55,10.6,121.1,2310.6,1808.8,138.3,NWIS_synthetic_sensor_timeseries.csv,DERIVED
2023-12-05T01:39:00,DUL-70,2199.8,15.34,18.82,11.36,117.8,2313.9,1795.1,138.0,NWIS_synthetic_sensor_timeseries.csv,DERIVED
2023-12-05T01:40:00,DUL-70,2200.0,14.79,18.26,11.04,117.4,2322.5,1795.9,138.6,NWIS_synthetic_sensor_timeseries.csv,DERIVED
2023-12-05T01:41:00,DUL-70,2200.2,14.63,18.11,10.32,117.1,2316.9,1801.0,138.8,NWIS_synthetic_sensor_timeseries.csv,DERIVED
2023-12-05T01:42:00,DUL-70,2200.4,15.46,17.14,10.35,122.3,2321.0,1801.5,139.7,NWIS_synthetic_sensor_timeseries.csv,DERIVED
2023-12-05T01:43:00,DUL-70,2200.6,15.44,18.83,11.2,121.1,2305.0,1792.8,138.1,NWIS_synthetic_sensor_timeseries.csv,DERIVED
2023-12-05T01:44:00,DUL-70,2200.8,15.47,17.78,11.41,121.5,2317.4,1782.3,139.1,NWIS_synthetic_sensor_timeseries.csv,DERIVED
2023-12-05T01:45:00,DUL-70,2201.0,15.22,18.21,11.1,119.1,2323.9,1807.3,138.7,NWIS_synthetic_sensor_timeseries.csv,DERIVED
2023-12-05T01:46:00,DUL-70,2201.2,15.03,18.68,10.82,119.9,2310.1,1795.7,138.2,NWIS_synthetic_sensor_timeseries.csv,DERIVED
2023-12-05T01:47:00,DUL-70,2201.4,15.48,18.46,10.52,120.0,2314.5,1795.4,138.5,NWIS_synthetic_sensor_timeseries.csv,DERIVED
2023-12-05T01:48:00,DUL-70,2201.6,15.48,17.92,10.43,120.5,2303.1,1793.5,139.0,NWIS_synthetic_sensor_timeseries.csv,DERIVED
2023-12-05T01:49:00,DUL-70,2201.8,14.99,18.13,10.54,118.6,2323.1,1810.0,138.8,NWIS_synthetic_sensor_timeseries.csv,DERIVED
2023-12-05T01:50:00,DUL-70,2202.0,15.16,18.52,10.42,119.9,2330.7,1814.0,138.4,NWIS_synthetic_sensor_timeseries.csv,DERIVED
2023-12-05T01:51:00,DUL-70,2202.2,14.51,17.89,11.21,121.9,2316.4,1794.9,139.1,NWIS_synthetic_sensor_timeseries.csv,DERIVED
2023-12-05T01:52:00,DUL-70,2202.4,15.13,17.54,11.27,117.3,2330.9,1791.7,139.4,NWIS_synthetic_sensor_timeseries.csv,DERIVED
2023-12-05T01:53:00,DUL-70,2202.6,15.45,17.26,10.82,122.9,2309.8,1797.8,139.7,NWIS_synthetic_sensor_timeseries.csv,DERIVED
2023-12-05T01:54:00,DUL-70,2202.8,15.39,17.05,11.24,117.4,2306.6,1785.4,139.9,NWIS_synthetic_sensor_timeseries.csv,DERIVED
2023-12-05T01:55:00,DUL-70,2203.0,15.23,18.96,10.81,122.8,2316.0,1785.3,138.0,NWIS_synthetic_sensor_timeseries.csv,DERIVED
2023-12-05T01:56:00,DUL-70,2203.2,15.39,17.33,11.54,117.8,2330.6,1810.5,139.7,NWIS_synthetic_sensor_timeseries.csv,DERIVED
2023-12-05T01:57:00,DUL-70,2203.4,14.52,18.59,11.17,121.4,2313.4,1809.3,138.4,NWIS_synthetic_sensor_timeseries.csv,DERIVED
2023-12-05T01:58:00,DUL-70,2203.6,14.87,18.62,11.17,119.0,2332.9,1788.8,138.4,NWIS_synthetic_sensor_timeseries.csv,DERIVED
2023-12-05T01:59:00,DUL-70,2203.8,14.94,18.45,10.9,118.9,2333.5,1814.2,138.6,NWIS_synthetic_sensor_timeseries.csv,DERIVED
2023-12-05T02:00:00,DUL-70,2204.0,15.3,18.51,10.89,122.8,2325.3,1816.8,138.5,NWIS_synthetic_sensor_timeseries.csv,DERIVED
2023-12-05T02:01:00,DUL-70,2204.2,14.89,18.05,11.04,117.0,2315.0,1819.7,139.0,NWIS_synthetic_sensor_timeseries.csv,DERIVED
2023-12-05T02:02:00,DUL-70,2204.4,14.52,18.57,11.6,119.2,2324.7,1799.5,138.5,NWIS_synthetic_sensor_timeseries.csv,DERIVED
2023-12-05T02:03:00,DUL-70,2204.6,15.26,18.12,11.46,119.9,2328.8,1799.0,139.0,NWIS_synthetic_sensor_timeseries.csv,DERIVED
2023-12-05T02:04:00,DUL-70,2204.8,15.24,18.55,11.33,119.0,2316.1,1795.1,138.5,NWIS_synthetic_sensor_timeseries.csv,DERIVED
2023-12-05T02:05:00,DUL-70,2205.0,15.28,17.7,11.62,119.3,2318.0,1781.4,139.4,NWIS_synthetic_sensor_timeseries.csv,DERIVED
2023-12-05T02:06:00,DUL-70,2205.2,14.56,18.14,11.6,122.3,2335.1,1808.8,139.0,NWIS_synthetic_sensor_timeseries.csv,DERIVED
2023-12-05T02:07:00,DUL-70,2205.4,14.62,18.75,10.89,122.1,2327.0,1800.0,138.4,NWIS_synthetic_sensor_timeseries.csv,DERIVED
2023-12-05T02:08:00,DUL-70,2205.6,14.99,18.96,10.81,119.7,2324.3,1816.3,138.2,NWIS_synthetic_sensor_timeseries.csv,DERIVED
2023-12-05T02:09:00,DUL-70,2205.8,14.88,18.13,11.38,120.6,2327.8,1807.1,139.0,NWIS_synthetic_sensor_timeseries.csv,DERIVED
2023-12-05T02:10:00,DUL-70,2206.0,14.99,18.99,11.4,120.9,2314.2,1815.8,138.2,NWIS_synthetic_sensor_timeseries.csv,DERIVED
2023-12-05T02:11:00,DUL-70,2206.2,15.33,17.77,11.2,122.3,2335.6,1809.1,139.4,NWIS_synthetic_sensor_timeseries.csv,DERIVED
2023-12-05T02:12:00,DUL-70,2206.4,14.92,17.68,10.81,119.2,2318.5,1782.4,139.5,NWIS_synthetic_sensor_timeseries.csv,DERIVED
2023-12-05T02:13:00,DUL-70,2206.6,15.06,17.6,11.41,120.9,2329.2,1795.3,139.6,NWIS_synthetic_sensor_timeseries.csv,DERIVED
2023-12-05T02:14:00,DUL-70,2206.8,14.75,18.28,10.61,122.1,2319.9,1787.4,138.9,NWIS_synthetic_sensor_timeseries.csv,DERIVED
2023-12-05T02:15:00,DUL-70,2207.0,15.08,18.08,10.8,118.1,2316.4,1809.6,139.1,NWIS_synthetic_sensor_timeseries.csv,DERIVED
2023-12-05T02:16:00,DUL-70,2207.2,15.25,17.06,11.34,119.3,2332.0,1803.2,140.1,NWIS_synthetic_sensor_timeseries.csv,DERIVED
2023-12-05T02:17:00,DUL-70,2207.4,15.41,18.94,11.07,117.1,2325.4,1816.3,138.3,NWIS_synthetic_sensor_timeseries.csv,DERIVED
2023-12-05T02:18:00,DUL-70,2207.6,14.51,17.82,11.13,120.7,2324.3,1785.3,139.4,NWIS_synthetic_sensor_timeseries.csv,DERIVED
2023-12-05T02:19:00,DUL-70,2207.8,14.75,17.21,10.73,117.2,2315.3,1817.6,140.0,NWIS_synthetic_sensor_timeseries.csv,DERIVED
2023-12-05T02:20:00,DUL-70,2208.0,14.87,17.71,10.7,120.8,2327.5,1781.8,139.5,NWIS_synthetic_sensor_timeseries.csv,DERIVED
2023-12-05T02:21:00,DUL-70,2208.2,14.63,18.34,11.31,117.3,2309.5,1807.6,138.9,NWIS_synthetic_sensor_timeseries.csv,DERIVED
2023-12-05T02:22:00,DUL-70,2208.4,14.56,17.7,10.87,117.5,2334.0,1810.1,139.6,NWIS_synthetic_sensor_timeseries.csv,DERIVED
2023-12-05T02:23:00,DUL-70,2208.6,15.01,17.99,11.12,120.9,2319.8,1792.0,139.3,NWIS_synthetic_sensor_timeseries.csv,DERIVED
2023-12-05T02:24:00,DUL-70,2208.8,15.46,17.87,11.25,119.1,2320.1,1794.2,139.4,NWIS_synthetic_sensor_timeseries.csv,DERIVED
2023-12-05T02:25:00,DUL-70,2209.0,14.98,18.16,10.56,118.7,2331.4,1799.5,139.1,NWIS_synthetic_sensor_timeseries.csv,DERIVED
2023-12-05T02:26:00,DUL-70,2209.2,15.18,17.46,11.21,118.3,2317.5,1815.7,139.8,NWIS_synthetic_sensor_timeseries.csv,DERIVED
2023-12-05T02:27:00,DUL-70,2209.4,14.89,17.4,11.41,119.7,2322.3,1783.7,139.9,NWIS_synthetic_sensor_timeseries.csv,DERIVED
2023-12-05T02:28:00,DUL-70,2209.6,15.34,17.97,10.57,118.8,2310.2,1800.6,139.4,NWIS_synthetic_sensor_timeseries.csv,DERIVED
2023-12-05T02:29:00,DUL-70,2209.8,15.24,17.5,11.31,118.6,2326.8,1817.5,139.8,NWIS_synthetic_sensor_timeseries.csv,DERIVED
2023-12-05T02:30:00,DUL-70,2210.0,14.86,18.11,10.99,117.5,2332.2,1784.0,139.2,NWIS_synthetic_sensor_timeseries.csv,DERIVED
2023-12-05T02:31:00,DUL-70,2210.2,15.29,18.96,10.96,119.5,2335.3,1801.5,138.4,NWIS_synthetic_sensor_timeseries.csv,DERIVED
2023-12-05T02:32:00,DUL-70,2210.4,15.32,18.64,10.93,121.2,2316.9,1801.7,138.7,NWIS_synthetic_sensor_timeseries.csv,DERIVED
2023-12-05T02:33:00,DUL-70,2210.6,15.31,17.32,10.32,119.7,2335.1,1809.6,140.1,NWIS_synthetic_sensor_timeseries.csv,DERIVED
2023-12-05T02:34:00,DUL-70,2210.8,15.41,17.67,11.17,117.3,2314.6,1788.8,139.7,NWIS_synthetic_sensor_timeseries.csv,DERIVED
2023-12-05T02:35:00,DUL-70,2211.0,14.67,17.91,10.49,120.2,2323.7,1801.1,139.5,NWIS_synthetic_sensor_timeseries.csv,DERIVED
2023-12-05T02:36:00,DUL-70,2211.2,14.56,17.8,10.43,117.9,2315.0,1786.5,139.6,NWIS_synthetic_sensor_timeseries.csv,DERIVED
2023-12-05T02:37:00,DUL-70,2211.4,14.82,18.93,11.53,117.4,2312.6,1810.3,138.5,NWIS_synthetic_sensor_timeseries.csv,DERIVED
2023-12-05T02:38:00,DUL-70,2211.6,14.65,18.81,11.55,121.3,2337.2,1797.5,138.6,NWIS_synthetic_sensor_timeseries.csv,DERIVED
2023-12-05T02:39:00,DUL-70,2211.8,14.88,17.06,11.49,118.5,2316.6,1817.2,140.4,NWIS_synthetic_sensor_timeseries.csv,DERIVED
2023-12-05T02:40:00,DUL-70,2212.0,15.47,17.87,10.79,121.1,2313.8,1791.6,139.6,NWIS_synthetic_sensor_timeseries.csv,DERIVED
2023-12-05T02:41:00,DUL-70,2212.2,15.47,17.09,10.89,118.6,2337.7,1811.5,140.4,NWIS_synthetic_sensor_timeseries.csv,DERIVED
2023-12-05T02:42:00,DUL-70,2212.4,15.33,18.97,10.7,119.6,2327.7,1817.2,138.5,NWIS_synthetic_sensor_timeseries.csv,DERIVED
2023-12-05T02:43:00,DUL-70,2212.6,15.23,17.05,11.27,120.9,2331.7,1787.7,140.4,NWIS_synthetic_sensor_timeseries.csv,DERIVED
2023-12-05T02:44:00,DUL-70,2212.8,15.04,18.7,10.39,117.6,2323.7,1809.4,138.8,NWIS_synthetic_sensor_timeseries.csv,DERIVED
2023-12-05T02:45:00,DUL-70,2213.0,14.93,18.72,10.56,120.6,2338.2,1780.9,138.8,NWIS_synthetic_sensor_timeseries.csv,DERIVED
2023-12-05T02:46:00,DUL-70,2213.2,15.15,18.62,11.26,121.8,2330.3,1785.0,138.9,NWIS_synthetic_sensor_timeseries.csv,DERIVED
2023-12-05T02:47:00,DUL-70,2213.4,14.59,18.28,11.23,118.0,2320.9,1791.2,139.2,NWIS_synthetic_sensor_timeseries.csv,DERIVED
2023-12-05T02:48:00,DUL-70,2213.6,15.44,18.78,11.01,118.8,2333.6,1817.8,138.7,NWIS_synthetic_sensor_timeseries.csv,DERIVED
2023-12-05T02:49:00,DUL-70,2213.8,15.05,17.44,11.35,117.3,2331.6,1805.7,140.1,NWIS_synthetic_sensor_timeseries.csv,DERIVED
2023-12-05T02:50:00,DUL-70,2214.0,15.32,18.5,10.84,122.0,2325.6,1819.4,139.0,NWIS_synthetic_sensor_timeseries.csv,DERIVED
2023-12-05T02:51:00,DUL-70,2214.2,14.58,17.09,11.15,122.4,2315.9,1787.9,140.5,NWIS_synthetic_sensor_timeseries.csv,DERIVED
2023-12-05T02:52:00,DUL-70,2214.4,14.67,19.0,11.26,122.5,2332.2,1812.0,138.6,NWIS_synthetic_sensor_timeseries.csv,DERIVED
2023-12-05T02:53:00,DUL-70,2214.6,15.44,17.17,11.45,121.2,2323.9,1794.6,140.4,NWIS_synthetic_sensor_timeseries.csv,DERIVED
2023-12-05T02:54:00,DUL-70,2214.8,14.64,17.2,10.94,119.8,2334.6,1817.4,140.4,NWIS_synthetic_sensor_timeseries.csv,DERIVED
2023-12-05T02:55:00,DUL-70,2215.0,15.14,18.25,11.18,118.2,2329.5,1787.4,139.3,NWIS_synthetic_sensor_timeseries.csv,DERIVED
2023-12-05T02:56:00,DUL-70,2215.2,15.12,17.67,11.47,118.5,2339.5,1799.1,139.9,NWIS_synthetic_sensor_timeseries.csv,DERIVED
2023-12-05T02:57:00,DUL-70,2215.4,14.5,18.68,10.9,117.6,2327.0,1798.1,138.9,NWIS_synthetic_sensor_timeseries.csv,DERIVED
2023-12-05T02:58:00,DUL-70,2215.6,15.33,17.39,10.41,121.6,2323.0,1792.7,140.2,NWIS_synthetic_sensor_timeseries.csv,DERIVED
2023-12-05T02:59:00,DUL-70,2215.8,15.01,19.0,11.35,122.1,2330.7,1785.4,138.6,NWIS_synthetic_sensor_timeseries.csv,DERIVED
2023-12-05T03:00:00,DUL-70,2216.0,15.4,17.11,10.48,117.3,2343.7,1802.2,140.5,NWIS_synthetic_sensor_timeseries.csv,DERIVED
2023-12-05T03:01:00,DUL-70,2216.2,14.84,18.48,10.47,119.2,2337.4,1787.2,139.2,NWIS_synthetic_sensor_timeseries.csv,DERIVED
2023-12-05T03:02:00,DUL-70,2216.4,14.67,18.23,11.58,119.1,2344.0,1807.6,139.4,NWIS_synthetic_sensor_timeseries.csv,DERIVED
2023-12-05T03:03:00,DUL-70,2216.6,15.34,18.2,11.04,117.6,2323.8,1808.6,139.5,NWIS_synthetic_sensor_timeseries.csv,DERIVED
2023-12-05T03:04:00,DUL-70,2216.8,15.26,18.13,10.51,121.2,2336.8,1789.8,139.5,NWIS_synthetic_sensor_timeseries.csv,DERIVED
2023-12-05T03:05:00,DUL-70,2217.0,14.77,17.63,11.43,122.4,2343.3,1818.9,140.1,NWIS_synthetic_sensor_timeseries.csv,DERIVED
2023-12-05T03:06:00,DUL-70,2217.2,14.87,18.17,11.39,119.7,2338.9,1816.0,139.5,NWIS_synthetic_sensor_timeseries.csv,DERIVED
2023-12-05T03:07:00,DUL-70,2217.4,14.65,17.58,11.03,118.0,2316.3,1804.8,140.1,NWIS_synthetic_sensor_timeseries.csv,DERIVED
2023-12-05T03:08:00,DUL-70,2217.6,15.05,17.17,11.42,121.1,2325.0,1786.4,140.5,NWIS_synthetic_sensor_timeseries.csv,DERIVED
2023-12-05T03:09:00,DUL-70,2217.8,15.1,18.35,10.49,119.3,2341.4,1818.6,139.4,NWIS_synthetic_sensor_timeseries.csv,DERIVED
2023-12-05T03:10:00,DUL-70,2218.0,15.49,17.56,10.86,121.6,2325.2,1813.8,140.2,NWIS_synthetic_sensor_timeseries.csv,DERIVED
2023-12-05T03:11:00,DUL-70,2218.2,15.17,17.81,11.55,120.6,2327.0,1808.6,139.9,NWIS_synthetic_sensor_timeseries.csv,DERIVED
2023-12-05T03:12:00,DUL-70,2218.4,15.38,17.04,11.3,117.5,2344.0,1812.6,140.7,NWIS_synthetic_sensor_timeseries.csv,DERIVED
2023-12-05T03:13:00,DUL-70,2218.6,14.51,18.2,10.61,119.6,2317.5,1791.5,139.6,NWIS_synthetic_sensor_timeseries.csv,DERIVED
2023-12-05T03:14:00,DUL-70,2218.8,14.76,17.83,11.35,119.4,2337.3,1794.2,139.9,NWIS_synthetic_sensor_timeseries.csv,DERIVED
2023-12-05T03:15:00,DUL-70,2219.0,14.93,18.01,10.63,121.5,2317.9,1802.8,139.8,NWIS_synthetic_sensor_timeseries.csv,DERIVED
2023-12-05T03:16:00,DUL-70,2219.2,15.06,17.37,10.84,119.2,2342.6,1816.3,140.4,NWIS_synthetic_sensor_timeseries.csv,DERIVED
2023-12-05T03:17:00,DUL-70,2219.4,15.05,18.25,11.08,119.5,2343.0,1782.4,139.5,NWIS_synthetic_sensor_timeseries.csv,DERIVED
2023-12-05T03:18:00,DUL-70,2219.6,15.1,17.78,11.53,121.5,2326.4,1802.7,140.0,NWIS_synthetic_sensor_timeseries.csv,DERIVED
2023-12-05T03:19:00,DUL-70,2219.8,14.84,18.81,10.52,121.1,2330.8,1784.4,139.0,NWIS_synthetic_sensor_timeseries.csv,DERIVED
2023-12-05T03:20:00,DUL-70,2220.0,15.19,17.37,10.76,118.8,2325.1,1808.5,140.5,NWIS_synthetic_sensor_timeseries.csv,DERIVED
2023-12-05T03:21:00,DUL-70,2220.2,14.57,17.51,10.88,121.9,2338.7,1797.8,140.3,NWIS_synthetic_sensor_timeseries.csv,DERIVED
2023-12-05T03:22:00,DUL-70,2220.4,15.25,18.76,10.62,119.8,2341.5,1819.3,139.1,NWIS_synthetic_sensor_timeseries.csv,DERIVED
2023-12-05T03:23:00,DUL-70,2220.6,15.03,18.74,10.86,117.3,2322.0,1790.8,139.1,NWIS_synthetic_sensor_timeseries.csv,DERIVED
2023-12-05T03:24:00,DUL-70,2220.8,14.79,18.33,10.95,118.0,2336.4,1818.9,139.5,NWIS_synthetic_sensor_timeseries.csv,DERIVED
2023-12-05T03:25:00,DUL-70,2221.0,14.78,17.98,10.61,119.2,2344.9,1803.0,139.9,NWIS_synthetic_sensor_timeseries.csv,DERIVED
2023-12-05T03:26:00,DUL-70,2221.2,14.86,18.77,10.66,119.7,2341.3,1782.8,139.1,NWIS_synthetic_sensor_timeseries.csv,DERIVED
2023-12-05T03:27:00,DUL-70,2221.4,14.93,18.28,11.44,119.3,2319.3,1807.4,139.6,NWIS_synthetic_sensor_timeseries.csv,DERIVED
2023-12-05T03:28:00,DUL-70,2221.6,15.36,18.06,10.88,118.6,2328.7,1795.6,139.8,NWIS_synthetic_sensor_timeseries.csv,DERIVED
2023-12-05T03:29:00,DUL-70,2221.8,15.19,17.67,11.59,123.0,2332.4,1814.7,140.2,NWIS_synthetic_sensor_timeseries.csv,DERIVED
2023-12-05T03:30:00,DUL-70,2222.0,14.68,17.54,11.25,120.3,2346.0,1818.1,140.4,NWIS_synthetic_sensor_timeseries.csv,DERIVED
2023-12-05T03:31:00,DUL-70,2222.2,15.05,18.39,10.78,122.6,2343.5,1804.7,139.5,NWIS_synthetic_sensor_timeseries.csv,DERIVED
2023-12-05T03:32:00,DUL-70,2222.4,15.14,17.61,11.46,120.9,2341.8,1792.8,140.3,NWIS_synthetic_sensor_timeseries.csv,DERIVED
2023-12-05T03:33:00,DUL-70,2222.6,15.18,18.39,11.38,122.0,2330.6,1816.2,139.6,NWIS_synthetic_sensor_timeseries.csv,DERIVED
2023-12-05T03:34:00,DUL-70,2222.8,15.0,18.78,10.91,117.3,2344.2,1798.6,139.2,NWIS_synthetic_sensor_timeseries.csv,DERIVED
2023-12-05T03:35:00,DUL-70,2223.0,14.9,18.22,10.33,118.5,2330.0,1815.9,139.8,NWIS_synthetic_sensor_timeseries.csv,DERIVED
2023-12-05T03:36:00,DUL-70,2223.2,14.51,17.94,10.46,122.0,2332.8,1784.1,140.0,NWIS_synthetic_sensor_timeseries.csv,DERIVED
2023-12-05T03:37:00,DUL-70,2223.4,14.55,17.95,11.55,118.9,2336.9,1805.8,140.0,NWIS_synthetic_sensor_timeseries.csv,DERIVED
2023-12-05T03:38:00,DUL-70,2223.6,14.59,17.21,11.68,118.8,2328.6,1781.2,140.8,NWIS_synthetic_sensor_timeseries.csv,DERIVED
2023-12-05T03:39:00,DUL-70,2223.8,15.24,18.59,10.69,121.9,2320.8,1814.0,139.4,NWIS_synthetic_sensor_timeseries.csv,DERIVED
2023-12-05T03:40:00,DUL-70,2224.0,14.93,18.07,11.15,121.9,2330.8,1798.9,140.0,NWIS_synthetic_sensor_timeseries.csv,DERIVED
2023-12-05T03:41:00,DUL-70,2224.2,15.33,17.02,11.24,120.9,2332.5,1785.2,141.0,NWIS_synthetic_sensor_timeseries.csv,DERIVED
2023-12-05T03:42:00,DUL-70,2224.4,15.03,17.03,11.26,119.0,2341.6,1804.1,141.0,NWIS_synthetic_sensor_timeseries.csv,DERIVED
2023-12-05T03:43:00,DUL-70,2224.6,14.61,18.5,11.31,122.8,2346.9,1808.8,139.6,NWIS_synthetic_sensor_timeseries.csv,DERIVED
2023-12-05T03:44:00,DUL-70,2224.8,15.2,18.9,11.28,119.5,2334.0,1808.6,139.2,NWIS_synthetic_sensor_timeseries.csv,DERIVED
2023-12-05T03:45:00,DUL-70,2225.0,14.83,17.29,11.55,122.3,2324.7,1789.6,140.8,NWIS_synthetic_sensor_timeseries.csv,DERIVED
2023-12-05T03:46:00,DUL-70,2225.2,15.22,18.37,10.58,121.4,2325.2,1803.3,139.7,NWIS_synthetic_sensor_timeseries.csv,DERIVED
2023-12-05T03:47:00,DUL-70,2225.4,15.05,18.64,11.3,122.6,2341.0,1800.3,139.5,NWIS_synthetic_sensor_timeseries.csv,DERIVED
2023-12-05T03:48:00,DUL-70,2225.6,15.2,18.26,10.39,121.0,2336.8,1816.8,139.8,NWIS_synthetic_sensor_timeseries.csv,DERIVED
2023-12-05T03:49:00,DUL-70,2225.8,15.45,18.79,10.5,121.6,2351.2,1786.2,139.3,NWIS_synthetic_sensor_timeseries.csv,DERIVED
2023-12-05T03:50:00,DUL-70,2226.0,14.89,17.5,10.99,121.7,2350.9,1791.4,140.6,NWIS_synthetic_sensor_timeseries.csv,DERIVED
2023-12-05T03:51:00,DUL-70,2226.2,15.22,17.82,10.63,118.6,2336.0,1812.9,140.3,NWIS_synthetic_sensor_timeseries.csv,DERIVED
2023-12-05T03:52:00,DUL-70,2226.4,14.66,17.88,11.59,117.2,2344.3,1818.4,140.3,NWIS_synthetic_sensor_timeseries.csv,DERIVED
2023-12-05T03:53:00,DUL-70,2226.6,14.76,17.13,11.26,119.4,2334.1,1792.6,141.0,NWIS_synthetic_sensor_timeseries.csv,DERIVED
2023-12-05T03:54:00,DUL-70,2226.8,15.4,17.22,11.05,120.9,2335.4,1812.5,140.9,NWIS_synthetic_sensor_timeseries.csv,DERIVED
2023-12-05T03:55:00,DUL-70,2227.0,15.38,17.9,10.92,118.8,2352.0,1801.6,140.3,NWIS_synthetic_sensor_timeseries.csv,DERIVED
2023-12-05T03:56:00,DUL-70,2227.2,15.13,18.66,10.77,119.5,2339.5,1802.9,139.5,NWIS_synthetic_sensor_timeseries.csv,DERIVED
2023-12-05T03:57:00,DUL-70,2227.4,14.65,17.65,10.85,119.2,2323.4,1801.0,140.5,NWIS_synthetic_sensor_timeseries.csv,DERIVED
2023-12-05T03:58:00,DUL-70,2227.6,14.57,18.43,11.29,117.8,2324.3,1800.3,139.8,NWIS_synthetic_sensor_timeseries.csv,DERIVED
2023-12-05T03:59:00,DUL-70,2227.8,14.91,17.87,11.5,119.1,2346.3,1808.8,140.3,NWIS_synthetic_sensor_timeseries.csv,DERIVED
