timestamp,well_id,depth_m,formation,torque_kNm,rop_m_hr,rpm,wob_kN,standpipe_pressure_psi,mud_weight_gcc,pit_gain_bbl,gas_units,flow_in_lpm,flow_out_lpm,label,hookload,data_status
2023-12-05T00:00:00,DUL-88,2830.0,Kopili,10.75,14.65,120.9,17.14,2301.1,1.24,0.0,48.7,1782.3,1782.6,normal,183.6,DERIVED
2023-12-05T00:01:00,DUL-88,2830.2,Kopili,10.35,14.93,117.4,17.18,2297.9,1.24,0.0,53.3,1785.0,1773.9,normal,183.6,DERIVED
2023-12-05T00:02:00,DUL-88,2830.4,Kopili,11.18,15.45,120.5,17.79,2314.6,1.24,0.0,45.5,1814.3,1805.9,normal,183.5,DERIVED
2023-12-05T00:03:00,DUL-88,2830.6,Kopili,10.5,14.62,118.9,18.63,2290.9,1.24,0.0,50.8,1805.6,1800.5,normal,183.3,DERIVED
2023-12-05T00:04:00,DUL-88,2830.8,Kopili,11.07,14.56,117.4,17.41,2306.1,1.24,0.0,49.3,1792.6,1796.0,normal,183.6,DERIVED
2023-12-05T00:05:00,DUL-88,2831.0,Kopili,10.93,14.8,121.8,18.4,2293.1,1.24,0.0,50.7,1801.0,1816.0,normal,183.4,DERIVED
2023-12-05T00:06:00,DUL-88,2831.2,Kopili,11.32,14.79,122.9,17.24,2298.5,1.24,0.0,52.6,1786.1,1785.6,normal,183.6,DERIVED
2023-12-05T00:07:00,DUL-88,2831.4,Kopili,10.35,15.17,121.6,18.15,2312.4,1.24,0.0,48.1,1807.8,1811.6,normal,183.4,DERIVED
2023-12-05T00:08:00,DUL-88,2831.6,Kopili,11.11,14.96,122.0,18.89,2300.5,1.24,0.0,51.6,1782.4,1790.5,normal,183.3,DERIVED
2023-12-05T00:09:00,DUL-88,2831.8,Kopili,11.21,15.49,121.9,17.57,2298.0,1.24,0.0,51.7,1780.9,1779.4,normal,183.6,DERIVED
2023-12-05T00:10:00,DUL-88,2832.0,Kopili,10.54,14.62,117.4,18.54,2290.5,1.24,0.0,47.5,1795.6,1810.5,normal,183.4,DERIVED
2023-12-05T00:11:00,DUL-88,2832.2,Kopili,10.41,14.95,120.3,18.77,2311.3,1.24,0.0,53.6,1791.1,1787.7,normal,183.3,DERIVED
2023-12-05T00:12:00,DUL-88,2832.4,Kopili,10.8,15.38,122.7,17.3,2292.2,1.24,0.0,47.3,1789.3,1788.7,normal,183.7,DERIVED
2023-12-05T00:13:00,DUL-88,2832.6,Kopili,11.12,14.76,117.0,17.84,2298.2,1.24,0.0,50.7,1818.1,1825.7,normal,183.6,DERIVED
2023-12-05T00:14:00,DUL-88,2832.8,Kopili,11.02,15.12,121.1,17.11,2314.2,1.24,0.0,52.8,1815.0,1826.9,normal,183.7,DERIVED
2023-12-05T00:15:00,DUL-88,2833.0,Kopili,10.85,14.9,117.6,18.27,2289.3,1.24,0.0,45.7,1788.4,1774.8,normal,183.5,DERIVED
2023-12-05T00:16:00,DUL-88,2833.2,Kopili,10.78,14.55,117.0,17.3,2290.6,1.24,0.0,48.6,1781.0,1796.0,normal,183.7,DERIVED
2023-12-05T00:17:00,DUL-88,2833.4,Kopili,11.16,14.65,118.5,17.69,2298.6,1.24,0.0,46.2,1814.0,1833.7,normal,183.6,DERIVED
2023-12-05T00:18:00,DUL-88,2833.6,Kopili,10.95,14.98,117.5,17.2,2298.2,1.24,0.0,47.6,1813.2,1799.6,normal,183.8,DERIVED
2023-12-05T00:19:00,DUL-88,2833.8,Kopili,10.33,15.45,120.2,17.29,2304.3,1.24,0.0,45.3,1801.1,1820.3,normal,183.8,DERIVED
2023-12-05T00:20:00,DUL-88,2834.0,Kopili,11.51,15.2,118.6,17.73,2293.2,1.24,0.0,52.7,1801.3,1812.5,normal,183.7,DERIVED
2023-12-05T00:21:00,DUL-88,2834.2,Kopili,10.76,14.72,121.9,18.97,2313.9,1.24,0.0,53.1,1812.7,1822.3,normal,183.4,DERIVED
2023-12-05T00:22:00,DUL-88,2834.4,Kopili,10.62,15.02,119.1,17.06,2289.4,1.24,0.0,47.8,1790.4,1798.1,normal,183.8,DERIVED
2023-12-05T00:23:00,DUL-88,2834.6,Kopili,11.64,14.95,122.6,18.98,2317.3,1.24,0.0,48.6,1788.8,1777.9,normal,183.4,DERIVED
2023-12-05T00:24:00,DUL-88,2834.8,Kopili,10.58,14.7,120.7,18.8,2314.1,1.24,0.0,49.8,1806.1,1818.1,normal,183.5,DERIVED
2023-12-05T00:25:00,DUL-88,2835.0,Kopili,10.42,15.16,122.5,18.56,2311.5,1.24,0.0,49.8,1787.1,1798.7,normal,183.5,DERIVED
2023-12-05T00:26:00,DUL-88,2835.2,Kopili,10.77,15.3,122.8,17.79,2301.2,1.24,0.0,54.5,1809.0,1795.8,normal,183.7,DERIVED
2023-12-05T00:27:00,DUL-88,2835.4,Kopili,10.48,14.65,122.4,18.61,2293.7,1.24,0.0,53.3,1819.2,1825.5,normal,183.5,DERIVED
2023-12-05T00:28:00,DUL-88,2835.6,Kopili,10.79,15.05,117.8,17.03,2318.6,1.24,0.0,51.5,1801.1,1818.4,normal,183.9,DERIVED
2023-12-05T00:29:00,DUL-88,2835.8,Kopili,10.91,15.37,122.0,17.42,2297.2,1.24,0.0,47.9,1789.6,1793.1,normal,183.8,DERIVED
2023-12-05T00:30:00,DUL-88,2836.0,Kopili,10.66,14.92,117.8,18.82,2300.4,1.24,0.0,49.6,1803.3,1819.5,normal,183.5,DERIVED
2023-12-05T00:31:00,DUL-88,2836.2,Kopili,10.89,15.42,120.0,18.06,2305.7,1.24,0.0,45.2,1797.6,1784.9,normal,183.7,DERIVED
2023-12-05T00:32:00,DUL-88,2836.4,Kopili,10.31,15.3,118.0,17.95,2311.9,1.24,0.0,50.6,1793.0,1793.8,normal,183.7,DERIVED
2023-12-05T00:33:00,DUL-88,2836.6,Kopili,11.08,15.28,117.6,18.12,2297.7,1.24,0.0,47.8,1810.9,1811.2,normal,183.7,DERIVED
2023-12-05T00:34:00,DUL-88,2836.8,Kopili,11.09,15.26,122.5,17.89,2308.8,1.24,0.0,50.1,1800.5,1808.2,normal,183.8,DERIVED
2023-12-05T00:35:00,DUL-88,2837.0,Kopili,10.93,15.03,119.9,18.88,2311.6,1.24,0.0,53.8,1817.7,1808.1,normal,183.6,DERIVED
2023-12-05T00:36:00,DUL-88,2837.2,Kopili,11.08,15.44,122.0,17.27,2294.4,1.24,0.0,49.4,1782.9,1772.5,normal,183.9,DERIVED
2023-12-05T00:37:00,DUL-88,2837.4,Kopili,10.4,15.17,121.7,18.79,2295.6,1.24,0.0,52.2,1806.4,1792.1,normal,183.6,DERIVED
2023-12-05T00:38:00,DUL-88,2837.6,Kopili,11.54,15.47,118.3,18.91,2303.0,1.24,0.0,49.9,1819.6,1832.9,normal,183.6,DERIVED
2023-12-05T00:39:00,DUL-88,2837.8,Kopili,10.53,14.93,120.1,17.68,2297.1,1.24,0.0,48.2,1808.9,1789.7,normal,183.9,DERIVED
2023-12-05T00:40:00,DUL-88,2838.0,Kopili,11.08,14.94,117.1,17.66,2310.1,1.24,0.0,50.1,1782.6,1802.0,normal,183.9,DERIVED
2023-12-05T00:41:00,DUL-88,2838.2,Kopili,11.4,15.47,117.6,17.53,2292.7,1.24,0.0,52.8,1790.8,1776.0,normal,183.9,DERIVED
2023-12-05T00:42:00,DUL-88,2838.4,Kopili,10.89,15.41,121.9,17.52,2296.2,1.24,0.0,54.2,1802.8,1810.8,normal,183.9,DERIVED
2023-12-05T00:43:00,DUL-88,2838.6,Kopili,10.43,14.56,121.1,17.85,2294.1,1.24,0.0,54.4,1805.4,1817.4,normal,183.9,DERIVED
2023-12-05T00:44:00,DUL-88,2838.8,Kopili,10.42,15.36,117.4,18.73,2305.7,1.24,0.0,48.4,1802.1,1819.2,normal,183.7,DERIVED
2023-12-05T00:45:00,DUL-88,2839.0,Kopili,12.77,12.7,120.2,17.48,2295.5,1.24,0.0,46.6,1782.0,1770.1,normal,184.0,DERIVED
2023-12-05T00:46:00,DUL-88,2839.2,Kopili,12.81,12.84,121.6,17.58,2307.4,1.24,0.0,46.8,1793.9,1774.6,normal,184.0,DERIVED
2023-12-05T00:47:00,DUL-88,2839.4,Kopili,12.75,12.61,121.4,18.1,2298.2,1.24,0.0,49.7,1817.4,1801.6,normal,183.8,DERIVED
2023-12-05T00:48:00,DUL-88,2839.6,Kopili,13.32,12.95,120.0,18.67,2304.5,1.24,0.0,50.1,1807.5,1826.8,normal,183.7,DERIVED
2023-12-05T00:49:00,DUL-88,2839.8,Kopili,12.84,13.27,121.2,18.27,2305.0,1.24,0.0,48.5,1782.2,1767.4,normal,183.8,DERIVED
2023-12-05T00:50:00,DUL-88,2840.0,Kopili,12.57,13.19,118.5,17.33,2295.5,1.24,0.0,53.4,1814.8,1821.6,normal,184.0,DERIVED
2023-12-05T00:51:00,DUL-88,2840.2,Kopili,12.78,12.79,118.8,17.92,2297.9,1.24,0.0,49.5,1790.5,1809.0,normal,183.9,DERIVED
2023-12-05T00:52:00,DUL-88,2840.4,Kopili,13.47,13.04,118.5,18.93,2302.6,1.24,0.0,48.6,1780.0,1775.3,normal,183.7,DERIVED
2023-12-05T00:53:00,DUL-88,2840.6,Kopili,12.97,13.0,118.2,18.01,2293.6,1.24,0.0,47.6,1783.6,1779.6,normal,183.9,DERIVED
2023-12-05T00:54:00,DUL-88,2840.8,Kopili,12.54,12.62,118.8,17.47,2311.2,1.24,0.0,50.3,1810.0,1816.3,normal,184.1,DERIVED
2023-12-05T00:55:00,DUL-88,2841.0,Kopili,13.22,13.3,119.3,17.65,2323.3,1.24,5.04,533.5,1809.0,1814.7,gas_kick,184.0,DERIVED
2023-12-05T00:56:00,DUL-88,2841.2,Kopili,13.39,13.1,121.4,18.62,2298.1,1.24,6.8,672.6,1800.2,1813.6,gas_kick,183.8,DERIVED
2023-12-05T00:57:00,DUL-88,2841.4,Kopili,13.08,13.31,121.1,18.39,2301.0,1.24,7.1,813.6,1785.3,1779.8,gas_kick,183.9,DERIVED
2023-12-05T00:58:00,DUL-88,2841.6,Kopili,13.06,13.1,120.8,18.36,2309.0,1.24,8.5,923.5,1811.9,1821.8,gas_kick,183.9,DERIVED
2023-12-05T00:59:00,DUL-88,2841.8,Kopili,13.16,12.65,121.4,17.5,2296.7,1.24,9.74,1107.6,1809.2,1797.4,gas_kick,184.1,DERIVED
2023-12-05T01:00:00,DUL-88,2842.0,Kopili,12.99,12.91,119.9,18.37,2317.6,1.24,10.15,1175.4,1805.7,1788.8,gas_kick,183.9,DERIVED
2023-12-05T01:01:00,DUL-88,2842.2,Kopili,13.24,12.84,120.4,17.02,2296.6,1.24,11.68,1319.1,1806.9,1814.6,gas_kick,184.2,DERIVED
2023-12-05T01:02:00,DUL-88,2842.4,Kopili,13.02,12.97,119.8,17.24,2321.7,1.24,12.02,1475.9,1819.1,1836.6,gas_kick,184.2,DERIVED
2023-12-05T01:03:00,DUL-88,2842.6,Kopili,13.32,13.37,119.7,17.54,2301.4,1.24,13.14,1622.4,1788.4,1791.7,gas_kick,184.1,DERIVED
2023-12-05T01:04:00,DUL-88,2842.8,Kopili,13.45,12.71,121.9,18.02,2321.8,1.24,14.49,1712.5,1789.3,1805.2,gas_kick,184.0,DERIVED
2023-12-05T01:05:00,DUL-88,2843.0,Kopili,12.5,12.99,119.7,17.6,2299.6,1.24,15.0,1925.1,1792.6,1806.3,gas_kick,184.1,DERIVED
2023-12-05T01:06:00,DUL-88,2843.2,Kopili,13.34,12.7,122.6,18.43,2322.6,1.24,17.0,2048.9,1794.9,1790.6,gas_kick,184.0,DERIVED
2023-12-05T01:07:00,DUL-88,2843.4,Kopili,12.86,12.94,118.7,17.1,2298.8,1.24,17.25,2156.6,1791.4,1808.8,gas_kick,184.3,DERIVED
2023-12-05T01:08:00,DUL-88,2843.6,Kopili,13.01,12.75,119.2,18.91,2322.4,1.24,18.94,2324.9,1805.2,1821.8,gas_kick,183.9,DERIVED
2023-12-05T01:09:00,DUL-88,2843.8,Kopili,13.22,12.64,121.4,17.9,2318.6,1.24,19.93,2422.7,1791.4,1773.4,gas_kick,184.1,DERIVED
2023-12-05T01:10:00,DUL-88,2844.0,Kopili,12.97,12.87,118.8,18.48,2325.5,1.24,20.56,2589.4,1806.2,1798.3,gas_kick,184.0,DERIVED
2023-12-05T01:11:00,DUL-88,2844.2,Kopili,12.67,12.73,118.2,18.81,2311.3,1.24,21.45,2704.0,1816.3,1836.1,gas_kick,183.9,DERIVED
2023-12-05T01:12:00,DUL-88,2844.4,Kopili,12.69,12.67,119.1,17.18,2303.7,1.24,22.75,2871.3,1802.8,1818.3,gas_kick,184.3,DERIVED
2023-12-05T01:13:00,DUL-88,2844.6,Kopili,12.91,13.02,119.3,17.68,2298.5,1.24,23.5,3033.0,1818.7,1803.7,gas_kick,184.2,DERIVED
2023-12-05T01:14:00,DUL-88,2844.8,Kopili,13.36,12.77,118.6,17.5,2308.8,1.24,24.87,3112.2,1818.2,1832.1,gas_kick,184.2,DERIVED
2023-12-05T01:15:00,DUL-88,2845.0,Kopili,12.53,13.17,122.4,17.95,2314.6,1.24,25.83,3335.5,1795.7,1812.7,gas_kick,184.2,DERIVED
2023-12-05T01:16:00,DUL-88,2845.2,Kopili,13.47,12.8,117.7,17.31,2312.8,1.24,26.65,3466.5,1817.7,1826.5,gas_kick,184.3,DERIVED
2023-12-05T01:17:00,DUL-88,2845.4,Kopili,12.96,13.04,117.2,18.56,2304.3,1.24,27.13,3555.2,1805.8,1798.0,gas_kick,184.0,DERIVED
2023-12-05T01:18:00,DUL-88,2845.6,Kopili,13.14,13.16,117.7,17.14,2313.2,1.24,28.6,3671.0,1795.5,1784.5,gas_kick,184.4,DERIVED
2023-12-05T01:19:00,DUL-88,2845.8,Kopili,12.8,12.97,122.8,18.29,2324.2,1.24,29.96,3880.5,1789.4,1779.3,gas_kick,184.1,DERIVED
2023-12-05T01:20:00,DUL-88,2846.0,Kopili,12.81,12.62,120.0,18.35,2310.4,1.24,30.23,3953.4,1806.7,1823.7,gas_kick,184.1,DERIVED
2023-12-05T01:21:00,DUL-88,2846.2,Kopili,12.84,12.94,121.1,17.4,2321.9,1.24,31.97,4121.2,1800.2,1788.4,gas_kick,184.3,DERIVED
2023-12-05T01:22:00,DUL-88,2846.4,Kopili,13.32,12.78,118.3,18.52,2307.0,1.24,32.22,4271.7,1799.8,1787.3,gas_kick,184.1,DERIVED
2023-12-05T01:23:00,DUL-88,2846.6,Kopili,13.17,13.36,117.9,17.79,2304.7,1.24,33.06,4409.3,1785.7,1767.8,gas_kick,184.3,DERIVED
2023-12-05T01:24:00,DUL-88,2846.8,Kopili,13.4,13.31,121.4,19.0,2326.4,1.24,34.75,4513.2,1787.4,1804.9,gas_kick,184.0,DERIVED
2023-12-05T01:25:00,DUL-88,2847.0,Kopili,13.16,12.9,119.2,17.66,2303.7,1.24,35.96,4662.4,1791.2,1785.3,gas_kick,184.3,DERIVED
2023-12-05T01:26:00,DUL-88,2847.2,Kopili,13.46,12.77,119.1,18.64,2323.4,1.24,36.37,4882.0,1782.0,1780.9,gas_kick,184.1,DERIVED
2023-12-05T01:27:00,DUL-88,2847.4,Kopili,12.69,12.89,122.4,17.06,2311.2,1.24,37.03,4936.3,1810.7,1792.3,gas_kick,184.5,DERIVED
2023-12-05T01:28:00,DUL-88,2847.6,Kopili,13.42,12.81,121.5,18.8,2309.3,1.24,38.26,5141.7,1818.3,1823.0,gas_kick,184.1,DERIVED
2023-12-05T01:29:00,DUL-88,2847.8,Kopili,12.82,12.82,117.0,18.51,2326.7,1.24,39.23,5257.5,1817.7,1798.7,gas_kick,184.2,DERIVED
2023-12-05T01:30:00,DUL-88,2848.0,Kopili,13.46,13.36,119.3,17.5,2312.3,1.24,40.8,5423.8,1817.1,1804.4,gas_kick,184.4,DERIVED
2023-12-05T01:31:00,DUL-88,2848.2,Kopili,13.32,13.22,120.6,17.66,2309.1,1.24,41.2,5565.3,1811.3,1794.5,gas_kick,184.4,DERIVED
2023-12-05T01:32:00,DUL-88,2848.4,Kopili,12.75,12.65,117.2,18.11,2309.5,1.24,42.26,5638.4,1815.3,1834.9,gas_kick,184.3,DERIVED
2023-12-05T01:33:00,DUL-88,2848.6,Kopili,12.6,13.0,121.3,17.89,2306.9,1.24,43.75,5854.7,1804.8,1811.8,gas_kick,184.3,DERIVED
2023-12-05T01:34:00,DUL-88,2848.8,Kopili,13.16,12.7,122.0,17.59,2317.0,1.24,44.25,5934.5,1809.5,1797.5,gas_kick,184.4,DERIVED
2023-12-05T01:35:00,DUL-88,2849.0,Kopili,12.65,13.31,120.5,17.65,2312.1,1.24,45.81,6115.3,1800.3,1789.5,gas_kick,184.4,DERIVED
2023-12-05T01:36:00,DUL-88,2849.2,Kopili,13.49,12.68,119.8,18.64,2325.6,1.24,46.12,6209.0,1781.6,1773.4,gas_kick,184.2,DERIVED
2023-12-05T01:37:00,DUL-88,2849.4,Kopili,13.47,13.07,122.6,17.74,2326.5,1.24,47.95,6340.6,1790.4,1801.5,gas_kick,184.4,DERIVED
2023-12-05T01:38:00,DUL-88,2849.6,Kopili,13.1,13.1,118.3,17.74,2304.9,1.24,48.65,6490.3,1790.2,1794.2,gas_kick,184.4,DERIVED
2023-12-05T01:39:00,DUL-88,2849.8,Kopili,12.51,12.86,121.1,17.37,2310.2,1.24,49.06,6620.1,1811.8,1813.7,gas_kick,184.5,DERIVED
2023-12-05T01:40:00,DUL-88,2850.0,Kopili,12.9,13.04,120.8,17.18,2305.9,1.24,50.31,6845.3,1796.4,1787.7,gas_kick,184.6,DERIVED
2023-12-05T01:41:00,DUL-88,2850.2,Kopili,12.81,13.05,119.1,17.83,2327.1,1.24,51.73,6910.4,1794.6,1782.4,gas_kick,184.4,DERIVED
2023-12-05T01:42:00,DUL-88,2850.4,Kopili,12.51,13.32,119.5,18.64,2313.5,1.24,52.01,7085.2,1798.4,1784.9,gas_kick,184.3,DERIVED
2023-12-05T01:43:00,DUL-88,2850.6,Kopili,13.14,13.33,117.5,18.24,2312.6,1.24,53.52,7262.5,1785.8,1777.2,gas_kick,184.4,DERIVED
2023-12-05T01:44:00,DUL-88,2850.8,Kopili,12.61,12.99,121.8,18.93,2307.6,1.24,54.48,7315.3,1817.7,1836.7,gas_kick,184.2,DERIVED
2023-12-05T01:45:00,DUL-88,2851.0,Kopili,13.43,12.91,122.4,18.24,2326.5,1.24,55.4,7534.6,1811.4,1800.3,gas_kick,184.4,DERIVED
2023-12-05T01:46:00,DUL-88,2851.2,Kopili,13.33,12.75,118.3,17.8,2317.5,1.24,56.72,7679.7,1784.9,1774.8,gas_kick,184.5,DERIVED
2023-12-05T01:47:00,DUL-88,2851.4,Kopili,12.54,13.05,121.5,17.08,2327.3,1.24,57.63,7760.6,1804.0,1806.0,gas_kick,184.7,DERIVED
2023-12-05T01:48:00,DUL-88,2851.6,Kopili,12.92,13.07,119.6,18.32,2315.7,1.24,58.49,7893.5,1780.9,1785.7,gas_kick,184.4,DERIVED
2023-12-05T01:49:00,DUL-88,2851.8,Kopili,13.26,13.22,119.7,17.36,2316.6,1.24,59.09,8054.2,1785.1,1782.4,gas_kick,184.6,DERIVED
2023-12-05T01:50:00,DUL-88,2852.0,Kopili,13.01,12.63,120.8,17.16,2324.6,1.24,60.5,8187.8,1800.5,1782.6,gas_kick,184.7,DERIVED
2023-12-05T01:51:00,DUL-88,2852.2,Kopili,13.45,12.71,122.1,18.99,2324.7,1.24,61.49,8385.7,1787.7,1807.0,gas_kick,184.3,DERIVED
2023-12-05T01:52:00,DUL-88,2852.4,Kopili,13.42,12.73,121.7,18.86,2304.9,1.24,62.9,8457.5,1810.2,1796.6,gas_kick,184.3,DERIVED
2023-12-05T01:53:00,DUL-88,2852.6,Kopili,13.32,12.71,120.0,18.84,2309.3,1.24,63.04,8588.2,1800.2,1793.0,gas_kick,184.3,DERIVED
2023-12-05T01:54:00,DUL-88,2852.8,Kopili,12.66,13.35,121.1,18.79,2308.3,1.24,64.64,8746.0,1784.6,1785.8,gas_kick,184.3,DERIVED
2023-12-05T01:55:00,DUL-88,2853.0,Kopili,13.37,13.04,120.5,18.77,2306.5,1.24,65.8,8876.5,1805.2,1801.0,gas_kick,184.4,DERIVED
2023-12-05T01:56:00,DUL-88,2853.2,Kopili,13.49,13.06,119.2,18.53,2316.8,1.24,66.82,9015.4,1809.7,1791.7,gas_kick,184.4,DERIVED
2023-12-05T01:57:00,DUL-88,2853.4,Kopili,13.14,13.39,120.5,18.33,2313.1,1.24,67.62,9173.2,1781.4,1767.3,gas_kick,184.5,DERIVED
2023-12-05T01:58:00,DUL-88,2853.6,Kopili,13.01,13.32,117.8,17.45,2323.5,1.24,68.11,9305.7,1780.1,1774.3,gas_kick,184.7,DERIVED
2023-12-05T01:59:00,DUL-88,2853.8,Kopili,12.72,13.07,120.5,17.41,2322.8,1.24,69.24,9424.9,1785.4,1802.9,gas_kick,184.7,DERIVED
2023-12-05T02:00:00,DUL-88,2854.0,Kopili,12.6,13.11,122.2,18.56,2316.3,1.24,70.56,9585.0,1780.5,1786.3,gas_kick,184.5,DERIVED
2023-12-05T02:01:00,DUL-88,2854.2,Kopili,13.15,12.96,122.6,18.47,2311.8,1.24,71.41,9713.8,1781.8,1783.0,gas_kick,184.5,DERIVED
2023-12-05T02:02:00,DUL-88,2854.4,Kopili,12.56,13.22,117.1,18.1,2332.7,1.24,72.51,9894.2,1788.0,1792.3,gas_kick,184.6,DERIVED
2023-12-05T02:03:00,DUL-88,2854.6,Kopili,13.31,12.74,118.9,17.6,2306.1,1.24,73.01,10054.4,1811.3,1819.9,gas_kick,184.7,DERIVED
2023-12-05T02:04:00,DUL-88,2854.8,Kopili,13.25,12.97,121.5,17.9,2311.6,1.24,74.34,10185.0,1789.3,1770.8,gas_kick,184.6,DERIVED
2023-12-05T02:05:00,DUL-88,2855.0,Kopili,13.2,13.28,121.3,17.53,2321.6,1.24,75.27,10314.2,1811.5,1812.5,gas_kick,184.7,DERIVED
2023-12-05T02:06:00,DUL-88,2855.2,Kopili,13.47,12.77,122.3,17.03,2313.0,1.24,76.75,10422.7,1809.8,1827.5,gas_kick,184.9,DERIVED
2023-12-05T02:07:00,DUL-88,2855.4,Kopili,13.38,12.86,118.4,18.82,2324.2,1.24,77.47,10614.0,1806.6,1825.8,gas_kick,184.5,DERIVED
2023-12-05T02:08:00,DUL-88,2855.6,Kopili,13.2,13.29,119.6,18.45,2322.6,1.24,78.08,10761.1,1788.5,1793.4,gas_kick,184.6,DERIVED
2023-12-05T02:09:00,DUL-88,2855.8,Kopili,12.64,12.62,117.6,18.86,2316.0,1.24,79.69,10873.4,1781.1,1762.8,gas_kick,184.5,DERIVED
2023-12-05T02:10:00,DUL-88,2856.0,Kopili,13.2,13.19,117.4,18.18,2316.7,1.24,80.07,11036.8,1812.8,1828.4,gas_kick,184.6,DERIVED
2023-12-05T02:11:00,DUL-88,2856.2,Kopili,13.41,13.36,117.6,17.41,2309.3,1.24,81.63,11172.5,1813.9,1826.4,gas_kick,184.8,DERIVED
2023-12-05T02:12:00,DUL-88,2856.4,Kopili,13.13,12.83,117.6,17.2,2328.8,1.24,82.02,11255.7,1792.8,1789.7,gas_kick,184.9,DERIVED
2023-12-05T02:13:00,DUL-88,2856.6,Kopili,12.78,13.17,119.2,17.64,2335.2,1.24,83.03,11411.3,1814.1,1818.8,gas_kick,184.8,DERIVED
2023-12-05T02:14:00,DUL-88,2856.8,Kopili,12.94,13.22,119.1,18.41,2322.6,1.24,84.82,11527.0,1814.5,1798.1,gas_kick,184.6,DERIVED
2023-12-05T02:15:00,DUL-88,2857.0,Kopili,12.5,12.76,121.6,18.96,2306.7,1.24,85.18,11699.5,1799.7,1811.5,gas_kick,184.5,DERIVED
2023-12-05T02:16:00,DUL-88,2857.2,Kopili,12.85,13.27,118.6,18.89,2315.3,1.24,86.11,11853.7,1808.0,1807.9,gas_kick,184.5,DERIVED
2023-12-05T02:17:00,DUL-88,2857.4,Kopili,12.58,13.23,121.2,18.57,2325.8,1.24,87.89,11938.6,1796.1,1791.8,gas_kick,184.6,DERIVED
2023-12-05T02:18:00,DUL-88,2857.6,Kopili,13.39,12.62,118.2,17.53,2334.1,1.24,88.23,12116.1,1795.2,1810.5,gas_kick,184.9,DERIVED
2023-12-05T02:19:00,DUL-88,2857.8,Kopili,13.03,13.2,121.5,18.29,2317.7,1.24,89.66,12284.2,1786.2,1799.9,gas_kick,184.7,DERIVED
2023-12-05T02:20:00,DUL-88,2858.0,Kopili,12.67,12.95,121.6,18.16,2311.2,1.24,90.19,12380.2,1815.4,1804.9,gas_kick,184.7,DERIVED
2023-12-05T02:21:00,DUL-88,2858.2,Kopili,13.2,13.27,117.9,17.31,2315.0,1.24,91.33,12508.9,1800.9,1787.3,gas_kick,184.9,DERIVED
2023-12-05T02:22:00,DUL-88,2858.4,Kopili,13.48,13.18,117.6,18.92,2310.8,1.24,92.73,12673.5,1819.4,1831.1,gas_kick,184.6,DERIVED
2023-12-05T02:23:00,DUL-88,2858.6,Kopili,12.7,13.11,117.6,17.41,2319.5,1.24,93.69,12820.0,1796.0,1807.6,gas_kick,184.9,DERIVED
2023-12-05T02:24:00,DUL-88,2858.8,Kopili,13.13,12.97,117.9,18.21,2320.2,1.24,94.57,12984.9,1816.3,1813.5,gas_kick,184.8,DERIVED
2023-12-05T02:25:00,DUL-88,2859.0,Kopili,12.92,12.78,121.3,18.76,2331.4,1.24,95.64,13095.4,1814.1,1821.3,gas_kick,184.6,DERIVED
2023-12-05T02:26:00,DUL-88,2859.2,Kopili,12.81,13.1,117.6,17.84,2331.8,1.24,96.42,13235.5,1805.2,1795.2,gas_kick,184.9,DERIVED
2023-12-05T02:27:00,DUL-88,2859.4,Kopili,13.12,12.93,121.1,18.86,2314.0,1.24,97.49,13427.5,1811.1,1806.7,gas_kick,184.6,DERIVED
2023-12-05T02:28:00,DUL-88,2859.6,Kopili,12.54,13.03,118.0,18.56,2336.9,1.24,98.54,13541.7,1784.0,1787.0,gas_kick,184.7,DERIVED
2023-12-05T02:29:00,DUL-88,2859.8,Kopili,13.01,13.11,122.0,18.04,2321.2,1.24,99.39,13686.3,1788.4,1795.8,gas_kick,184.8,DERIVED
2023-12-05T02:30:00,DUL-88,2860.0,Kopili,12.62,13.39,119.1,17.11,2317.2,1.24,100.42,13819.8,1780.5,1777.3,gas_kick,185.1,DERIVED
2023-12-05T02:31:00,DUL-88,2860.2,Kopili,12.85,12.81,118.3,18.48,2337.4,1.24,101.39,13911.2,1788.8,1800.8,gas_kick,184.8,DERIVED
2023-12-05T02:32:00,DUL-88,2860.4,Kopili,12.63,13.22,121.9,18.27,2323.4,1.24,102.35,14093.9,1789.0,1807.6,gas_kick,184.8,DERIVED
2023-12-05T02:33:00,DUL-88,2860.6,Kopili,13.32,13.25,119.8,17.59,2325.9,1.24,103.85,14196.7,1813.3,1807.5,gas_kick,185.0,DERIVED
2023-12-05T02:34:00,DUL-88,2860.8,Kopili,12.88,12.8,119.6,17.37,2309.7,1.24,104.3,14358.0,1791.2,1781.0,gas_kick,185.0,DERIVED
2023-12-05T02:35:00,DUL-88,2861.0,Kopili,12.93,13.11,121.0,17.72,2337.7,1.24,105.91,14528.4,1782.3,1795.4,gas_kick,185.0,DERIVED
2023-12-05T02:36:00,DUL-88,2861.2,Kopili,12.64,13.27,120.8,17.03,2310.3,1.24,106.1,14604.3,1806.2,1796.2,gas_kick,185.1,DERIVED
2023-12-05T02:37:00,DUL-88,2861.4,Kopili,12.73,13.22,119.1,17.31,2337.2,1.24,107.61,14808.1,1786.7,1802.4,gas_kick,185.1,DERIVED
2023-12-05T02:38:00,DUL-88,2861.6,Kopili,13.17,13.32,121.7,18.68,2316.2,1.24,108.44,14958.3,1801.2,1810.9,gas_kick,184.8,DERIVED
2023-12-05T02:39:00,DUL-88,2861.8,Kopili,13.06,12.81,118.4,17.28,2325.2,1.24,109.49,15059.8,1798.7,1784.5,gas_kick,185.1,DERIVED
2023-12-05T02:40:00,DUL-88,2862.0,Kopili,13.04,13.29,117.0,18.68,2324.6,1.24,110.37,15191.9,1806.6,1820.2,gas_kick,184.8,DERIVED
2023-12-05T02:41:00,DUL-88,2862.2,Kopili,13.46,12.66,120.8,18.27,2311.6,1.24,111.33,15388.2,1807.3,1824.6,gas_kick,184.9,DERIVED
2023-12-05T02:42:00,DUL-88,2862.4,Kopili,13.01,12.99,122.4,17.07,2332.5,1.24,112.37,15477.5,1793.5,1808.0,gas_kick,185.2,DERIVED
2023-12-05T02:43:00,DUL-88,2862.6,Kopili,13.03,13.22,118.3,17.87,2323.8,1.24,113.83,15610.4,1813.1,1804.8,gas_kick,185.0,DERIVED
2023-12-05T02:44:00,DUL-88,2862.8,Kopili,13.0,12.82,120.0,18.95,2330.9,1.24,114.3,15768.6,1793.2,1785.9,gas_kick,184.8,DERIVED
2023-12-05T02:45:00,DUL-88,2863.0,Kopili,13.13,13.23,117.2,18.45,2338.0,1.24,115.01,15869.0,1782.0,1774.0,gas_kick,184.9,DERIVED
2023-12-05T02:46:00,DUL-88,2863.2,Kopili,13.42,13.09,120.9,18.58,2338.9,1.24,116.7,16049.6,1804.7,1809.7,gas_kick,184.9,DERIVED
2023-12-05T02:47:00,DUL-88,2863.4,Kopili,13.18,12.77,121.0,17.92,2334.6,1.24,117.77,16221.4,1787.3,1768.7,gas_kick,185.1,DERIVED
2023-12-05T02:48:00,DUL-88,2863.6,Kopili,13.16,12.9,121.9,18.57,2328.7,1.24,118.32,16313.1,1792.1,1789.0,gas_kick,184.9,DERIVED
2023-12-05T02:49:00,DUL-88,2863.8,Kopili,13.14,13.35,117.3,18.14,2313.2,1.24,119.92,16454.6,1812.4,1815.4,gas_kick,185.0,DERIVED
2023-12-05T02:50:00,DUL-88,2864.0,Kopili,12.51,12.91,120.6,18.88,2341.6,1.24,120.64,16571.2,1796.5,1780.6,gas_kick,184.9,DERIVED
2023-12-05T02:51:00,DUL-88,2864.2,Kopili,12.65,12.61,117.0,18.37,2316.0,1.24,121.13,16691.8,1783.5,1798.3,gas_kick,185.0,DERIVED
2023-12-05T02:52:00,DUL-88,2864.4,Kopili,13.22,12.79,121.4,17.37,2314.0,1.24,122.73,16838.4,1808.5,1822.8,gas_kick,185.2,DERIVED
2023-12-05T02:53:00,DUL-88,2864.6,Kopili,13.13,13.17,119.8,18.86,2320.3,1.24,123.01,17035.1,1808.7,1789.1,gas_kick,184.9,DERIVED
2023-12-05T02:54:00,DUL-88,2864.8,Kopili,13.32,12.66,118.9,18.46,2317.8,1.24,124.37,17167.5,1799.5,1781.8,gas_kick,185.0,DERIVED
2023-12-05T02:55:00,DUL-88,2865.0,Kopili,12.94,13.14,117.9,18.59,2323.9,1.24,125.39,17328.6,1805.2,1801.9,gas_kick,185.0,DERIVED
2023-12-05T02:56:00,DUL-88,2865.2,Kopili,13.44,13.23,120.4,17.58,2315.0,1.24,126.33,17450.6,1808.1,1821.2,gas_kick,185.2,DERIVED
2023-12-05T02:57:00,DUL-88,2865.4,Kopili,13.48,13.27,120.6,17.62,2326.2,1.24,127.6,17619.6,1795.1,1802.5,gas_kick,185.2,DERIVED
2023-12-05T02:58:00,DUL-88,2865.6,Kopili,13.31,12.83,117.0,17.53,2326.2,1.24,128.04,17753.3,1812.6,1828.1,gas_kick,185.2,DERIVED
2023-12-05T02:59:00,DUL-88,2865.8,Kopili,13.31,13.29,120.4,17.55,2339.2,1.24,129.35,17818.5,1807.4,1823.9,gas_kick,185.3,DERIVED
2023-12-05T03:00:00,DUL-88,2866.0,Kopili,13.05,13.24,118.2,18.5,2341.8,1.24,130.47,17970.7,1804.3,1811.4,gas_kick,185.0,DERIVED
2023-12-05T03:01:00,DUL-88,2866.2,Kopili,12.75,13.2,121.7,17.92,2316.6,1.24,131.58,18179.7,1810.9,1800.2,gas_kick,185.2,DERIVED
2023-12-05T03:02:00,DUL-88,2866.4,Kopili,13.39,13.02,119.9,18.18,2319.8,1.24,132.36,18286.4,1787.2,1795.3,gas_kick,185.1,DERIVED
2023-12-05T03:03:00,DUL-88,2866.6,Kopili,12.9,13.01,117.9,17.09,2344.2,1.24,133.79,18385.6,1784.2,1789.6,gas_kick,185.4,DERIVED
2023-12-05T03:04:00,DUL-88,2866.8,Kopili,13.1,12.88,120.1,17.04,2315.4,1.24,134.57,18536.2,1814.6,1814.1,gas_kick,185.4,DERIVED
2023-12-05T03:05:00,DUL-88,2867.0,Kopili,13.28,12.94,122.7,18.53,2339.2,1.24,135.2,18668.1,1790.2,1771.7,gas_kick,185.1,DERIVED
2023-12-05T03:06:00,DUL-88,2867.2,Kopili,12.58,12.64,120.3,18.74,2328.5,1.24,136.6,18829.7,1816.4,1799.0,gas_kick,185.1,DERIVED
2023-12-05T03:07:00,DUL-88,2867.4,Kopili,12.62,13.37,118.5,18.13,2334.1,1.24,137.45,18946.0,1806.8,1802.5,gas_kick,185.2,DERIVED
2023-12-05T03:08:00,DUL-88,2867.6,Kopili,13.47,13.39,118.3,17.08,2322.8,1.24,138.84,19074.7,1816.1,1832.3,gas_kick,185.4,DERIVED
2023-12-05T03:09:00,DUL-88,2867.8,Kopili,13.29,13.17,120.9,18.97,2316.9,1.24,139.68,19239.9,1810.2,1827.8,gas_kick,185.0,DERIVED
2023-12-05T03:10:00,DUL-88,2868.0,Kopili,13.09,13.21,117.6,17.65,2323.1,1.24,140.24,19364.3,1799.3,1786.0,gas_kick,185.3,DERIVED
2023-12-05T03:11:00,DUL-88,2868.2,Kopili,13.18,12.61,121.3,17.39,2316.6,1.24,141.87,19578.9,1788.8,1806.2,gas_kick,185.4,DERIVED
2023-12-05T03:12:00,DUL-88,2868.4,Kopili,12.64,12.96,117.6,18.86,2341.0,1.24,142.82,19677.8,1798.1,1791.7,gas_kick,185.1,DERIVED
2023-12-05T03:13:00,DUL-88,2868.6,Kopili,13.13,12.71,118.3,17.11,2337.3,1.24,143.27,19811.2,1785.8,1800.6,gas_kick,185.5,DERIVED
2023-12-05T03:14:00,DUL-88,2868.8,Kopili,12.66,12.82,122.0,17.67,2321.1,1.24,144.11,20007.9,1792.7,1808.8,gas_kick,185.4,DERIVED
2023-12-05T03:15:00,DUL-88,2869.0,Kopili,12.56,13.32,121.0,17.42,2330.5,1.24,145.36,20149.1,1790.3,1778.4,gas_kick,185.4,DERIVED
2023-12-05T03:16:00,DUL-88,2869.2,Kopili,13.5,13.34,117.6,17.58,2343.2,1.24,146.98,20191.6,1809.1,1800.8,gas_kick,185.4,DERIVED
2023-12-05T03:17:00,DUL-88,2869.4,Kopili,13.31,12.87,117.8,17.0,2341.5,1.24,147.91,20351.8,1787.4,1784.8,gas_kick,185.5,DERIVED
2023-12-05T03:18:00,DUL-88,2869.6,Kopili,13.07,12.71,118.1,18.54,2338.0,1.24,148.61,20519.5,1783.2,1766.7,gas_kick,185.2,DERIVED
2023-12-05T03:19:00,DUL-88,2869.8,Kopili,12.77,12.76,120.7,18.42,2341.2,1.24,149.73,20650.8,1788.1,1770.7,gas_kick,185.2,DERIVED
2023-12-05T03:20:00,DUL-88,2870.0,Kopili,13.22,12.64,121.9,17.67,2342.3,1.24,150.91,20797.7,1799.7,1780.3,gas_kick,185.4,DERIVED
2023-12-05T03:21:00,DUL-88,2870.2,Kopili,13.37,12.81,118.1,18.66,2328.2,1.24,151.0,20942.0,1794.8,1798.6,gas_kick,185.2,DERIVED
2023-12-05T03:22:00,DUL-88,2870.4,Kopili,12.95,13.01,117.7,18.43,2341.8,1.24,152.38,21105.1,1792.8,1801.3,gas_kick,185.3,DERIVED
2023-12-05T03:23:00,DUL-88,2870.6,Kopili,12.56,13.3,122.7,17.99,2332.9,1.24,153.97,21192.4,1801.5,1782.3,gas_kick,185.4,DERIVED
2023-12-05T03:24:00,DUL-88,2870.8,Kopili,12.68,12.68,118.5,18.63,2318.5,1.24,154.02,21369.9,1808.0,1795.8,gas_kick,185.3,DERIVED
2023-12-05T03:25:00,DUL-88,2871.0,Kopili,13.08,13.02,121.2,17.21,2343.9,1.24,155.49,21500.1,1781.8,1766.7,gas_kick,185.6,DERIVED
2023-12-05T03:26:00,DUL-88,2871.2,Kopili,12.78,12.7,119.4,17.27,2335.7,1.24,156.75,21606.4,1785.9,1788.8,gas_kick,185.6,DERIVED
2023-12-05T03:27:00,DUL-88,2871.4,Kopili,13.33,13.35,119.3,17.84,2343.3,1.24,157.78,21763.9,1795.8,1813.5,gas_kick,185.5,DERIVED
2023-12-05T03:28:00,DUL-88,2871.6,Kopili,12.74,12.87,119.6,18.96,2342.4,1.24,158.05,21921.7,1812.6,1826.5,gas_kick,185.2,DERIVED
2023-12-05T03:29:00,DUL-88,2871.8,Kopili,13.46,13.35,118.5,17.84,2337.4,1.24,159.43,22060.5,1801.2,1784.0,gas_kick,185.5,DERIVED
2023-12-05T03:30:00,DUL-88,2872.0,Kopili,12.52,12.71,122.8,18.55,2346.7,1.24,160.88,22153.4,1812.4,1827.7,gas_kick,185.3,DERIVED
2023-12-05T03:31:00,DUL-88,2872.2,Kopili,13.14,12.81,121.1,17.55,2335.0,1.24,161.52,22333.4,1804.9,1794.9,gas_kick,185.6,DERIVED
2023-12-05T03:32:00,DUL-88,2872.4,Kopili,13.45,12.83,118.8,18.3,2322.5,1.24,162.27,22476.6,1818.2,1818.8,gas_kick,185.4,DERIVED
2023-12-05T03:33:00,DUL-88,2872.6,Kopili,13.03,12.72,117.7,17.26,2327.9,1.24,163.09,22624.6,1791.5,1781.3,gas_kick,185.6,DERIVED
2023-12-05T03:34:00,DUL-88,2872.8,Kopili,13.34,13.09,120.4,18.3,2325.3,1.24,164.61,22756.9,1798.4,1800.4,gas_kick,185.4,DERIVED
2023-12-05T03:35:00,DUL-88,2873.0,Kopili,12.81,12.79,118.3,18.02,2330.9,1.24,165.86,22873.9,1780.5,1774.6,gas_kick,185.5,DERIVED
2023-12-05T03:36:00,DUL-88,2873.2,Kopili,13.06,12.99,118.7,18.98,2328.4,1.24,166.87,23034.0,1786.3,1769.0,gas_kick,185.3,DERIVED
2023-12-05T03:37:00,DUL-88,2873.4,Kopili,12.56,12.91,119.6,18.47,2323.0,1.24,167.15,23163.7,1818.4,1827.9,gas_kick,185.4,DERIVED
2023-12-05T03:38:00,DUL-88,2873.6,Kopili,12.85,13.14,120.7,18.7,2344.5,1.24,168.76,23317.5,1809.6,1819.3,gas_kick,185.4,DERIVED
2023-12-05T03:39:00,DUL-88,2873.8,Kopili,13.28,13.17,122.5,17.25,2346.2,1.24,169.5,23506.3,1810.6,1814.1,gas_kick,185.7,DERIVED
2023-12-05T03:40:00,DUL-88,2874.0,Kopili,13.07,12.93,121.7,18.75,2338.4,1.24,170.72,23579.3,1798.1,1796.4,gas_kick,185.4,DERIVED
2023-12-05T03:41:00,DUL-88,2874.2,Kopili,12.89,13.04,119.3,17.64,2344.0,1.24,171.18,23720.4,1800.0,1797.7,gas_kick,185.6,DERIVED
2023-12-05T03:42:00,DUL-88,2874.4,Kopili,12.64,13.06,120.5,17.18,2348.1,1.24,172.96,23850.4,1813.7,1827.3,gas_kick,185.8,DERIVED
2023-12-05T03:43:00,DUL-88,2874.6,Kopili,12.93,13.33,117.1,17.09,2337.6,1.24,173.54,24069.8,1816.8,1827.8,gas_kick,185.8,DERIVED
2023-12-05T03:44:00,DUL-88,2874.8,Kopili,13.02,13.01,121.1,17.78,2331.6,1.24,174.68,24162.5,1794.0,1812.0,gas_kick,185.6,DERIVED
2023-12-05T03:45:00,DUL-88,2875.0,Kopili,12.6,12.9,119.4,18.12,2338.2,1.24,175.44,24312.5,1818.6,1818.0,gas_kick,185.6,DERIVED
2023-12-05T03:46:00,DUL-88,2875.2,Kopili,13.5,12.87,120.2,18.63,2326.3,1.24,176.51,24401.1,1819.1,1832.2,gas_kick,185.5,DERIVED
2023-12-05T03:47:00,DUL-88,2875.4,Kopili,13.39,13.15,121.9,18.98,2348.0,1.24,177.51,24580.5,1786.3,1777.9,gas_kick,185.4,DERIVED
2023-12-05T03:48:00,DUL-88,2875.6,Kopili,12.69,12.75,120.8,18.21,2332.1,1.24,178.41,24748.8,1805.5,1787.2,gas_kick,185.6,DERIVED
2023-12-05T03:49:00,DUL-88,2875.8,Kopili,12.81,13.15,117.0,17.61,2346.9,1.24,179.5,24865.3,1806.7,1794.6,gas_kick,185.7,DERIVED
2023-12-05T03:50:00,DUL-88,2876.0,Kopili,12.77,13.12,120.2,18.99,2339.0,1.24,180.76,24960.7,1784.9,1771.1,gas_kick,185.4,DERIVED
2023-12-05T03:51:00,DUL-88,2876.2,Kopili,12.6,12.74,120.1,18.65,2340.4,1.24,181.77,25122.3,1782.5,1763.0,gas_kick,185.5,DERIVED
2023-12-05T03:52:00,DUL-88,2876.4,Kopili,13.22,12.88,118.0,17.53,2325.1,1.24,182.45,25268.6,1803.3,1797.2,gas_kick,185.8,DERIVED
2023-12-05T03:53:00,DUL-88,2876.6,Kopili,12.55,13.31,120.5,18.92,2335.5,1.24,183.93,25455.5,1790.0,1771.7,gas_kick,185.5,DERIVED
2023-12-05T03:54:00,DUL-88,2876.8,Kopili,12.81,13.32,121.9,17.61,2340.5,1.24,184.24,25549.0,1799.8,1817.8,gas_kick,185.8,DERIVED
2023-12-05T03:55:00,DUL-88,2877.0,Kopili,13.22,12.78,118.9,18.75,2337.1,1.24,185.36,25668.7,1789.7,1776.7,gas_kick,185.5,DERIVED
2023-12-05T03:56:00,DUL-88,2877.2,Kopili,13.47,12.83,120.4,17.23,2338.8,1.24,186.12,25872.6,1796.1,1778.7,gas_kick,185.9,DERIVED
2023-12-05T03:57:00,DUL-88,2877.4,Kopili,12.85,12.8,118.1,17.57,2330.0,1.24,187.16,26000.6,1806.6,1800.2,gas_kick,185.8,DERIVED
2023-12-05T03:58:00,DUL-88,2877.6,Kopili,12.59,12.82,122.0,17.26,2336.4,1.24,188.35,26142.2,1812.2,1798.6,gas_kick,185.9,DERIVED
2023-12-05T03:59:00,DUL-88,2877.8,Kopili,12.88,13.37,118.2,18.9,2338.4,1.24,189.71,26236.1,1798.1,1783.3,gas_kick,185.5,DERIVED
2023-12-05T00:00:00,DUL-92,2180.0,Barail,11.56,15.09,119.2,17.49,2303.2,1.2,0.0,47.1,1814.9,1799.8,normal,152.0,DERIVED
2023-12-05T00:01:00,DUL-92,2180.2,Barail,11.02,15.04,118.6,18.54,2296.7,1.2,0.0,51.6,1802.7,1795.1,normal,151.7,DERIVED
2023-12-05T00:02:00,DUL-92,2180.4,Barail,10.85,14.59,118.1,18.7,2295.0,1.2,0.0,51.6,1784.4,1786.8,normal,151.7,DERIVED
2023-12-05T00:03:00,DUL-92,2180.6,Barail,10.81,15.0,118.8,17.13,2294.8,1.2,0.0,47.3,1785.0,1793.7,normal,152.1,DERIVED
2023-12-05T00:04:00,DUL-92,2180.8,Barail,10.7,14.9,122.5,18.55,2312.1,1.2,0.0,53.6,1785.3,1776.3,normal,151.8,DERIVED
2023-12-05T00:05:00,DUL-92,2181.0,Barail,10.34,15.18,121.0,17.7,2298.2,1.2,0.0,51.6,1808.0,1797.9,normal,152.0,DERIVED
2023-12-05T00:06:00,DUL-92,2181.2,Barail,11.49,14.85,120.8,17.36,2289.4,1.2,0.0,54.1,1809.4,1817.9,normal,152.0,DERIVED
2023-12-05T00:07:00,DUL-92,2181.4,Barail,10.36,14.54,118.0,17.4,2295.2,1.2,0.0,48.8,1781.6,1774.0,normal,152.0,DERIVED
2023-12-05T00:08:00,DUL-92,2181.6,Barail,11.19,14.68,122.0,18.14,2307.8,1.2,0.0,47.5,1797.4,1804.8,normal,151.9,DERIVED
2023-12-05T00:09:00,DUL-92,2181.8,Barail,10.79,14.5,122.0,18.55,2295.0,1.2,0.0,45.4,1814.2,1818.5,normal,151.8,DERIVED
2023-12-05T00:10:00,DUL-92,2182.0,Barail,10.37,14.74,117.7,18.58,2292.9,1.2,0.0,54.1,1810.0,1793.4,normal,151.8,DERIVED
2023-12-05T00:11:00,DUL-92,2182.2,Barail,11.27,14.89,121.5,18.66,2295.2,1.2,0.0,45.9,1817.9,1814.8,normal,151.8,DERIVED
2023-12-05T00:12:00,DUL-92,2182.4,Barail,11.6,15.19,121.4,18.66,2305.8,1.2,0.0,49.5,1782.2,1790.1,normal,151.8,DERIVED
2023-12-05T00:13:00,DUL-92,2182.6,Barail,10.9,15.01,122.6,17.26,2309.9,1.2,0.0,45.4,1808.1,1820.3,normal,152.1,DERIVED
2023-12-05T00:14:00,DUL-92,2182.8,Barail,10.67,15.05,122.8,18.28,2303.6,1.2,0.0,47.5,1782.4,1776.7,normal,151.9,DERIVED
2023-12-05T00:15:00,DUL-92,2183.0,Barail,10.88,14.7,118.9,17.27,2308.6,1.2,0.0,51.7,1789.5,1779.2,normal,152.1,DERIVED
2023-12-05T00:16:00,DUL-92,2183.2,Barail,11.02,14.95,122.6,17.7,2296.5,1.2,0.0,53.8,1785.7,1788.2,normal,152.1,DERIVED
2023-12-05T00:17:00,DUL-92,2183.4,Barail,10.77,15.32,120.3,18.52,2292.8,1.2,0.0,51.7,1803.9,1802.4,normal,151.9,DERIVED
2023-12-05T00:18:00,DUL-92,2183.6,Barail,11.37,15.33,117.7,17.58,2298.7,1.2,0.0,47.1,1782.4,1773.6,normal,152.1,DERIVED
2023-12-05T00:19:00,DUL-92,2183.8,Barail,10.58,15.2,119.7,17.23,2297.8,1.2,0.0,49.7,1794.5,1781.2,normal,152.2,DERIVED
2023-12-05T00:20:00,DUL-92,2184.0,Barail,10.4,14.51,123.0,18.5,2290.7,1.2,0.0,52.2,1819.2,1821.8,normal,151.9,DERIVED
2023-12-05T00:21:00,DUL-92,2184.2,Barail,10.45,14.99,119.6,17.38,2304.7,1.2,0.0,45.1,1816.8,1822.6,normal,152.2,DERIVED
2023-12-05T00:22:00,DUL-92,2184.4,Barail,11.18,15.44,120.9,17.5,2295.9,1.2,0.0,46.4,1781.1,1792.1,normal,152.2,DERIVED
2023-12-05T00:23:00,DUL-92,2184.6,Barail,11.48,14.8,118.1,18.28,2314.1,1.2,0.0,54.3,1786.7,1798.1,normal,152.0,DERIVED
2023-12-05T00:24:00,DUL-92,2184.8,Barail,11.46,15.24,119.0,17.37,2313.6,1.2,0.0,48.2,1794.7,1796.8,normal,152.2,DERIVED
2023-12-05T00:25:00,DUL-92,2185.0,Barail,10.82,15.33,118.4,17.08,2306.0,1.2,0.0,51.3,1812.8,1821.0,normal,152.3,DERIVED
2023-12-05T00:26:00,DUL-92,2185.2,Barail,11.57,15.44,120.0,18.0,2293.9,1.2,0.0,48.0,1803.2,1786.5,normal,152.1,DERIVED
2023-12-05T00:27:00,DUL-92,2185.4,Barail,11.26,14.66,119.7,18.94,2292.0,1.2,0.0,45.4,1797.6,1785.2,normal,151.9,DERIVED
2023-12-05T00:28:00,DUL-92,2185.6,Barail,11.31,14.5,122.0,18.71,2313.1,1.2,0.0,49.3,1791.3,1797.8,normal,152.0,DERIVED
2023-12-05T00:29:00,DUL-92,2185.8,Barail,11.02,14.92,119.0,17.88,2309.6,1.2,0.0,53.3,1816.2,1802.7,normal,152.1,DERIVED
2023-12-05T00:30:00,DUL-92,2186.0,Barail,10.71,14.94,120.4,17.7,2295.7,1.2,0.0,45.9,1792.9,1791.4,normal,152.2,DERIVED
2023-12-05T00:31:00,DUL-92,2186.2,Barail,11.66,15.41,122.2,18.95,2318.8,1.2,0.0,51.2,1812.4,1794.8,normal,151.9,DERIVED
2023-12-05T00:32:00,DUL-92,2186.4,Barail,11.25,15.11,118.8,18.14,2318.7,1.2,0.0,49.8,1805.9,1797.9,normal,152.1,DERIVED
2023-12-05T00:33:00,DUL-92,2186.6,Barail,10.78,15.39,117.2,17.38,2310.6,1.2,0.0,49.5,1783.4,1789.8,normal,152.3,DERIVED
2023-12-05T00:34:00,DUL-92,2186.8,Barail,10.82,15.08,119.5,18.06,2307.4,1.2,0.0,49.0,1784.6,1771.8,normal,152.2,DERIVED
2023-12-05T00:35:00,DUL-92,2187.0,Barail,11.55,15.05,117.7,18.72,2298.2,1.2,0.0,45.9,1801.2,1791.3,normal,152.0,DERIVED
2023-12-05T00:36:00,DUL-92,2187.2,Barail,10.98,15.05,118.4,18.15,2294.2,1.2,0.0,50.1,1803.5,1786.7,normal,152.2,DERIVED
2023-12-05T00:37:00,DUL-92,2187.4,Barail,10.87,14.57,119.6,18.73,2307.4,1.2,0.0,52.1,1810.3,1794.9,normal,152.0,DERIVED
2023-12-05T00:38:00,DUL-92,2187.6,Barail,11.69,15.22,117.6,18.66,2302.8,1.2,0.0,46.7,1818.4,1820.9,normal,152.1,DERIVED
2023-12-05T00:39:00,DUL-92,2187.8,Barail,11.38,14.64,121.7,17.12,2298.3,1.2,0.0,48.7,1780.6,1784.4,normal,152.4,DERIVED
2023-12-05T00:40:00,DUL-92,2188.0,Barail,10.6,14.8,121.2,17.85,2318.1,1.2,0.0,51.2,1814.9,1817.4,normal,152.3,DERIVED
2023-12-05T00:41:00,DUL-92,2188.2,Barail,11.58,15.37,118.0,18.49,2301.8,1.2,0.0,52.6,1807.2,1820.2,normal,152.1,DERIVED
2023-12-05T00:42:00,DUL-92,2188.4,Barail,10.47,14.87,121.4,18.9,2313.4,1.2,0.0,45.4,1804.2,1788.1,normal,152.0,DERIVED
2023-12-05T00:43:00,DUL-92,2188.6,Barail,11.07,15.3,117.7,18.85,2312.1,1.2,0.0,47.5,1787.7,1785.6,normal,152.1,DERIVED
2023-12-05T00:44:00,DUL-92,2188.8,Barail,11.47,15.08,117.7,17.04,2295.4,1.2,0.0,53.0,1787.4,1789.6,normal,152.5,DERIVED
2023-12-05T00:45:00,DUL-92,2189.0,Barail,10.71,15.19,119.3,17.29,2318.5,1.2,0.0,50.4,1807.6,1819.9,normal,152.4,DERIVED
2023-12-05T00:46:00,DUL-92,2189.2,Barail,11.63,14.51,119.1,17.3,2307.4,1.2,0.0,53.7,1812.0,1793.4,normal,152.4,DERIVED
2023-12-05T00:47:00,DUL-92,2189.4,Barail,10.56,15.32,121.1,17.79,2306.8,1.2,0.0,46.6,1813.8,1809.5,normal,152.3,DERIVED
2023-12-05T00:48:00,DUL-92,2189.6,Barail,11.52,15.11,117.5,17.66,2299.2,1.2,0.0,53.9,1803.6,1785.3,normal,152.4,DERIVED
2023-12-05T00:49:00,DUL-92,2189.8,Barail,10.54,14.86,119.8,18.15,2304.5,1.2,0.0,48.5,1780.2,1783.4,normal,152.3,DERIVED
2023-12-05T00:50:00,DUL-92,2190.0,Barail,10.77,14.52,119.8,18.97,2294.4,1.2,0.0,46.5,1806.8,1797.7,normal,152.1,DERIVED
2023-12-05T00:51:00,DUL-92,2190.2,Barail,10.68,15.0,118.6,18.14,2309.0,1.2,0.0,54.6,1819.7,1801.1,normal,152.3,DERIVED
2023-12-05T00:52:00,DUL-92,2190.4,Barail,11.08,15.27,122.2,18.55,2312.3,1.2,0.0,51.3,1794.5,1785.8,normal,152.2,DERIVED
2023-12-05T00:53:00,DUL-92,2190.6,Barail,11.41,15.37,122.6,18.36,2302.6,1.2,0.0,52.6,1809.6,1809.9,normal,152.3,DERIVED
2023-12-05T00:54:00,DUL-92,2190.8,Barail,11.19,14.85,120.3,17.81,2295.5,1.2,0.0,48.4,1792.9,1812.5,normal,152.4,DERIVED
2023-12-05T00:55:00,DUL-92,2191.0,Barail,10.97,14.87,118.5,17.47,2304.3,1.2,0.0,46.4,1780.3,1795.1,normal,152.5,DERIVED
2023-12-05T00:56:00,DUL-92,2191.2,Barail,10.93,14.95,120.4,17.6,2299.0,1.2,0.0,45.7,1792.1,1784.4,normal,152.5,DERIVED
2023-12-05T00:57:00,DUL-92,2191.4,Barail,11.32,15.05,122.6,17.68,2321.8,1.2,0.0,50.8,1783.2,1770.4,normal,152.5,DERIVED
2023-12-05T00:58:00,DUL-92,2191.6,Barail,11.11,15.49,119.1,18.55,2307.1,1.2,0.0,53.7,1782.7,1782.1,normal,152.3,DERIVED
2023-12-05T00:59:00,DUL-92,2191.8,Barail,11.56,14.78,118.5,17.05,2299.4,1.2,0.0,47.7,1808.2,1796.9,normal,152.6,DERIVED
2023-12-05T01:00:00,DUL-92,2192.0,Barail,10.86,14.7,120.6,18.73,2314.0,1.2,0.0,47.0,1809.4,1827.9,normal,152.3,DERIVED
2023-12-05T01:01:00,DUL-92,2192.2,Barail,11.14,14.58,121.9,18.75,2305.0,1.2,0.0,46.4,1787.5,1789.0,normal,152.3,DERIVED
2023-12-05T01:02:00,DUL-92,2192.4,Barail,11.53,15.14,122.5,17.42,2304.7,1.2,0.0,52.5,1806.0,1802.2,normal,152.6,DERIVED
2023-12-05T01:03:00,DUL-92,2192.6,Barail,11.25,14.84,117.3,17.83,2296.4,1.2,0.0,51.3,1793.4,1793.2,normal,152.5,DERIVED
2023-12-05T01:04:00,DUL-92,2192.8,Barail,11.14,14.76,119.8,17.03,2323.0,1.2,0.0,50.6,1819.5,1801.7,normal,152.7,DERIVED
2023-12-05T01:05:00,DUL-92,2193.0,Barail,11.16,15.22,119.0,17.19,2300.1,1.2,0.0,46.4,1810.7,1794.3,normal,152.7,DERIVED
2023-12-05T01:06:00,DUL-92,2193.2,Barail,11.44,14.92,120.2,18.18,2312.2,1.2,0.0,51.6,1804.1,1797.3,normal,152.4,DERIVED
2023-12-05T01:07:00,DUL-92,2193.4,Barail,11.34,14.76,121.3,18.53,2319.0,1.2,0.0,48.1,1810.9,1830.0,normal,152.4,DERIVED
2023-12-05T01:08:00,DUL-92,2193.6,Barail,10.93,14.78,120.1,18.88,2299.8,1.2,0.0,45.1,1799.0,1805.2,normal,152.3,DERIVED
2023-12-05T01:09:00,DUL-92,2193.8,Barail,11.38,14.86,122.9,17.46,2318.7,1.2,0.0,45.9,1781.1,1766.5,normal,152.6,DERIVED
2023-12-05T01:10:00,DUL-92,2194.0,Barail,10.38,15.0,120.3,17.36,2324.4,1.2,0.0,48.7,1786.0,1773.1,normal,152.7,DERIVED
2023-12-05T01:11:00,DUL-92,2194.2,Barail,11.33,15.42,118.0,17.06,2319.7,1.2,0.0,47.4,1819.3,1819.3,normal,152.7,DERIVED
2023-12-05T01:12:00,DUL-92,2194.4,Barail,11.19,14.84,121.8,17.92,2306.2,1.2,0.0,54.0,1784.3,1793.6,normal,152.6,DERIVED
2023-12-05T01:13:00,DUL-92,2194.6,Barail,10.39,15.15,119.4,18.73,2298.5,1.2,0.0,50.6,1796.4,1813.2,normal,152.4,DERIVED
2023-12-05T01:14:00,DUL-92,2194.8,Barail,11.62,15.13,118.3,17.5,2304.7,1.2,0.0,49.3,1789.3,1777.4,normal,152.7,DERIVED
2023-12-05T01:15:00,DUL-92,2195.0,Barail,11.36,15.14,118.8,18.99,2303.5,1.2,0.0,50.7,1786.3,1800.8,normal,152.3,DERIVED
2023-12-05T01:16:00,DUL-92,2195.2,Barail,11.52,14.77,121.5,18.65,2305.6,1.2,0.0,48.3,1799.4,1815.1,normal,152.4,DERIVED
2023-12-05T01:17:00,DUL-92,2195.4,Barail,10.53,15.18,120.6,17.91,2314.7,1.2,0.0,53.8,1788.4,1803.7,normal,152.6,DERIVED
2023-12-05T01:18:00,DUL-92,2195.6,Barail,10.8,15.28,122.2,17.36,2323.4,1.2,0.0,54.9,1791.9,1772.9,normal,152.7,DERIVED
2023-12-05T01:19:00,DUL-92,2195.8,Barail,10.46,15.47,117.1,18.82,2302.2,1.2,0.0,52.4,1783.9,1770.7,normal,152.4,DERIVED
2023-12-05T01:20:00,DUL-92,2196.0,Barail,11.26,14.59,119.0,18.84,2319.3,1.2,0.0,53.8,1819.2,1800.5,normal,152.4,DERIVED
2023-12-05T01:21:00,DUL-92,2196.2,Barail,10.63,15.29,121.1,17.08,2313.1,1.2,0.0,47.3,1797.2,1781.4,normal,152.8,DERIVED
2023-12-05T01:22:00,DUL-92,2196.4,Barail,10.33,15.49,118.9,18.76,2301.7,1.2,0.0,49.9,1785.4,1782.6,normal,152.5,DERIVED
2023-12-05T01:23:00,DUL-92,2196.6,Barail,10.55,15.19,117.9,18.48,2313.3,1.2,0.0,46.1,1794.1,1794.0,normal,152.5,DERIVED
2023-12-05T01:24:00,DUL-92,2196.8,Barail,11.59,14.85,118.3,18.94,2324.9,1.2,0.0,52.3,1790.9,1778.0,normal,152.4,DERIVED
2023-12-05T01:25:00,DUL-92,2197.0,Barail,10.67,14.57,117.3,18.02,2310.8,1.2,0.0,50.6,1794.5,1774.9,normal,152.7,DERIVED
2023-12-05T01:26:00,DUL-92,2197.2,Barail,11.26,15.15,120.3,18.1,2319.5,1.2,0.0,54.8,1815.0,1823.7,normal,152.7,DERIVED
2023-12-05T01:27:00,DUL-92,2197.4,Barail,10.86,14.82,119.5,18.95,2310.5,1.2,0.0,48.9,1796.4,1782.1,normal,152.5,DERIVED
2023-12-05T01:28:00,DUL-92,2197.6,Barail,11.7,14.51,120.6,18.85,2306.7,1.2,0.0,51.1,1795.1,1784.7,normal,152.5,DERIVED
2023-12-05T01:29:00,DUL-92,2197.8,Barail,10.58,14.62,122.1,18.57,2326.5,1.2,0.0,45.5,1807.8,1800.7,normal,152.6,DERIVED
2023-12-05T01:30:00,DUL-92,2198.0,Barail,11.2,15.05,118.9,18.94,2299.4,1.2,0.0,52.5,1814.1,1814.5,normal,152.5,DERIVED
2023-12-05T01:31:00,DUL-92,2198.2,Barail,11.13,15.49,118.4,18.26,2321.9,1.2,0.0,48.8,1808.5,1804.2,normal,152.7,DERIVED
2023-12-05T01:32:00,DUL-92,2198.4,Barail,11.04,15.11,121.1,17.64,2318.6,1.2,0.0,50.4,1788.9,1793.4,normal,152.8,DERIVED
2023-12-05T01:33:00,DUL-92,2198.6,Barail,10.67,15.41,119.8,18.44,2315.5,1.2,0.0,49.8,1788.8,1774.5,normal,152.6,DERIVED
2023-12-05T01:34:00,DUL-92,2198.8,Barail,11.6,15.03,120.1,18.05,2324.4,1.2,0.0,47.4,1786.9,1799.8,normal,152.7,DERIVED
2023-12-05T01:35:00,DUL-92,2199.0,Barail,10.94,15.14,122.0,18.79,2326.2,1.2,0.0,45.4,1795.3,1808.5,normal,152.6,DERIVED
2023-12-05T01:36:00,DUL-92,2199.2,Barail,11.44,14.62,117.9,17.5,2303.4,1.2,0.0,48.6,1812.1,1813.0,normal,152.9,DERIVED
2023-12-05T01:37:00,DUL-92,2199.4,Barail,10.93,14.59,119.4,18.99,2321.4,1.2,0.0,49.5,1799.1,1811.1,normal,152.6,DERIVED
2023-12-05T01:38:00,DUL-92,2199.6,Barail,11.36,14.65,121.1,17.73,2316.3,1.2,0.0,47.4,1794.8,1788.4,normal,152.9,DERIVED
2023-12-05T01:39:00,DUL-92,2199.8,Barail,10.83,14.52,118.2,18.14,2302.6,1.2,0.0,46.8,1808.7,1799.7,normal,152.8,DERIVED
2023-12-05T01:40:00,DUL-92,2200.0,Barail,10.75,14.74,122.0,17.18,2320.1,1.2,0.0,53.6,1788.1,1785.0,normal,153.0,DERIVED
2023-12-05T01:41:00,DUL-92,2200.2,Barail,11.41,15.12,119.2,17.09,2314.4,1.2,0.0,48.7,1808.5,1800.3,normal,153.0,DERIVED
2023-12-05T01:42:00,DUL-92,2200.4,Barail,10.87,15.15,121.9,17.7,2312.9,1.2,0.0,50.8,1817.0,1804.7,normal,152.9,DERIVED
2023-12-05T01:43:00,DUL-92,2200.6,Barail,11.66,15.21,119.2,18.33,2311.4,1.2,0.0,45.7,1810.2,1805.4,normal,152.8,DERIVED
2023-12-05T01:44:00,DUL-92,2200.8,Barail,11.04,15.0,122.4,18.51,2302.4,1.2,0.0,50.9,1798.5,1797.0,normal,152.7,DERIVED
2023-12-05T01:45:00,DUL-92,2201.0,Barail,11.48,14.91,119.8,18.78,2315.0,1.2,0.0,49.9,1800.5,1813.5,normal,152.7,DERIVED
2023-12-05T01:46:00,DUL-92,2201.2,Barail,11.24,15.24,119.4,17.08,2322.4,1.2,0.0,50.5,1810.8,1821.6,normal,153.1,DERIVED
2023-12-05T01:47:00,DUL-92,2201.4,Barail,10.47,14.72,117.5,18.63,2305.2,1.2,0.0,45.9,1810.1,1812.7,normal,152.7,DERIVED
2023-12-05T01:48:00,DUL-92,2201.6,Barail,10.38,15.18,121.3,17.97,2303.9,1.2,0.0,51.9,1796.7,1800.1,normal,152.9,DERIVED
2023-12-05T01:49:00,DUL-92,2201.8,Barail,11.7,15.32,122.2,17.29,2312.5,1.2,0.0,50.2,1780.2,1799.8,normal,153.1,DERIVED
2023-12-05T01:50:00,DUL-92,2202.0,Barail,10.68,14.76,118.9,17.51,2328.4,1.2,0.0,50.6,1800.4,1797.2,normal,153.0,DERIVED
2023-12-05T01:51:00,DUL-92,2202.2,Barail,10.37,14.8,122.2,18.6,2328.5,1.2,0.0,47.6,1788.1,1770.2,normal,152.8,DERIVED
2023-12-05T01:52:00,DUL-92,2202.4,Barail,11.05,14.87,119.8,17.98,2320.4,1.2,0.0,48.7,1812.1,1800.1,normal,152.9,DERIVED
2023-12-05T01:53:00,DUL-92,2202.6,Barail,11.59,15.06,117.3,17.63,2319.1,1.2,0.0,49.1,1802.6,1795.5,normal,153.0,DERIVED
2023-12-05T01:54:00,DUL-92,2202.8,Barail,10.68,15.3,118.7,18.42,2327.3,1.2,0.0,50.9,1798.2,1815.6,normal,152.9,DERIVED
2023-12-05T01:55:00,DUL-92,2203.0,Barail,10.92,15.38,117.3,17.87,2322.6,1.2,0.0,45.5,1814.5,1797.4,normal,153.0,DERIVED
2023-12-05T01:56:00,DUL-92,2203.2,Barail,11.13,14.68,122.5,18.12,2327.6,1.2,0.0,50.0,1807.0,1814.0,normal,152.9,DERIVED
2023-12-05T01:57:00,DUL-92,2203.4,Barail,10.71,14.71,122.0,17.29,2331.3,1.2,0.0,47.1,1784.0,1767.8,normal,153.1,DERIVED
2023-12-05T01:58:00,DUL-92,2203.6,Barail,11.4,15.45,119.5,18.32,2311.6,1.2,0.0,54.1,1807.4,1793.6,normal,152.9,DERIVED
2023-12-05T01:59:00,DUL-92,2203.8,Barail,10.38,15.2,117.3,18.67,2312.8,1.2,0.0,47.3,1803.3,1796.0,normal,152.8,DERIVED
2023-12-05T02:00:00,DUL-92,2204.0,Barail,11.08,14.65,122.5,17.65,2329.4,1.2,0.0,46.5,1812.0,1831.2,normal,153.1,DERIVED
2023-12-05T02:01:00,DUL-92,2204.2,Barail,10.85,14.53,119.3,18.28,2311.1,1.2,0.0,50.5,1783.7,1782.3,normal,153.0,DERIVED
2023-12-05T02:02:00,DUL-92,2204.4,Barail,11.32,14.93,121.1,17.23,2329.4,1.2,0.0,46.2,1816.9,1836.8,normal,153.2,DERIVED
2023-12-05T02:03:00,DUL-92,2204.6,Barail,11.62,15.03,118.7,17.7,2327.2,1.2,0.0,50.0,1817.2,1800.9,normal,153.1,DERIVED
2023-12-05T02:04:00,DUL-92,2204.8,Barail,10.98,15.36,120.6,18.08,2307.5,1.2,0.0,46.4,1790.8,1806.6,normal,153.0,DERIVED
2023-12-05T02:05:00,DUL-92,2205.0,Barail,12.69,13.78,122.5,17.06,2323.0,1.2,0.0,54.7,1793.8,1811.5,normal,153.3,DERIVED
2023-12-05T02:06:00,DUL-92,2205.2,Barail,12.91,13.4,119.0,17.9,2312.6,1.2,0.0,52.4,1787.2,1798.7,normal,153.1,DERIVED
2023-12-05T02:07:00,DUL-92,2205.4,Barail,12.8,13.18,120.4,17.19,2321.9,1.2,0.0,52.9,1803.8,1802.3,normal,153.3,DERIVED
2023-12-05T02:08:00,DUL-92,2205.6,Barail,12.87,13.29,117.6,18.29,2309.4,1.2,0.0,50.8,1794.1,1789.1,normal,153.0,DERIVED
2023-12-05T02:09:00,DUL-92,2205.8,Barail,14.73,12.77,118.0,18.88,2315.6,1.2,0.0,53.4,1814.9,1814.1,normal,152.9,DERIVED
2023-12-05T02:10:00,DUL-92,2206.0,Barail,14.3,12.48,122.3,17.23,2320.7,1.2,0.0,50.4,1784.7,1783.4,normal,153.3,DERIVED
2023-12-05T02:11:00,DUL-92,2206.2,Barail,14.93,12.59,120.0,17.73,2311.9,1.2,0.0,49.0,1788.1,1773.2,normal,153.2,DERIVED
2023-12-05T02:12:00,DUL-92,2206.4,Barail,15.68,12.62,120.0,18.78,2306.6,1.2,0.0,54.4,1799.5,1811.2,normal,156.0,DERIVED
2023-12-05T02:13:00,DUL-92,2206.6,Barail,16.94,12.23,118.4,18.5,2310.9,1.2,0.0,47.6,1781.2,1777.0,normal,161.7,DERIVED
2023-12-05T02:14:00,DUL-92,2206.8,Barail,17.44,11.67,122.3,17.17,2323.8,1.2,0.0,47.3,1803.8,1815.2,normal,164.3,DERIVED
2023-12-05T02:15:00,DUL-92,2207.0,Barail,18.42,11.25,118.5,18.2,2336.1,1.2,0.0,45.4,1804.7,1812.4,normal,168.5,DERIVED
2023-12-05T02:16:00,DUL-92,2207.2,Barail,19.23,11.23,121.9,17.92,2334.4,1.2,0.0,45.1,1817.6,1814.1,normal,172.2,DERIVED
2023-12-05T02:17:00,DUL-92,2207.4,Barail,19.01,10.79,118.5,18.47,2327.3,1.2,0.0,46.5,1793.8,1779.4,normal,171.1,DERIVED
2023-12-05T02:18:00,DUL-92,2207.6,Barail,19.2,10.66,119.0,18.95,2337.0,1.2,0.0,52.9,1799.2,1799.1,normal,171.9,DERIVED
2023-12-05T02:19:00,DUL-92,2207.8,Barail,20.96,10.97,121.5,18.27,2313.2,1.2,0.0,51.3,1813.8,1825.3,normal,179.9,DERIVED
2023-12-05T02:20:00,DUL-92,2208.0,Barail,20.18,10.57,119.1,17.32,2336.4,1.2,0.0,51.7,1809.8,1795.2,normal,176.7,DERIVED
2023-12-05T02:21:00,DUL-92,2208.2,Barail,22.26,10.51,122.4,18.49,2332.5,1.2,0.0,53.0,1803.6,1801.0,normal,185.8,DERIVED
2023-12-05T02:22:00,DUL-92,2208.4,Barail,22.85,10.15,122.2,17.6,2336.5,1.2,0.0,50.3,1817.8,1802.5,normal,188.6,DERIVED
2023-12-05T02:23:00,DUL-92,2208.6,Barail,23.74,9.91,118.5,18.68,2314.8,1.2,0.0,47.0,1798.3,1787.8,normal,192.4,DERIVED
2023-12-05T02:24:00,DUL-92,2208.8,Barail,23.39,9.77,121.1,18.42,2319.8,1.2,0.0,52.8,1811.7,1819.1,normal,190.9,DERIVED
2023-12-05T02:25:00,DUL-92,2209.0,Barail,24.88,9.46,119.4,17.17,2327.8,1.2,0.0,53.4,1793.6,1797.4,normal,197.9,DERIVED
2023-12-05T02:26:00,DUL-92,2209.2,Barail,25.27,9.19,117.0,17.98,2308.9,1.2,0.0,46.1,1812.5,1809.2,normal,199.5,DERIVED
2023-12-05T02:27:00,DUL-92,2209.4,Barail,25.41,8.69,119.0,17.43,2319.1,1.2,0.0,53.4,1804.8,1796.5,normal,200.2,DERIVED
2023-12-05T02:28:00,DUL-92,2209.6,Barail,24.98,8.3,121.2,17.88,2328.5,1.2,0.0,53.1,1784.8,1792.1,normal,198.2,DERIVED
2023-12-05T02:29:00,DUL-92,2209.8,Barail,25.48,8.5,118.1,17.54,2337.6,1.2,0.0,48.6,1789.0,1804.6,normal,200.6,DERIVED
2023-12-05T02:30:00,DUL-92,2210.0,Barail,27.22,8.32,119.4,18.0,2337.7,1.2,0.0,50.1,1819.5,1807.1,stuck_pipe,208.3,DERIVED
2023-12-05T02:31:00,DUL-92,2210.2,Barail,28.26,7.49,120.2,17.0,2314.4,1.2,0.0,54.5,1798.2,1810.6,stuck_pipe,213.2,DERIVED
2023-12-05T02:32:00,DUL-92,2210.4,Barail,27.7,7.4,117.6,18.11,2335.2,1.2,0.0,50.1,1795.1,1812.2,stuck_pipe,210.4,DERIVED
2023-12-05T02:33:00,DUL-92,2210.6,Barail,29.59,7.41,117.5,18.25,2322.8,1.2,0.0,54.6,1794.5,1800.9,stuck_pipe,218.9,DERIVED
2023-12-05T02:34:00,DUL-92,2210.8,Barail,29.66,6.94,120.1,18.35,2336.9,1.2,0.0,50.0,1794.5,1813.6,stuck_pipe,219.2,DERIVED
2023-12-05T02:35:00,DUL-92,2211.0,Barail,29.11,7.07,121.1,18.11,2323.2,1.2,0.0,52.5,1815.6,1824.8,stuck_pipe,216.8,DERIVED
2023-12-05T02:36:00,DUL-92,2211.2,Barail,31.1,6.19,119.0,17.27,2338.5,1.2,0.0,53.9,1785.8,1789.3,stuck_pipe,226.0,DERIVED
2023-12-05T02:37:00,DUL-92,2211.4,Barail,31.35,5.96,119.4,18.49,2329.4,1.2,0.0,47.8,1810.5,1802.1,stuck_pipe,226.8,DERIVED
2023-12-05T02:38:00,DUL-92,2211.6,Barail,31.89,6.02,122.9,18.3,2334.4,1.2,0.0,51.8,1795.2,1813.7,stuck_pipe,229.3,DERIVED
2023-12-05T02:39:00,DUL-92,2211.8,Barail,32.82,5.99,118.7,17.32,2327.7,1.2,0.0,53.3,1811.7,1805.6,stuck_pipe,233.7,DERIVED
2023-12-05T02:40:00,DUL-92,2212.0,Barail,32.28,5.61,122.3,17.32,2332.8,1.2,0.0,46.7,1792.5,1774.6,stuck_pipe,231.3,DERIVED
2023-12-05T02:41:00,DUL-92,2212.2,Barail,33.2,5.27,122.8,18.92,2316.4,1.2,0.0,48.1,1817.7,1805.6,stuck_pipe,235.1,DERIVED
2023-12-05T02:42:00,DUL-92,2212.4,Barail,33.84,5.07,117.7,17.52,2322.7,1.2,0.0,48.9,1818.5,1809.2,stuck_pipe,238.3,DERIVED
2023-12-05T02:43:00,DUL-92,2212.6,Barail,34.21,5.21,119.7,18.67,2330.2,1.2,0.0,52.8,1792.6,1778.7,stuck_pipe,239.7,DERIVED
2023-12-05T02:44:00,DUL-92,2212.8,Barail,35.91,4.62,120.4,18.34,2333.8,1.2,0.0,47.8,1794.5,1811.2,stuck_pipe,247.5,DERIVED
2023-12-05T02:45:00,DUL-92,2213.0,Barail,36.06,4.23,120.8,17.52,2334.5,1.2,0.0,45.4,1813.1,1815.7,stuck_pipe,248.3,DERIVED
2023-12-05T02:46:00,DUL-92,2213.2,Barail,36.31,4.51,118.6,17.49,2313.7,1.2,0.0,50.5,1810.1,1817.3,stuck_pipe,249.5,DERIVED
2023-12-05T02:47:00,DUL-92,2213.4,Barail,37.03,4.17,117.7,17.61,2331.1,1.2,0.0,54.7,1805.4,1813.0,stuck_pipe,252.7,DERIVED
2023-12-05T02:48:00,DUL-92,2213.6,Barail,38.35,4.0,122.6,18.48,2322.1,1.2,0.0,48.9,1812.2,1806.2,stuck_pipe,258.4,DERIVED
2023-12-05T02:49:00,DUL-92,2213.8,Barail,37.77,4.0,120.2,18.04,2332.1,1.2,0.0,54.0,1785.3,1778.9,stuck_pipe,255.9,DERIVED
2023-12-05T02:50:00,DUL-92,2214.0,Barail,38.13,4.0,120.0,18.7,2332.2,1.2,0.0,50.8,1796.1,1799.1,stuck_pipe,257.4,DERIVED
2023-12-05T02:51:00,DUL-92,2214.2,Barail,39.15,4.0,121.7,18.68,2316.9,1.2,0.0,51.7,1810.2,1810.2,stuck_pipe,262.0,DERIVED
2023-12-05T02:52:00,DUL-92,2214.4,Barail,41.0,4.0,121.5,18.64,2332.0,1.2,0.0,53.8,1785.3,1793.4,stuck_pipe,270.4,DERIVED
2023-12-05T02:53:00,DUL-92,2214.6,Barail,41.21,4.0,118.7,17.13,2330.8,1.2,0.0,53.2,1790.9,1779.4,stuck_pipe,271.7,DERIVED
2023-12-05T02:54:00,DUL-92,2214.8,Barail,40.85,4.0,121.1,18.95,2336.9,1.2,0.0,48.6,1808.0,1790.9,stuck_pipe,269.6,DERIVED
2023-12-05T02:55:00,DUL-92,2215.0,Barail,42.68,4.0,117.0,18.26,2317.2,1.2,0.0,47.8,1782.4,1780.2,stuck_pipe,278.0,DERIVED
2023-12-05T02:56:00,DUL-92,2215.2,Barail,42.71,4.0,117.2,18.65,2316.5,1.2,0.0,47.2,1805.2,1798.8,stuck_pipe,278.1,DERIVED
2023-12-05T02:57:00,DUL-92,2215.4,Barail,42.86,4.0,118.3,18.59,2319.6,1.2,0.0,53.4,1812.3,1813.8,stuck_pipe,278.8,DERIVED
2023-12-05T02:58:00,DUL-92,2215.6,Barail,42.86,4.0,117.2,18.01,2326.2,1.2,0.0,45.6,1805.2,1814.2,stuck_pipe,278.9,DERIVED
2023-12-05T02:59:00,DUL-92,2215.8,Barail,44.57,4.0,120.1,18.18,2320.4,1.2,0.0,53.7,1819.8,1832.0,stuck_pipe,286.6,DERIVED
2023-12-05T03:00:00,DUL-92,2216.0,Barail,45.92,4.0,122.9,17.14,2328.1,1.2,0.0,46.3,1798.2,1805.5,stuck_pipe,292.9,DERIVED
2023-12-05T03:01:00,DUL-92,2216.2,Barail,46.02,4.0,119.1,17.38,2326.0,1.2,0.0,47.8,1787.8,1797.2,stuck_pipe,293.3,DERIVED
2023-12-05T03:02:00,DUL-92,2216.4,Barail,46.23,4.0,118.2,18.41,2320.0,1.2,0.0,47.7,1802.4,1810.5,stuck_pipe,294.1,DERIVED
2023-12-05T03:03:00,DUL-92,2216.6,Barail,47.75,4.0,122.7,18.84,2336.0,1.2,0.0,52.2,1782.5,1770.7,stuck_pipe,300.8,DERIVED
2023-12-05T03:04:00,DUL-92,2216.8,Barail,46.43,4.0,121.3,18.26,2322.4,1.2,0.0,48.6,1786.5,1791.8,stuck_pipe,295.0,DERIVED
2023-12-05T03:05:00,DUL-92,2217.0,Barail,48.98,4.0,117.3,17.35,2325.3,1.2,0.0,54.0,1812.2,1810.4,stuck_pipe,306.7,DERIVED
2023-12-05T03:06:00,DUL-92,2217.2,Barail,47.8,4.0,117.9,18.55,2328.9,1.2,0.0,54.9,1816.5,1828.3,stuck_pipe,301.1,DERIVED
2023-12-05T03:07:00,DUL-92,2217.4,Barail,49.15,4.0,117.8,17.22,2331.8,1.2,0.0,50.1,1788.4,1778.4,stuck_pipe,307.5,DERIVED
2023-12-05T03:08:00,DUL-92,2217.6,Barail,48.84,4.0,121.3,18.89,2344.5,1.2,0.0,49.4,1809.3,1804.7,stuck_pipe,305.7,DERIVED
2023-12-05T03:09:00,DUL-92,2217.8,Barail,51.02,4.0,117.8,17.03,2321.7,1.2,0.0,50.9,1795.2,1775.5,stuck_pipe,316.0,DERIVED
2023-12-05T03:10:00,DUL-92,2218.0,Barail,51.66,4.0,119.8,17.09,2342.1,1.2,0.0,50.3,1782.8,1775.8,stuck_pipe,318.9,DERIVED
2023-12-05T03:11:00,DUL-92,2218.2,Barail,51.85,4.0,119.9,18.28,2321.7,1.2,0.0,47.4,1816.2,1811.5,stuck_pipe,319.5,DERIVED
2023-12-05T03:12:00,DUL-92,2218.4,Barail,51.41,4.0,117.8,17.4,2329.4,1.2,0.0,50.9,1805.5,1813.7,stuck_pipe,317.7,DERIVED
2023-12-05T03:13:00,DUL-92,2218.6,Barail,52.68,4.0,121.3,17.11,2330.0,1.2,0.0,49.0,1806.9,1815.5,stuck_pipe,323.5,DERIVED
2023-12-05T03:14:00,DUL-92,2218.8,Barail,52.88,4.0,121.2,17.94,2320.3,1.2,0.0,54.1,1804.0,1786.5,stuck_pipe,324.2,DERIVED
2023-12-05T03:15:00,DUL-92,2219.0,Barail,53.48,4.0,118.4,17.78,2339.8,1.2,0.0,53.2,1805.4,1815.0,stuck_pipe,326.9,DERIVED
2023-12-05T03:16:00,DUL-92,2219.2,Barail,53.68,4.0,122.9,18.61,2317.5,1.2,0.0,45.5,1789.6,1806.8,stuck_pipe,327.7,DERIVED
2023-12-05T03:17:00,DUL-92,2219.4,Barail,54.64,4.0,122.6,18.28,2344.1,1.2,0.0,47.6,1786.1,1766.9,stuck_pipe,332.1,DERIVED
2023-12-05T03:18:00,DUL-92,2219.6,Barail,56.31,4.0,122.8,18.42,2322.3,1.2,0.0,53.1,1786.5,1787.0,stuck_pipe,339.6,DERIVED
2023-12-05T03:19:00,DUL-92,2219.8,Barail,55.61,4.0,122.3,18.83,2316.9,1.2,0.0,53.5,1802.2,1815.1,stuck_pipe,336.3,DERIVED
2023-12-05T03:20:00,DUL-92,2220.0,Barail,57.0,4.0,120.6,18.6,2319.3,1.2,0.0,45.5,1801.8,1793.5,stuck_pipe,342.6,DERIVED
2023-12-05T03:21:00,DUL-92,2220.2,Barail,57.39,4.0,121.5,17.05,2342.0,1.2,0.0,53.1,1798.3,1783.2,stuck_pipe,344.8,DERIVED
2023-12-05T03:22:00,DUL-92,2220.4,Barail,58.5,4.0,119.6,17.22,2346.6,1.2,0.0,50.5,1794.1,1777.9,stuck_pipe,349.7,DERIVED
2023-12-05T03:23:00,DUL-92,2220.6,Barail,59.26,4.0,122.1,17.2,2328.5,1.2,0.0,48.0,1810.5,1796.4,stuck_pipe,353.2,DERIVED
2023-12-05T03:24:00,DUL-92,2220.8,Barail,59.61,4.0,121.6,17.01,2319.9,1.2,0.0,46.1,1807.7,1811.6,stuck_pipe,354.8,DERIVED
2023-12-05T03:25:00,DUL-92,2221.0,Barail,60.04,4.0,119.4,18.22,2337.3,1.2,0.0,54.2,1809.3,1821.2,stuck_pipe,356.5,DERIVED
2023-12-05T03:26:00,DUL-92,2221.2,Barail,61.43,4.0,121.3,17.06,2338.4,1.2,0.0,53.5,1797.2,1812.4,stuck_pipe,363.0,DERIVED
2023-12-05T03:27:00,DUL-92,2221.4,Barail,60.56,4.0,119.7,18.41,2325.7,1.2,0.0,48.0,1793.9,1786.9,stuck_pipe,358.8,DERIVED
2023-12-05T03:28:00,DUL-92,2221.6,Barail,60.99,4.0,122.9,18.31,2346.2,1.2,0.0,52.6,1813.5,1833.2,stuck_pipe,360.7,DERIVED
2023-12-05T03:29:00,DUL-92,2221.8,Barail,62.91,4.0,118.5,17.82,2319.1,1.2,0.0,47.3,1815.5,1832.3,stuck_pipe,369.5,DERIVED
2023-12-05T03:30:00,DUL-92,2222.0,Barail,62.66,4.0,121.6,18.78,2342.4,1.2,0.0,50.3,1784.2,1797.2,stuck_pipe,368.2,DERIVED
2023-12-05T03:31:00,DUL-92,2222.2,Barail,63.23,4.0,119.2,18.07,2347.7,1.2,0.0,46.6,1801.2,1807.2,stuck_pipe,370.9,DERIVED
2023-12-05T03:32:00,DUL-92,2222.4,Barail,64.28,4.0,119.4,18.83,2339.6,1.2,0.0,54.7,1783.6,1772.1,stuck_pipe,375.5,DERIVED
2023-12-05T03:33:00,DUL-92,2222.6,Barail,64.37,4.0,117.1,17.52,2340.6,1.2,0.0,54.9,1787.1,1784.6,stuck_pipe,376.2,DERIVED
2023-12-05T03:34:00,DUL-92,2222.8,Barail,65.77,4.0,121.5,18.51,2326.7,1.2,0.0,47.6,1781.1,1788.8,stuck_pipe,382.3,DERIVED
2023-12-05T03:35:00,DUL-92,2223.0,Barail,65.42,4.0,122.8,18.29,2337.1,1.2,0.0,51.6,1803.9,1811.7,stuck_pipe,380.8,DERIVED
2023-12-05T03:36:00,DUL-92,2223.2,Barail,66.21,4.0,117.4,17.03,2330.4,1.2,0.0,46.4,1784.5,1784.3,stuck_pipe,384.6,DERIVED
2023-12-05T03:37:00,DUL-92,2223.4,Barail,68.14,4.0,118.6,18.54,2325.1,1.2,0.0,46.0,1792.1,1788.5,stuck_pipe,393.0,DERIVED
2023-12-05T03:38:00,DUL-92,2223.6,Barail,68.18,4.0,121.4,17.19,2347.8,1.2,0.0,48.4,1813.3,1794.5,stuck_pipe,393.4,DERIVED
2023-12-05T03:39:00,DUL-92,2223.8,Barail,69.06,4.0,122.1,18.61,2340.2,1.2,0.0,47.8,1780.4,1768.0,stuck_pipe,397.1,DERIVED
2023-12-05T03:40:00,DUL-92,2224.0,Barail,69.81,4.0,121.0,18.17,2340.0,1.2,0.0,46.8,1785.7,1769.6,stuck_pipe,400.6,DERIVED
2023-12-05T03:41:00,DUL-92,2224.2,Barail,70.57,4.0,120.9,18.14,2327.1,1.2,0.0,45.6,1780.6,1794.7,stuck_pipe,404.0,DERIVED
2023-12-05T03:42:00,DUL-92,2224.4,Barail,69.46,4.0,119.2,18.45,2324.7,1.2,0.0,52.9,1790.1,1784.7,stuck_pipe,399.0,DERIVED
2023-12-05T03:43:00,DUL-92,2224.6,Barail,70.85,4.0,118.5,18.59,2329.2,1.2,0.0,48.8,1810.6,1799.6,stuck_pipe,405.2,DERIVED
2023-12-05T03:44:00,DUL-92,2224.8,Barail,70.79,4.0,119.3,17.73,2340.1,1.2,0.0,49.7,1814.8,1796.8,stuck_pipe,405.1,DERIVED
2023-12-05T03:45:00,DUL-92,2225.0,Barail,72.33,4.0,118.4,17.06,2334.2,1.2,0.0,46.2,1798.4,1806.9,stuck_pipe,412.2,DERIVED
2023-12-05T03:46:00,DUL-92,2225.2,Barail,71.79,4.0,119.9,17.35,2328.1,1.2,0.0,49.4,1784.7,1767.4,stuck_pipe,409.7,DERIVED
2023-12-05T03:47:00,DUL-92,2225.4,Barail,72.92,4.0,122.6,18.11,2323.5,1.2,0.0,47.2,1809.8,1812.3,stuck_pipe,414.7,DERIVED
2023-12-05T03:48:00,DUL-92,2225.6,Barail,74.54,4.0,122.1,17.22,2349.8,1.2,0.0,50.2,1789.6,1776.4,stuck_pipe,422.2,DERIVED
2023-12-05T03:49:00,DUL-92,2225.8,Barail,75.13,4.0,117.5,17.53,2349.4,1.2,0.0,49.6,1809.3,1792.2,stuck_pipe,424.8,DERIVED
2023-12-05T03:50:00,DUL-92,2226.0,Barail,74.91,4.0,118.2,18.33,2332.6,1.2,0.0,46.2,1819.4,1818.6,stuck_pipe,423.6,DERIVED
2023-12-05T03:51:00,DUL-92,2226.2,Barail,74.96,4.0,120.9,18.03,2322.7,1.2,0.0,49.7,1809.6,1811.1,stuck_pipe,423.9,DERIVED
2023-12-05T03:52:00,DUL-92,2226.4,Barail,75.67,4.0,120.6,18.3,2326.5,1.2,0.0,53.0,1817.8,1827.4,stuck_pipe,427.0,DERIVED
2023-12-05T03:53:00,DUL-92,2226.6,Barail,77.51,4.0,122.4,17.36,2329.1,1.2,0.0,51.0,1816.1,1799.3,stuck_pipe,435.5,DERIVED
2023-12-05T03:54:00,DUL-92,2226.8,Barail,76.83,4.0,119.6,17.28,2328.2,1.2,0.0,52.5,1803.3,1820.9,stuck_pipe,432.5,DERIVED
2023-12-05T03:55:00,DUL-92,2227.0,Barail,77.8,4.0,117.1,18.9,2329.6,1.2,0.0,49.8,1800.5,1818.4,stuck_pipe,436.5,DERIVED
2023-12-05T03:56:00,DUL-92,2227.2,Barail,78.58,4.0,120.7,17.43,2347.8,1.2,0.0,47.0,1820.0,1818.2,stuck_pipe,440.4,DERIVED
2023-12-05T03:57:00,DUL-92,2227.4,Barail,78.65,4.0,118.9,17.81,2333.2,1.2,0.0,51.7,1780.9,1775.9,stuck_pipe,440.6,DERIVED
2023-12-05T03:58:00,DUL-92,2227.6,Barail,79.12,4.0,117.0,18.22,2330.8,1.2,0.0,49.5,1802.5,1810.9,stuck_pipe,442.6,DERIVED
2023-12-05T03:59:00,DUL-92,2227.8,Barail,79.68,4.0,117.7,18.92,2327.7,1.2,0.0,46.4,1800.9,1804.1,stuck_pipe,445.0,DERIVED
2023-12-05T00:00:00,DUL-99,3200.0,Sylhet,11.54,14.56,118.4,17.34,2302.6,1.32,0.0,49.5,1796.4,1811.9,normal,201.5,DERIVED
2023-12-05T00:01:00,DUL-99,3200.2,Sylhet,11.23,15.36,122.7,17.54,2313.4,1.32,0.0,49.1,1782.1,1798.7,normal,201.5,DERIVED
2023-12-05T00:02:00,DUL-99,3200.4,Sylhet,10.45,14.52,118.7,17.58,2314.3,1.32,0.0,53.7,1796.8,1798.0,normal,201.5,DERIVED
2023-12-05T00:03:00,DUL-99,3200.6,Sylhet,11.49,15.31,120.9,18.03,2289.0,1.32,0.0,47.4,1806.3,1809.8,normal,201.4,DERIVED
2023-12-05T00:04:00,DUL-99,3200.8,Sylhet,11.42,15.4,122.8,17.39,2287.9,1.32,0.0,54.0,1802.8,1790.1,normal,201.6,DERIVED
2023-12-05T00:05:00,DUL-99,3201.0,Sylhet,11.27,14.76,118.4,17.73,2301.5,1.32,0.0,51.8,1782.9,1792.6,normal,201.5,DERIVED
2023-12-05T00:06:00,DUL-99,3201.2,Sylhet,11.17,14.97,121.0,18.6,2286.2,1.32,0.0,49.8,1807.1,1815.5,normal,201.3,DERIVED
2023-12-05T00:07:00,DUL-99,3201.4,Sylhet,11.21,14.68,122.8,18.57,2293.1,1.32,0.0,49.3,1818.3,1806.6,normal,201.3,DERIVED
2023-12-05T00:08:00,DUL-99,3201.6,Sylhet,10.87,15.46,122.4,17.46,2308.3,1.32,0.0,48.6,1806.5,1817.2,normal,201.6,DERIVED
2023-12-05T00:09:00,DUL-99,3201.8,Sylhet,10.48,14.72,118.3,17.53,2287.5,1.32,0.0,46.4,1796.2,1793.1,normal,201.6,DERIVED
2023-12-05T00:10:00,DUL-99,3202.0,Sylhet,10.41,15.08,122.7,18.15,2297.3,1.32,0.0,52.0,1797.5,1784.5,normal,201.4,DERIVED
2023-12-05T00:11:00,DUL-99,3202.2,Sylhet,10.97,14.52,121.1,17.32,2297.9,1.32,0.0,54.6,1810.7,1824.1,normal,201.6,DERIVED
2023-12-05T00:12:00,DUL-99,3202.4,Sylhet,11.2,15.13,121.2,18.93,2292.8,1.32,0.0,52.7,1792.0,1782.3,normal,201.3,DERIVED
2023-12-05T00:13:00,DUL-99,3202.6,Sylhet,11.45,15.1,122.1,18.75,2304.7,1.32,0.0,47.0,1780.6,1782.0,normal,201.3,DERIVED
2023-12-05T00:14:00,DUL-99,3202.8,Sylhet,11.32,14.77,117.4,17.01,2292.4,1.32,0.0,52.0,1780.2,1769.4,normal,201.7,DERIVED
2023-12-05T00:15:00,DUL-99,3203.0,Sylhet,10.67,15.21,122.9,17.04,2290.8,1.32,0.0,54.3,1818.8,1804.7,normal,201.7,DERIVED
2023-12-05T00:16:00,DUL-99,3203.2,Sylhet,10.77,15.02,118.9,17.83,2301.9,1.32,0.0,47.6,1782.2,1765.6,normal,201.6,DERIVED
2023-12-05T00:17:00,DUL-99,3203.4,Sylhet,10.53,14.59,120.7,18.39,2295.6,1.32,0.0,52.9,1809.2,1802.8,normal,201.5,DERIVED
2023-12-05T00:18:00,DUL-99,3203.6,Sylhet,10.99,14.69,122.6,18.12,2289.4,1.32,0.0,46.5,1807.7,1803.1,normal,201.5,DERIVED
2023-12-05T00:19:00,DUL-99,3203.8,Sylhet,11.3,14.73,121.8,18.6,2290.9,1.32,0.0,50.9,1787.7,1796.0,normal,201.4,DERIVED
2023-12-05T00:20:00,DUL-99,3204.0,Sylhet,11.43,15.29,118.4,17.19,2308.1,1.32,0.0,50.7,1785.5,1773.2,normal,201.8,DERIVED
2023-12-05T00:21:00,DUL-99,3204.2,Sylhet,11.12,14.61,120.8,17.48,2296.1,1.32,0.0,49.2,1801.3,1810.3,normal,201.7,DERIVED
2023-12-05T00:22:00,DUL-99,3204.4,Sylhet,10.34,15.22,118.3,17.58,2307.7,1.32,0.0,51.9,1804.6,1820.7,normal,201.7,DERIVED
2023-12-05T00:23:00,DUL-99,3204.6,Sylhet,10.59,14.81,121.0,17.52,2293.4,1.32,0.0,47.3,1810.9,1823.9,normal,201.7,DERIVED
2023-12-05T00:24:00,DUL-99,3204.8,Sylhet,11.3,15.46,121.8,17.62,2298.3,1.32,0.0,52.2,1782.2,1786.6,normal,201.7,DERIVED
2023-12-05T00:25:00,DUL-99,3205.0,Sylhet,10.42,14.55,120.1,17.3,2316.9,1.32,0.0,53.8,1798.5,1786.4,normal,201.8,DERIVED
2023-12-05T00:26:00,DUL-99,3205.2,Sylhet,10.47,15.01,120.1,17.73,2310.6,1.32,0.0,50.3,1811.0,1795.3,normal,201.7,DERIVED
2023-12-05T00:27:00,DUL-99,3205.4,Sylhet,10.4,14.89,119.9,17.51,2309.4,1.32,0.0,47.2,1792.7,1791.8,normal,201.8,DERIVED
2023-12-05T00:28:00,DUL-99,3205.6,Sylhet,11.3,15.27,119.2,17.89,2317.3,1.32,0.0,54.3,1804.7,1788.9,normal,201.7,DERIVED
2023-12-05T00:29:00,DUL-99,3205.8,Sylhet,10.94,15.14,118.7,17.07,2319.1,1.32,0.0,54.1,1785.2,1783.8,normal,201.9,DERIVED
2023-12-05T00:30:00,DUL-99,3206.0,Sylhet,11.17,14.8,117.4,18.5,2312.9,1.32,0.0,49.4,1783.4,1779.2,normal,201.6,DERIVED
2023-12-05T00:31:00,DUL-99,3206.2,Sylhet,10.43,15.46,117.3,17.58,2313.0,1.32,0.0,46.4,1784.3,1767.1,normal,201.8,DERIVED
2023-12-05T00:32:00,DUL-99,3206.4,Sylhet,10.53,15.03,122.0,17.34,2295.3,1.32,0.0,52.6,1797.0,1790.6,normal,201.8,DERIVED
2023-12-05T00:33:00,DUL-99,3206.6,Sylhet,10.47,14.74,122.8,17.23,2298.1,1.32,0.0,52.4,1815.7,1831.8,normal,201.9,DERIVED
2023-12-05T00:34:00,DUL-99,3206.8,Sylhet,10.96,15.46,120.6,17.58,2304.4,1.32,0.0,52.2,1809.4,1794.5,normal,201.8,DERIVED
2023-12-05T00:35:00,DUL-99,3207.0,Sylhet,10.57,15.46,117.6,18.63,2300.8,1.32,0.0,47.5,1790.2,1789.0,normal,201.6,DERIVED
2023-12-05T00:36:00,DUL-99,3207.2,Sylhet,11.69,14.65,122.1,17.64,2295.9,1.32,0.0,52.4,1793.7,1781.2,normal,201.8,DERIVED
2023-12-05T00:37:00,DUL-99,3207.4,Sylhet,10.89,15.32,122.2,18.15,2291.2,1.32,0.0,52.6,1804.3,1820.2,normal,201.7,DERIVED
2023-12-05T00:38:00,DUL-99,3207.6,Sylhet,11.63,14.83,122.1,18.64,2299.1,1.32,0.0,48.7,1795.0,1789.1,normal,201.6,DERIVED
2023-12-05T00:39:00,DUL-99,3207.8,Sylhet,10.83,14.61,118.4,18.82,2303.6,1.32,0.0,51.4,1815.5,1825.7,normal,201.6,DERIVED
2023-12-05T00:40:00,DUL-99,3208.0,Sylhet,13.69,12.34,121.8,18.98,2313.2,1.32,0.0,52.5,1812.5,1802.6,normal,201.6,DERIVED
2023-12-05T00:41:00,DUL-99,3208.2,Sylhet,14.19,11.9,122.0,17.27,2307.7,1.32,0.0,48.4,1812.8,1806.6,normal,201.9,DERIVED
2023-12-05T00:42:00,DUL-99,3208.4,Sylhet,14.41,12.28,122.3,17.28,2319.9,1.32,0.0,52.4,1807.1,1813.2,normal,202.0,DERIVED
2023-12-05T00:43:00,DUL-99,3208.6,Sylhet,13.46,12.3,120.3,17.91,2302.1,1.32,0.0,52.8,1811.3,1826.1,normal,201.8,DERIVED
2023-12-05T00:44:00,DUL-99,3208.8,Sylhet,13.66,11.87,118.5,17.2,2301.9,1.32,0.0,45.3,1811.9,1800.9,normal,202.0,DERIVED
2023-12-05T00:45:00,DUL-99,3209.0,Sylhet,13.48,11.65,121.4,17.4,2306.1,1.32,0.0,49.0,1812.1,900.0,lost_circulation,202.0,DERIVED
2023-12-05T00:46:00,DUL-99,3209.2,Sylhet,13.77,12.11,122.4,17.94,2319.3,1.32,0.0,52.3,1792.5,720.0,lost_circulation,201.8,DERIVED
2023-12-05T00:47:00,DUL-99,3209.4,Sylhet,14.09,11.68,120.5,18.66,2308.1,1.32,0.0,49.8,1796.7,540.0,lost_circulation,201.7,DERIVED
2023-12-05T00:48:00,DUL-99,3209.6,Sylhet,14.2,11.77,119.2,17.73,2321.4,1.32,0.0,52.0,1785.0,360.0,lost_circulation,201.9,DERIVED
2023-12-05T00:49:00,DUL-99,3209.8,Sylhet,13.44,12.07,119.6,18.43,2305.7,1.32,0.0,45.9,1800.9,180.0,lost_circulation,201.8,DERIVED
2023-12-05T00:50:00,DUL-99,3210.0,Sylhet,14.35,11.89,118.3,18.49,2317.1,1.32,0.0,47.2,1815.3,0.0,lost_circulation,201.8,DERIVED
2023-12-05T00:51:00,DUL-99,3210.2,Sylhet,13.92,11.9,121.3,18.86,2299.2,1.32,0.0,48.0,1793.2,0.0,lost_circulation,201.7,DERIVED
2023-12-05T00:52:00,DUL-99,3210.4,Sylhet,13.62,12.04,120.0,18.34,2297.6,1.32,0.0,54.6,1820.0,0.0,lost_circulation,201.8,DERIVED
2023-12-05T00:53:00,DUL-99,3210.6,Sylhet,14.35,11.75,122.5,18.1,2316.3,1.32,0.0,53.7,1794.5,0.0,lost_circulation,201.9,DERIVED
2023-12-05T00:54:00,DUL-99,3210.8,Sylhet,13.65,11.62,120.0,18.8,2320.7,1.32,0.0,54.5,1800.4,0.0,lost_circulation,201.7,DERIVED
2023-12-05T00:55:00,DUL-99,3211.0,Sylhet,14.07,11.71,120.8,18.61,2306.5,1.32,0.0,51.0,1790.4,0.0,lost_circulation,201.8,DERIVED
2023-12-05T00:56:00,DUL-99,3211.2,Sylhet,13.9,12.01,119.8,17.18,2294.1,1.32,0.0,48.4,1808.7,0.0,lost_circulation,202.1,DERIVED
2023-12-05T00:57:00,DUL-99,3211.4,Sylhet,13.68,11.8,120.1,17.35,2312.2,1.32,0.0,54.0,1788.1,0.0,lost_circulation,202.1,DERIVED
2023-12-05T00:58:00,DUL-99,3211.6,Sylhet,14.26,12.2,121.3,18.42,2302.5,1.32,0.0,53.4,1817.0,0.0,lost_circulation,201.9,DERIVED
2023-12-05T00:59:00,DUL-99,3211.8,Sylhet,14.53,11.95,117.5,17.14,2318.3,1.32,0.0,51.8,1785.7,0.0,lost_circulation,202.1,DERIVED
2023-12-05T01:00:00,DUL-99,3212.0,Sylhet,14.17,12.4,119.0,18.53,2302.0,1.32,0.0,47.0,1786.4,0.0,lost_circulation,201.8,DERIVED
2023-12-05T01:01:00,DUL-99,3212.2,Sylhet,14.14,11.84,118.0,17.44,2297.3,1.32,0.0,46.9,1792.6,0.0,lost_circulation,202.1,DERIVED
2023-12-05T01:02:00,DUL-99,3212.4,Sylhet,13.62,11.98,119.6,18.95,2309.5,1.32,0.0,54.4,1798.9,0.0,lost_circulation,201.8,DERIVED
2023-12-05T01:03:00,DUL-99,3212.6,Sylhet,14.11,11.72,118.0,17.15,2316.1,1.32,0.0,54.7,1796.1,0.0,lost_circulation,202.2,DERIVED
2023-12-05T01:04:00,DUL-99,3212.8,Sylhet,13.91,11.88,121.1,17.78,2299.8,1.32,0.0,53.6,1802.9,0.0,lost_circulation,202.1,DERIVED
2023-12-05T01:05:00,DUL-99,3213.0,Sylhet,14.42,12.18,119.1,18.26,2323.0,1.32,0.0,49.0,1797.3,0.0,lost_circulation,202.0,DERIVED
2023-12-05T01:06:00,DUL-99,3213.2,Sylhet,14.07,12.13,121.4,18.9,2299.9,1.32,0.0,48.7,1814.1,0.0,lost_circulation,201.8,DERIVED
2023-12-05T01:07:00,DUL-99,3213.4,Sylhet,14.11,12.14,119.0,18.89,2312.2,1.32,0.0,49.0,1787.3,0.0,lost_circulation,201.8,DERIVED
2023-12-05T01:08:00,DUL-99,3213.6,Sylhet,14.48,12.24,117.2,17.65,2310.3,1.32,0.0,50.0,1794.5,0.0,lost_circulation,202.1,DERIVED
2023-12-05T01:09:00,DUL-99,3213.8,Sylhet,13.82,12.03,122.6,18.28,2310.3,1.32,0.0,48.3,1795.5,0.0,lost_circulation,202.0,DERIVED
2023-12-05T01:10:00,DUL-99,3214.0,Sylhet,14.34,11.81,119.2,17.78,2307.1,1.32,0.0,54.1,1801.6,0.0,lost_circulation,202.1,DERIVED
2023-12-05T01:11:00,DUL-99,3214.2,Sylhet,13.8,12.26,118.0,18.38,2297.0,1.32,0.0,46.9,1782.4,0.0,lost_circulation,202.0,DERIVED
2023-12-05T01:12:00,DUL-99,3214.4,Sylhet,13.58,11.78,117.3,17.53,2318.5,1.32,0.0,52.2,1816.4,0.0,lost_circulation,202.2,DERIVED
2023-12-05T01:13:00,DUL-99,3214.6,Sylhet,14.06,12.34,117.5,18.85,2309.7,1.32,0.0,46.9,1809.9,0.0,lost_circulation,201.9,DERIVED
2023-12-05T01:14:00,DUL-99,3214.8,Sylhet,13.86,11.67,122.2,18.51,2314.7,1.32,0.0,54.8,1781.5,0.0,lost_circulation,202.0,DERIVED
2023-12-05T01:15:00,DUL-99,3215.0,Sylhet,13.55,11.62,121.2,18.26,2300.4,1.32,0.0,46.6,1787.2,0.0,lost_circulation,202.1,DERIVED
2023-12-05T01:16:00,DUL-99,3215.2,Sylhet,14.21,12.38,119.2,18.96,2310.2,1.32,0.0,48.9,1790.1,0.0,lost_circulation,201.9,DERIVED
2023-12-05T01:17:00,DUL-99,3215.4,Sylhet,14.57,12.4,121.2,17.35,2302.7,1.32,0.0,46.5,1794.0,0.0,lost_circulation,202.3,DERIVED
2023-12-05T01:18:00,DUL-99,3215.6,Sylhet,13.47,12.02,121.1,17.07,2310.7,1.32,0.0,52.9,1803.0,0.0,lost_circulation,202.3,DERIVED
2023-12-05T01:19:00,DUL-99,3215.8,Sylhet,14.46,12.08,119.0,17.79,2325.9,1.32,0.0,53.6,1816.6,0.0,lost_circulation,202.2,DERIVED
2023-12-05T01:20:00,DUL-99,3216.0,Sylhet,13.57,11.74,119.3,18.38,2297.9,1.32,0.0,53.0,1811.4,0.0,lost_circulation,202.1,DERIVED
2023-12-05T01:21:00,DUL-99,3216.2,Sylhet,13.41,12.24,119.5,18.34,2315.1,1.32,0.0,52.3,1796.4,0.0,lost_circulation,202.1,DERIVED
2023-12-05T01:22:00,DUL-99,3216.4,Sylhet,14.55,12.34,120.7,17.63,2309.4,1.32,0.0,47.7,1816.2,0.0,lost_circulation,202.3,DERIVED
2023-12-05T01:23:00,DUL-99,3216.6,Sylhet,14.35,12.26,122.9,18.38,2307.8,1.32,0.0,52.6,1790.5,0.0,lost_circulation,202.1,DERIVED
2023-12-05T01:24:00,DUL-99,3216.8,Sylhet,13.59,12.29,119.9,17.55,2326.1,1.32,0.0,45.8,1817.2,0.0,lost_circulation,202.3,DERIVED
2023-12-05T01:25:00,DUL-99,3217.0,Sylhet,13.58,12.21,120.4,18.81,2316.2,1.32,0.0,49.3,1817.3,0.0,lost_circulation,202.0,DERIVED
2023-12-05T01:26:00,DUL-99,3217.2,Sylhet,14.33,11.68,118.7,17.23,2324.9,1.32,0.0,49.4,1809.1,0.0,lost_circulation,202.4,DERIVED
2023-12-05T01:27:00,DUL-99,3217.4,Sylhet,14.28,12.12,117.6,17.99,2320.6,1.32,0.0,47.1,1806.2,0.0,lost_circulation,202.2,DERIVED
2023-12-05T01:28:00,DUL-99,3217.6,Sylhet,13.84,12.34,122.7,19.0,2311.9,1.32,0.0,50.7,1812.3,0.0,lost_circulation,202.0,DERIVED
2023-12-05T01:29:00,DUL-99,3217.8,Sylhet,13.95,12.29,119.4,18.9,2313.4,1.32,0.0,46.2,1810.0,0.0,lost_circulation,202.0,DERIVED
2023-12-05T01:30:00,DUL-99,3218.0,Sylhet,14.22,11.64,122.9,18.08,2321.6,1.32,0.0,46.3,1805.5,0.0,lost_circulation,202.2,DERIVED
2023-12-05T01:31:00,DUL-99,3218.2,Sylhet,13.7,12.25,117.2,17.96,2302.2,1.32,0.0,53.5,1815.7,0.0,lost_circulation,202.3,DERIVED
2023-12-05T01:32:00,DUL-99,3218.4,Sylhet,13.96,11.98,121.3,18.46,2310.0,1.32,0.0,54.3,1787.4,0.0,lost_circulation,202.2,DERIVED
2023-12-05T01:33:00,DUL-99,3218.6,Sylhet,14.38,11.7,118.1,18.0,2310.0,1.32,0.0,46.6,1817.2,0.0,lost_circulation,202.3,DERIVED
2023-12-05T01:34:00,DUL-99,3218.8,Sylhet,14.34,11.8,122.5,17.44,2327.2,1.32,0.0,51.1,1818.8,0.0,lost_circulation,202.4,DERIVED
2023-12-05T01:35:00,DUL-99,3219.0,Sylhet,14.16,12.03,122.1,17.89,2303.2,1.32,0.0,54.1,1812.2,0.0,lost_circulation,202.3,DERIVED
2023-12-05T01:36:00,DUL-99,3219.2,Sylhet,14.29,11.79,119.8,18.65,2329.2,1.32,0.0,54.2,1786.4,0.0,lost_circulation,202.2,DERIVED
2023-12-05T01:37:00,DUL-99,3219.4,Sylhet,14.06,11.92,118.0,17.27,2314.6,1.32,0.0,49.9,1790.7,0.0,lost_circulation,202.5,DERIVED
2023-12-05T01:38:00,DUL-99,3219.6,Sylhet,14.06,12.21,120.5,17.32,2327.3,1.32,0.0,48.7,1818.4,0.0,lost_circulation,202.5,DERIVED
2023-12-05T01:39:00,DUL-99,3219.8,Sylhet,13.57,12.07,122.8,17.77,2317.3,1.32,0.0,48.1,1781.1,0.0,lost_circulation,202.4,DERIVED
2023-12-05T01:40:00,DUL-99,3220.0,Sylhet,13.55,11.83,120.8,18.13,2329.4,1.32,0.0,51.9,1794.5,0.0,lost_circulation,202.3,DERIVED
2023-12-05T01:41:00,DUL-99,3220.2,Sylhet,14.16,12.03,122.2,18.34,2312.0,1.32,0.0,51.0,1792.0,0.0,lost_circulation,202.3,DERIVED
2023-12-05T01:42:00,DUL-99,3220.4,Sylhet,13.69,12.38,117.4,17.02,2317.9,1.32,0.0,47.1,1800.3,0.0,lost_circulation,202.6,DERIVED
2023-12-05T01:43:00,DUL-99,3220.6,Sylhet,14.4,12.14,121.1,18.85,2331.2,1.32,0.0,51.8,1808.5,0.0,lost_circulation,202.2,DERIVED
2023-12-05T01:44:00,DUL-99,3220.8,Sylhet,13.46,11.94,122.8,17.63,2318.7,1.32,0.0,45.1,1796.6,0.0,lost_circulation,202.5,DERIVED
2023-12-05T01:45:00,DUL-99,3221.0,Sylhet,14.11,12.26,117.1,17.41,2307.2,1.32,0.0,53.3,1784.1,0.0,lost_circulation,202.5,DERIVED
2023-12-05T01:46:00,DUL-99,3221.2,Sylhet,13.72,12.3,120.1,17.65,2331.0,1.32,0.0,49.1,1807.9,0.0,lost_circulation,202.5,DERIVED
2023-12-05T01:47:00,DUL-99,3221.4,Sylhet,14.4,12.38,117.7,18.49,2310.2,1.32,0.0,46.5,1794.6,0.0,lost_circulation,202.3,DERIVED
2023-12-05T01:48:00,DUL-99,3221.6,Sylhet,14.54,12.4,123.0,18.25,2321.9,1.32,0.0,46.6,1809.0,0.0,lost_circulation,202.4,DERIVED
2023-12-05T01:49:00,DUL-99,3221.8,Sylhet,13.83,12.32,118.5,17.28,2307.2,1.32,0.0,46.5,1803.5,0.0,lost_circulation,202.6,DERIVED
2023-12-05T01:50:00,DUL-99,3222.0,Sylhet,13.59,12.0,120.4,18.12,2315.0,1.32,0.0,50.4,1780.6,0.0,lost_circulation,202.4,DERIVED
2023-12-05T01:51:00,DUL-99,3222.2,Sylhet,13.91,11.79,121.5,17.48,2327.5,1.32,0.0,47.4,1783.7,0.0,lost_circulation,202.6,DERIVED
2023-12-05T01:52:00,DUL-99,3222.4,Sylhet,13.87,11.87,121.6,17.44,2323.0,1.32,0.0,53.3,1798.1,0.0,lost_circulation,202.6,DERIVED
2023-12-05T01:53:00,DUL-99,3222.6,Sylhet,14.51,12.08,118.1,17.14,2305.5,1.32,0.0,48.3,1783.6,0.0,lost_circulation,202.7,DERIVED
2023-12-05T01:54:00,DUL-99,3222.8,Sylhet,13.91,11.85,120.1,18.87,2310.6,1.32,0.0,46.5,1792.2,0.0,lost_circulation,202.3,DERIVED
2023-12-05T01:55:00,DUL-99,3223.0,Sylhet,14.49,12.16,119.6,17.33,2304.8,1.32,0.0,46.2,1813.9,0.0,lost_circulation,202.6,DERIVED
2023-12-05T01:56:00,DUL-99,3223.2,Sylhet,13.59,12.1,117.4,18.01,2313.6,1.32,0.0,46.0,1809.7,0.0,lost_circulation,202.5,DERIVED
2023-12-05T01:57:00,DUL-99,3223.4,Sylhet,14.01,11.73,121.0,17.87,2323.6,1.32,0.0,45.9,1816.1,0.0,lost_circulation,202.5,DERIVED
2023-12-05T01:58:00,DUL-99,3223.6,Sylhet,13.67,11.92,118.2,17.18,2324.5,1.32,0.0,54.9,1793.4,0.0,lost_circulation,202.7,DERIVED
2023-12-05T01:59:00,DUL-99,3223.8,Sylhet,14.2,11.78,119.4,18.38,2317.0,1.32,0.0,46.6,1782.8,0.0,lost_circulation,202.5,DERIVED
2023-12-05T02:00:00,DUL-99,3224.0,Sylhet,14.59,12.34,117.6,18.0,2318.9,1.32,0.0,46.9,1806.8,0.0,lost_circulation,202.5,DERIVED
2023-12-05T02:01:00,DUL-99,3224.2,Sylhet,14.37,11.83,122.6,18.63,2318.6,1.32,0.0,46.4,1799.3,0.0,lost_circulation,202.4,DERIVED
2023-12-05T02:02:00,DUL-99,3224.4,Sylhet,14.22,12.16,120.5,18.95,2305.9,1.32,0.0,52.2,1812.0,0.0,lost_circulation,202.4,DERIVED
2023-12-05T02:03:00,DUL-99,3224.6,Sylhet,13.79,11.64,120.5,18.45,2315.1,1.32,0.0,52.0,1794.7,0.0,lost_circulation,202.5,DERIVED
2023-12-05T02:04:00,DUL-99,3224.8,Sylhet,13.73,12.38,119.6,17.01,2307.6,1.32,0.0,52.3,1814.6,0.0,lost_circulation,202.8,DERIVED
2023-12-05T02:05:00,DUL-99,3225.0,Sylhet,13.59,12.3,121.3,17.23,2316.4,1.32,0.0,51.7,1780.1,0.0,lost_circulation,202.8,DERIVED
2023-12-05T02:06:00,DUL-99,3225.2,Sylhet,13.82,12.3,123.0,17.64,2332.4,1.32,0.0,52.9,1814.6,0.0,lost_circulation,202.7,DERIVED
2023-12-05T02:07:00,DUL-99,3225.4,Sylhet,14.56,12.12,122.7,18.13,2311.2,1.32,0.0,50.2,1799.3,0.0,lost_circulation,202.6,DERIVED
2023-12-05T02:08:00,DUL-99,3225.6,Sylhet,13.85,12.01,120.5,17.45,2313.8,1.32,0.0,50.0,1800.2,0.0,lost_circulation,202.7,DERIVED
2023-12-05T02:09:00,DUL-99,3225.8,Sylhet,14.2,11.75,120.2,17.55,2328.7,1.32,0.0,52.0,1811.2,0.0,lost_circulation,202.7,DERIVED
2023-12-05T02:10:00,DUL-99,3226.0,Sylhet,13.7,12.34,120.1,17.75,2314.5,1.32,0.0,49.0,1808.3,0.0,lost_circulation,202.7,DERIVED
2023-12-05T02:11:00,DUL-99,3226.2,Sylhet,13.98,12.18,118.3,17.9,2316.7,1.32,0.0,48.1,1794.4,0.0,lost_circulation,202.7,DERIVED
2023-12-05T02:12:00,DUL-99,3226.4,Sylhet,14.28,11.77,118.4,18.57,2325.8,1.32,0.0,51.8,1805.4,0.0,lost_circulation,202.5,DERIVED
2023-12-05T02:13:00,DUL-99,3226.6,Sylhet,13.73,11.65,119.2,17.06,2335.1,1.32,0.0,50.2,1806.8,0.0,lost_circulation,202.9,DERIVED
2023-12-05T02:14:00,DUL-99,3226.8,Sylhet,14.37,11.78,119.0,17.22,2330.3,1.32,0.0,52.4,1799.5,0.0,lost_circulation,202.9,DERIVED
2023-12-05T02:15:00,DUL-99,3227.0,Sylhet,13.72,11.99,121.3,18.79,2332.1,1.32,0.0,53.7,1797.6,0.0,lost_circulation,202.5,DERIVED
2023-12-05T02:16:00,DUL-99,3227.2,Sylhet,13.78,12.38,118.1,17.32,2315.2,1.32,0.0,54.2,1814.1,0.0,lost_circulation,202.9,DERIVED
2023-12-05T02:17:00,DUL-99,3227.4,Sylhet,14.42,12.31,119.6,17.38,2330.1,1.32,0.0,48.7,1784.8,0.0,lost_circulation,202.9,DERIVED
2023-12-05T02:18:00,DUL-99,3227.6,Sylhet,13.93,11.92,120.6,17.51,2307.7,1.32,0.0,48.9,1795.2,0.0,lost_circulation,202.8,DERIVED
2023-12-05T02:19:00,DUL-99,3227.8,Sylhet,13.85,12.21,119.0,18.36,2326.0,1.32,0.0,46.9,1780.8,0.0,lost_circulation,202.7,DERIVED
2023-12-05T02:20:00,DUL-99,3228.0,Sylhet,14.13,11.84,118.2,18.71,2334.7,1.32,0.0,47.3,1803.4,0.0,lost_circulation,202.6,DERIVED
2023-12-05T02:21:00,DUL-99,3228.2,Sylhet,13.79,11.63,119.0,18.29,2325.6,1.32,0.0,50.1,1784.9,0.0,lost_circulation,202.7,DERIVED
2023-12-05T02:22:00,DUL-99,3228.4,Sylhet,13.77,11.93,119.2,18.8,2311.2,1.32,0.0,54.9,1789.6,0.0,lost_circulation,202.6,DERIVED
2023-12-05T02:23:00,DUL-99,3228.6,Sylhet,13.69,12.07,119.3,17.08,2331.8,1.32,0.0,53.1,1790.8,0.0,lost_circulation,203.0,DERIVED
2023-12-05T02:24:00,DUL-99,3228.8,Sylhet,13.97,12.39,117.3,17.76,2314.9,1.32,0.0,51.2,1811.1,0.0,lost_circulation,202.8,DERIVED
2023-12-05T02:25:00,DUL-99,3229.0,Sylhet,14.06,11.91,121.8,17.21,2316.0,1.32,0.0,52.5,1797.6,0.0,lost_circulation,203.0,DERIVED
2023-12-05T02:26:00,DUL-99,3229.2,Sylhet,13.51,11.97,118.3,17.0,2311.2,1.32,0.0,45.9,1794.8,0.0,lost_circulation,203.0,DERIVED
2023-12-05T02:27:00,DUL-99,3229.4,Sylhet,14.01,11.83,121.2,18.03,2338.0,1.32,0.0,46.7,1800.4,0.0,lost_circulation,202.8,DERIVED
2023-12-05T02:28:00,DUL-99,3229.6,Sylhet,13.85,12.29,118.3,18.76,2319.4,1.32,0.0,48.4,1804.6,0.0,lost_circulation,202.6,DERIVED
2023-12-05T02:29:00,DUL-99,3229.8,Sylhet,13.74,11.67,122.7,17.74,2312.3,1.32,0.0,51.6,1801.3,0.0,lost_circulation,202.9,DERIVED
2023-12-05T02:30:00,DUL-99,3230.0,Sylhet,13.79,12.28,119.0,17.83,2337.7,1.32,0.0,48.6,1796.1,0.0,lost_circulation,202.9,DERIVED
2023-12-05T02:31:00,DUL-99,3230.2,Sylhet,14.19,12.13,119.7,17.81,2316.1,1.32,0.0,52.9,1798.3,0.0,lost_circulation,202.9,DERIVED
2023-12-05T02:32:00,DUL-99,3230.4,Sylhet,13.85,12.19,117.2,17.44,2338.1,1.32,0.0,51.8,1807.0,0.0,lost_circulation,203.0,DERIVED
2023-12-05T02:33:00,DUL-99,3230.6,Sylhet,13.97,11.76,118.0,18.29,2330.3,1.32,0.0,47.6,1805.8,0.0,lost_circulation,202.8,DERIVED
2023-12-05T02:34:00,DUL-99,3230.8,Sylhet,14.14,11.74,120.1,17.63,2326.2,1.32,0.0,46.3,1799.3,0.0,lost_circulation,203.0,DERIVED
2023-12-05T02:35:00,DUL-99,3231.0,Sylhet,13.56,11.85,121.1,18.09,2328.3,1.32,0.0,52.8,1802.9,0.0,lost_circulation,202.9,DERIVED
2023-12-05T02:36:00,DUL-99,3231.2,Sylhet,13.93,12.26,120.4,18.51,2320.9,1.32,0.0,49.5,1818.8,0.0,lost_circulation,202.8,DERIVED
2023-12-05T02:37:00,DUL-99,3231.4,Sylhet,14.18,11.69,120.7,17.07,2338.1,1.32,0.0,54.7,1809.1,0.0,lost_circulation,203.1,DERIVED
2023-12-05T02:38:00,DUL-99,3231.6,Sylhet,14.41,11.74,122.0,18.04,2310.8,1.32,0.0,53.9,1797.6,0.0,lost_circulation,202.9,DERIVED
2023-12-05T02:39:00,DUL-99,3231.8,Sylhet,14.23,12.03,122.2,17.41,2337.4,1.32,0.0,48.4,1781.0,0.0,lost_circulation,203.1,DERIVED
2023-12-05T02:40:00,DUL-99,3232.0,Sylhet,13.48,11.66,120.7,17.24,2315.4,1.32,0.0,47.9,1791.1,0.0,lost_circulation,203.1,DERIVED
2023-12-05T02:41:00,DUL-99,3232.2,Sylhet,14.49,12.3,122.9,17.88,2334.6,1.32,0.0,47.8,1817.1,0.0,lost_circulation,203.0,DERIVED
2023-12-05T02:42:00,DUL-99,3232.4,Sylhet,14.28,11.78,117.5,18.85,2327.5,1.32,0.0,51.1,1814.5,0.0,lost_circulation,202.8,DERIVED
2023-12-05T02:43:00,DUL-99,3232.6,Sylhet,14.24,11.97,121.7,17.91,2317.0,1.32,0.0,54.6,1791.2,0.0,lost_circulation,203.0,DERIVED
2023-12-05T02:44:00,DUL-99,3232.8,Sylhet,14.4,11.8,121.2,17.79,2318.0,1.32,0.0,47.2,1818.2,0.0,lost_circulation,203.0,DERIVED
2023-12-05T02:45:00,DUL-99,3233.0,Sylhet,14.01,12.0,117.2,18.51,2333.8,1.32,0.0,53.8,1794.3,0.0,lost_circulation,202.9,DERIVED
2023-12-05T02:46:00,DUL-99,3233.2,Sylhet,13.82,12.19,120.9,17.81,2327.3,1.32,0.0,46.5,1816.7,0.0,lost_circulation,203.0,DERIVED
2023-12-05T02:47:00,DUL-99,3233.4,Sylhet,14.01,12.23,118.2,18.44,2322.3,1.32,0.0,53.1,1783.8,0.0,lost_circulation,202.9,DERIVED
2023-12-05T02:48:00,DUL-99,3233.6,Sylhet,14.16,11.99,119.3,18.16,2318.4,1.32,0.0,49.4,1780.1,0.0,lost_circulation,203.0,DERIVED
2023-12-05T02:49:00,DUL-99,3233.8,Sylhet,13.7,12.26,120.3,18.2,2330.8,1.32,0.0,46.3,1811.1,0.0,lost_circulation,203.0,DERIVED
2023-12-05T02:50:00,DUL-99,3234.0,Sylhet,14.44,12.23,121.1,18.63,2325.3,1.32,0.0,51.7,1818.1,0.0,lost_circulation,202.9,DERIVED
2023-12-05T02:51:00,DUL-99,3234.2,Sylhet,13.52,11.93,120.1,17.3,2319.0,1.32,0.0,53.7,1795.5,0.0,lost_circulation,203.2,DERIVED
2023-12-05T02:52:00,DUL-99,3234.4,Sylhet,13.62,12.06,118.1,17.95,2328.7,1.32,0.0,49.4,1800.1,0.0,lost_circulation,203.1,DERIVED
2023-12-05T02:53:00,DUL-99,3234.6,Sylhet,13.42,12.34,118.2,17.08,2335.7,1.32,0.0,50.7,1801.5,0.0,lost_circulation,203.3,DERIVED
2023-12-05T02:54:00,DUL-99,3234.8,Sylhet,14.34,11.85,121.4,17.46,2330.0,1.32,0.0,51.5,1794.9,0.0,lost_circulation,203.2,DERIVED
2023-12-05T02:55:00,DUL-99,3235.0,Sylhet,13.48,12.11,121.1,17.31,2329.5,1.32,0.0,52.3,1784.0,0.0,lost_circulation,203.2,DERIVED
2023-12-05T02:56:00,DUL-99,3235.2,Sylhet,14.44,11.64,118.5,17.17,2320.7,1.32,0.0,45.9,1799.6,0.0,lost_circulation,203.3,DERIVED
2023-12-05T02:57:00,DUL-99,3235.4,Sylhet,13.76,11.97,119.2,18.58,2335.0,1.32,0.0,46.1,1788.9,0.0,lost_circulation,203.0,DERIVED
2023-12-05T02:58:00,DUL-99,3235.6,Sylhet,13.8,11.69,121.2,18.56,2343.4,1.32,0.0,47.1,1781.5,0.0,lost_circulation,203.0,DERIVED
2023-12-05T02:59:00,DUL-99,3235.8,Sylhet,13.89,12.34,119.4,17.62,2315.8,1.32,0.0,54.5,1800.5,0.0,lost_circulation,203.2,DERIVED
2023-12-05T03:00:00,DUL-99,3236.0,Sylhet,13.92,12.21,122.0,17.95,2319.1,1.32,0.0,49.1,1815.7,0.0,lost_circulation,203.1,DERIVED
2023-12-05T03:01:00,DUL-99,3236.2,Sylhet,14.19,12.05,119.8,18.15,2321.3,1.32,0.0,50.6,1814.6,0.0,lost_circulation,203.1,DERIVED
2023-12-05T03:02:00,DUL-99,3236.4,Sylhet,13.84,12.3,122.9,17.03,2332.9,1.32,0.0,51.3,1813.7,0.0,lost_circulation,203.4,DERIVED
2023-12-05T03:03:00,DUL-99,3236.6,Sylhet,13.56,11.84,121.3,18.46,2320.4,1.32,0.0,51.4,1806.3,0.0,lost_circulation,203.1,DERIVED
2023-12-05T03:04:00,DUL-99,3236.8,Sylhet,13.43,11.95,118.9,18.19,2324.5,1.32,0.0,46.3,1806.8,0.0,lost_circulation,203.1,DERIVED
2023-12-05T03:05:00,DUL-99,3237.0,Sylhet,14.35,11.84,120.3,18.62,2318.1,1.32,0.0,52.3,1782.7,0.0,lost_circulation,203.0,DERIVED
2023-12-05T03:06:00,DUL-99,3237.2,Sylhet,13.43,12.18,119.2,17.36,2326.6,1.32,0.0,50.0,1796.6,0.0,lost_circulation,203.3,DERIVED
2023-12-05T03:07:00,DUL-99,3237.4,Sylhet,14.03,11.84,122.8,17.77,2328.0,1.32,0.0,47.3,1818.8,0.0,lost_circulation,203.3,DERIVED
2023-12-05T03:08:00,DUL-99,3237.6,Sylhet,14.18,12.27,119.4,18.51,2323.4,1.32,0.0,46.1,1781.7,0.0,lost_circulation,203.1,DERIVED
2023-12-05T03:09:00,DUL-99,3237.8,Sylhet,14.45,11.76,119.6,18.53,2323.5,1.32,0.0,46.5,1800.8,0.0,lost_circulation,203.1,DERIVED
2023-12-05T03:10:00,DUL-99,3238.0,Sylhet,14.53,12.32,118.4,18.12,2327.9,1.32,0.0,45.3,1797.8,0.0,lost_circulation,203.2,DERIVED
2023-12-05T03:11:00,DUL-99,3238.2,Sylhet,13.76,12.07,121.3,17.13,2343.3,1.32,0.0,46.1,1792.1,0.0,lost_circulation,203.4,DERIVED
2023-12-05T03:12:00,DUL-99,3238.4,Sylhet,13.42,11.9,117.8,17.95,2316.2,1.32,0.0,46.5,1788.9,0.0,lost_circulation,203.3,DERIVED
2023-12-05T03:13:00,DUL-99,3238.6,Sylhet,13.51,11.76,120.1,17.27,2340.5,1.32,0.0,49.2,1790.1,0.0,lost_circulation,203.4,DERIVED
2023-12-05T03:14:00,DUL-99,3238.8,Sylhet,14.41,11.64,121.5,17.2,2344.4,1.32,0.0,49.1,1803.9,0.0,lost_circulation,203.4,DERIVED
2023-12-05T03:15:00,DUL-99,3239.0,Sylhet,13.52,11.65,121.2,18.18,2337.8,1.32,0.0,47.8,1799.9,0.0,lost_circulation,203.2,DERIVED
2023-12-05T03:16:00,DUL-99,3239.2,Sylhet,13.92,11.83,120.5,17.6,2324.6,1.32,0.0,51.4,1783.4,0.0,lost_circulation,203.4,DERIVED
2023-12-05T03:17:00,DUL-99,3239.4,Sylhet,13.99,11.78,117.7,18.02,2331.6,1.32,0.0,52.2,1795.0,0.0,lost_circulation,203.3,DERIVED
2023-12-05T03:18:00,DUL-99,3239.6,Sylhet,14.47,11.82,122.9,18.79,2346.4,1.32,0.0,54.4,1790.3,0.0,lost_circulation,203.1,DERIVED
2023-12-05T03:19:00,DUL-99,3239.8,Sylhet,14.13,11.76,123.0,18.3,2341.1,1.32,0.0,50.6,1783.2,0.0,lost_circulation,203.2,DERIVED
2023-12-05T03:20:00,DUL-99,3240.0,Sylhet,13.61,11.81,120.7,17.39,2330.9,1.32,0.0,52.1,1783.8,0.0,lost_circulation,203.5,DERIVED
2023-12-05T03:21:00,DUL-99,3240.2,Sylhet,13.53,11.98,120.9,18.37,2318.5,1.32,0.0,46.9,1818.4,0.0,lost_circulation,203.3,DERIVED
2023-12-05T03:22:00,DUL-99,3240.4,Sylhet,13.91,11.9,121.2,18.48,2336.8,1.32,0.0,49.0,1802.8,0.0,lost_circulation,203.2,DERIVED
2023-12-05T03:23:00,DUL-99,3240.6,Sylhet,13.63,12.36,122.8,18.55,2347.3,1.32,0.0,49.7,1813.6,0.0,lost_circulation,203.2,DERIVED
2023-12-05T03:24:00,DUL-99,3240.8,Sylhet,14.29,12.17,122.6,18.67,2344.0,1.32,0.0,47.7,1811.5,0.0,lost_circulation,203.2,DERIVED
2023-12-05T03:25:00,DUL-99,3241.0,Sylhet,13.77,11.89,121.8,18.69,2343.1,1.32,0.0,51.7,1786.8,0.0,lost_circulation,203.2,DERIVED
2023-12-05T03:26:00,DUL-99,3241.2,Sylhet,14.08,11.77,119.0,17.2,2322.6,1.32,0.0,52.2,1788.9,0.0,lost_circulation,203.6,DERIVED
2023-12-05T03:27:00,DUL-99,3241.4,Sylhet,13.79,12.28,118.8,17.53,2330.0,1.32,0.0,45.1,1797.4,0.0,lost_circulation,203.5,DERIVED
2023-12-05T03:28:00,DUL-99,3241.6,Sylhet,13.42,12.29,119.3,17.0,2347.1,1.32,0.0,47.3,1790.1,0.0,lost_circulation,203.6,DERIVED
2023-12-05T03:29:00,DUL-99,3241.8,Sylhet,13.52,12.17,120.5,18.01,2325.8,1.32,0.0,47.9,1818.8,0.0,lost_circulation,203.4,DERIVED
2023-12-05T03:30:00,DUL-99,3242.0,Sylhet,14.59,12.31,117.7,18.7,2319.2,1.32,0.0,52.1,1812.4,0.0,lost_circulation,203.3,DERIVED
2023-12-05T03:31:00,DUL-99,3242.2,Sylhet,14.06,12.25,117.9,18.08,2326.7,1.32,0.0,49.0,1787.7,0.0,lost_circulation,203.4,DERIVED
2023-12-05T03:32:00,DUL-99,3242.4,Sylhet,14.09,12.22,120.8,18.2,2346.6,1.32,0.0,53.1,1802.7,0.0,lost_circulation,203.4,DERIVED
2023-12-05T03:33:00,DUL-99,3242.6,Sylhet,14.51,11.9,117.6,17.67,2340.3,1.32,0.0,54.3,1805.8,0.0,lost_circulation,203.5,DERIVED
2023-12-05T03:34:00,DUL-99,3242.8,Sylhet,14.52,12.22,119.7,17.92,2342.0,1.32,0.0,48.2,1784.4,0.0,lost_circulation,203.5,DERIVED
2023-12-05T03:35:00,DUL-99,3243.0,Sylhet,14.37,11.8,121.1,18.79,2323.2,1.32,0.0,46.4,1799.7,0.0,lost_circulation,203.3,DERIVED
2023-12-05T03:36:00,DUL-99,3243.2,Sylhet,14.54,12.4,119.7,18.59,2338.5,1.32,0.0,46.7,1818.9,0.0,lost_circulation,203.3,DERIVED
2023-12-05T03:37:00,DUL-99,3243.4,Sylhet,13.49,11.96,117.1,17.96,2332.1,1.32,0.0,54.5,1796.5,0.0,lost_circulation,203.5,DERIVED
2023-12-05T03:38:00,DUL-99,3243.6,Sylhet,14.34,12.07,118.4,17.61,2334.6,1.32,0.0,49.0,1805.8,0.0,lost_circulation,203.6,DERIVED
2023-12-05T03:39:00,DUL-99,3243.8,Sylhet,13.79,12.09,123.0,17.41,2330.1,1.32,0.0,45.1,1783.8,0.0,lost_circulation,203.6,DERIVED
2023-12-05T03:40:00,DUL-99,3244.0,Sylhet,13.91,12.27,121.2,18.93,2345.3,1.32,0.0,50.9,1803.2,0.0,lost_circulation,203.3,DERIVED
2023-12-05T03:41:00,DUL-99,3244.2,Sylhet,13.86,11.81,120.7,17.13,2336.6,1.32,0.0,48.8,1799.7,0.0,lost_circulation,203.7,DERIVED
2023-12-05T03:42:00,DUL-99,3244.4,Sylhet,13.52,12.19,121.8,18.2,2324.0,1.32,0.0,51.0,1814.8,0.0,lost_circulation,203.5,DERIVED
2023-12-05T03:43:00,DUL-99,3244.6,Sylhet,14.31,11.64,122.3,18.33,2329.0,1.32,0.0,54.2,1813.0,0.0,lost_circulation,203.5,DERIVED
2023-12-05T03:44:00,DUL-99,3244.8,Sylhet,13.7,12.06,119.3,17.59,2343.7,1.32,0.0,51.2,1793.3,0.0,lost_circulation,203.7,DERIVED
2023-12-05T03:45:00,DUL-99,3245.0,Sylhet,14.51,12.05,122.5,18.13,2350.8,1.32,0.0,45.3,1798.4,0.0,lost_circulation,203.5,DERIVED
2023-12-05T03:46:00,DUL-99,3245.2,Sylhet,14.27,12.37,120.7,17.96,2340.2,1.32,0.0,50.3,1808.2,0.0,lost_circulation,203.6,DERIVED
2023-12-05T03:47:00,DUL-99,3245.4,Sylhet,13.42,11.86,122.3,17.12,2345.0,1.32,0.0,45.3,1805.9,0.0,lost_circulation,203.8,DERIVED
2023-12-05T03:48:00,DUL-99,3245.6,Sylhet,13.69,11.9,118.4,18.41,2337.3,1.32,0.0,51.1,1793.0,0.0,lost_circulation,203.5,DERIVED
2023-12-05T03:49:00,DUL-99,3245.8,Sylhet,14.55,12.22,122.7,17.49,2337.1,1.32,0.0,48.9,1793.8,0.0,lost_circulation,203.7,DERIVED
2023-12-05T03:50:00,DUL-99,3246.0,Sylhet,13.61,12.05,121.6,18.87,2322.4,1.32,0.0,47.7,1799.7,0.0,lost_circulation,203.4,DERIVED
2023-12-05T03:51:00,DUL-99,3246.2,Sylhet,13.6,12.27,119.4,18.1,2349.8,1.32,0.0,45.6,1793.2,0.0,lost_circulation,203.6,DERIVED
2023-12-05T03:52:00,DUL-99,3246.4,Sylhet,13.56,11.84,121.2,18.16,2325.8,1.32,0.0,53.0,1800.3,0.0,lost_circulation,203.6,DERIVED
2023-12-05T03:53:00,DUL-99,3246.6,Sylhet,14.38,12.26,118.3,18.88,2346.6,1.32,0.0,47.3,1780.0,0.0,lost_circulation,203.4,DERIVED
2023-12-05T03:54:00,DUL-99,3246.8,Sylhet,14.39,11.68,121.6,18.55,2341.5,1.32,0.0,53.3,1819.4,0.0,lost_circulation,203.5,DERIVED
2023-12-05T03:55:00,DUL-99,3247.0,Sylhet,14.4,12.34,118.9,18.37,2343.1,1.32,0.0,53.5,1802.7,0.0,lost_circulation,203.6,DERIVED
2023-12-05T03:56:00,DUL-99,3247.2,Sylhet,13.7,12.03,117.8,18.72,2349.4,1.32,0.0,47.4,1807.9,0.0,lost_circulation,203.5,DERIVED
2023-12-05T03:57:00,DUL-99,3247.4,Sylhet,13.55,12.22,121.6,17.61,2325.9,1.32,0.0,47.8,1810.9,0.0,lost_circulation,203.8,DERIVED
2023-12-05T03:58:00,DUL-99,3247.6,Sylhet,14.38,11.73,117.6,17.7,2349.5,1.32,0.0,46.6,1782.9,0.0,lost_circulation,203.8,DERIVED
2023-12-05T03:59:00,DUL-99,3247.8,Sylhet,13.51,12.13,117.5,17.49,2343.1,1.32,0.0,53.7,1796.4,0.0,lost_circulation,203.8,DERIVED
2023-12-05T00:00:00,DUL-104,2180.0,Barail,10.34,14.84,118.5,18.58,2306.4,1.2,0.0,52.8,1801.3,1809.2,normal,151.7,DERIVED
2023-12-05T00:01:00,DUL-104,2180.2,Barail,10.48,14.89,118.8,17.56,2307.3,1.2,0.0,47.1,1793.0,1784.3,normal,151.9,DERIVED
2023-12-05T00:02:00,DUL-104,2180.4,Barail,11.51,15.14,119.9,17.76,2313.0,1.2,0.0,54.4,1798.0,1800.7,normal,151.9,DERIVED
2023-12-05T00:03:00,DUL-104,2180.6,Barail,11.51,14.76,118.6,17.21,2300.5,1.2,0.0,52.7,1786.3,1783.6,normal,152.0,DERIVED
2023-12-05T00:04:00,DUL-104,2180.8,Barail,11.69,14.98,119.3,18.68,2312.4,1.2,0.0,48.8,1784.9,1790.4,normal,151.7,DERIVED
2023-12-05T00:05:00,DUL-104,2181.0,Barail,11.34,15.42,121.0,17.62,2301.2,1.2,0.0,47.9,1797.8,1796.6,normal,152.0,DERIVED
2023-12-05T00:06:00,DUL-104,2181.2,Barail,11.58,15.41,122.6,17.96,2314.9,1.2,0.0,46.4,1816.8,1822.5,normal,151.9,DERIVED
2023-12-05T00:07:00,DUL-104,2181.4,Barail,11.52,14.91,122.9,17.05,2311.6,1.2,0.0,53.2,1795.0,1808.1,normal,152.1,DERIVED
2023-12-05T00:08:00,DUL-104,2181.6,Barail,10.6,15.25,119.8,17.82,2292.2,1.2,0.0,53.0,1809.2,1792.8,normal,152.0,DERIVED
2023-12-05T00:09:00,DUL-104,2181.8,Barail,11.67,14.72,119.3,17.83,2303.7,1.2,0.0,53.9,1817.8,1823.1,normal,152.0,DERIVED
2023-12-05T00:10:00,DUL-104,2182.0,Barail,10.81,14.61,117.4,18.04,2304.1,1.2,0.0,49.5,1819.3,1815.8,normal,151.9,DERIVED
2023-12-05T00:11:00,DUL-104,2182.2,Barail,10.79,14.92,118.0,18.88,2304.5,1.2,0.0,50.4,1797.0,1787.0,normal,151.7,DERIVED
2023-12-05T00:12:00,DUL-104,2182.4,Barail,10.74,14.99,119.7,18.96,2303.8,1.2,0.0,47.1,1782.1,1768.5,normal,151.7,DERIVED
2023-12-05T00:13:00,DUL-104,2182.6,Barail,10.78,15.28,122.3,17.47,2310.5,1.2,0.0,49.4,1801.5,1802.8,normal,152.1,DERIVED
2023-12-05T00:14:00,DUL-104,2182.8,Barail,10.36,14.57,121.0,18.38,2298.7,1.2,0.0,54.2,1812.8,1804.9,normal,151.9,DERIVED
2023-12-05T00:15:00,DUL-104,2183.0,Barail,10.39,15.05,120.9,17.45,2288.7,1.2,0.0,49.9,1781.4,1790.8,normal,152.1,DERIVED
2023-12-05T00:16:00,DUL-104,2183.2,Barail,11.18,14.78,119.7,17.47,2293.1,1.2,0.0,46.8,1812.6,1810.8,normal,152.1,DERIVED
2023-12-05T00:17:00,DUL-104,2183.4,Barail,11.3,14.85,121.8,18.19,2307.3,1.2,0.0,48.9,1802.5,1790.1,normal,152.0,DERIVED
2023-12-05T00:18:00,DUL-104,2183.6,Barail,11.66,15.17,120.2,18.28,2290.9,1.2,0.0,48.3,1789.2,1803.0,normal,152.0,DERIVED
2023-12-05T00:19:00,DUL-104,2183.8,Barail,10.32,14.94,122.2,18.57,2309.6,1.2,0.0,48.0,1789.3,1797.5,normal,151.9,DERIVED
2023-12-05T00:20:00,DUL-104,2184.0,Barail,10.72,15.22,119.1,18.52,2305.4,1.2,0.0,53.2,1819.4,1814.6,normal,151.9,DERIVED
2023-12-05T00:21:00,DUL-104,2184.2,Barail,11.68,14.51,122.3,17.06,2304.7,1.2,0.0,48.9,1810.8,1803.4,normal,152.3,DERIVED
2023-12-05T00:22:00,DUL-104,2184.4,Barail,10.59,15.28,120.3,18.51,2303.2,1.2,0.0,45.4,1810.8,1799.6,normal,151.9,DERIVED
2023-12-05T00:23:00,DUL-104,2184.6,Barail,10.96,14.5,118.6,18.33,2311.6,1.2,0.0,51.4,1797.7,1807.0,normal,152.0,DERIVED
2023-12-05T00:24:00,DUL-104,2184.8,Barail,11.24,14.71,120.2,18.2,2310.7,1.2,0.0,47.0,1792.4,1786.1,normal,152.0,DERIVED
2023-12-05T00:25:00,DUL-104,2185.0,Barail,10.43,14.85,121.4,18.16,2294.2,1.2,0.0,52.3,1784.7,1794.7,normal,152.0,DERIVED
2023-12-05T00:26:00,DUL-104,2185.2,Barail,10.51,14.6,118.5,18.03,2297.3,1.2,0.0,53.8,1817.5,1808.9,normal,152.1,DERIVED
2023-12-05T00:27:00,DUL-104,2185.4,Barail,11.35,15.2,120.4,17.51,2317.8,1.2,0.0,54.6,1780.5,1773.7,normal,152.2,DERIVED
2023-12-05T00:28:00,DUL-104,2185.6,Barail,10.75,14.7,119.6,18.8,2290.2,1.2,0.0,53.4,1792.4,1772.9,normal,151.9,DERIVED
2023-12-05T00:29:00,DUL-104,2185.8,Barail,11.56,14.77,118.3,17.23,2300.7,1.2,0.0,46.2,1787.2,1777.2,normal,152.3,DERIVED
2023-12-05T00:30:00,DUL-104,2186.0,Barail,11.11,14.95,118.8,18.05,2313.0,1.2,0.0,52.2,1793.7,1810.5,normal,152.1,DERIVED
2023-12-05T00:31:00,DUL-104,2186.2,Barail,11.41,15.06,119.9,17.66,2294.0,1.2,0.0,53.9,1804.3,1788.3,normal,152.2,DERIVED
2023-12-05T00:32:00,DUL-104,2186.4,Barail,11.6,15.39,117.2,18.4,2297.3,1.2,0.0,50.4,1813.4,1807.4,normal,152.1,DERIVED
2023-12-05T00:33:00,DUL-104,2186.6,Barail,11.0,15.17,118.2,18.25,2303.0,1.2,0.0,54.8,1787.5,1795.9,normal,152.1,DERIVED
2023-12-05T00:34:00,DUL-104,2186.8,Barail,10.36,14.77,117.7,17.3,2306.3,1.2,0.0,46.7,1811.8,1795.6,normal,152.3,DERIVED
2023-12-05T00:35:00,DUL-104,2187.0,Barail,11.17,15.36,117.8,17.43,2313.5,1.2,0.0,49.7,1817.3,1810.8,normal,152.3,DERIVED
2023-12-05T00:36:00,DUL-104,2187.2,Barail,10.86,15.46,119.1,18.93,2317.5,1.2,0.0,47.0,1801.8,1819.5,normal,152.0,DERIVED
2023-12-05T00:37:00,DUL-104,2187.4,Barail,10.46,15.35,121.6,18.5,2308.9,1.2,0.0,46.0,1818.3,1802.4,normal,152.1,DERIVED
2023-12-05T00:38:00,DUL-104,2187.6,Barail,11.4,15.22,118.9,18.37,2303.4,1.2,0.0,52.5,1781.7,1799.1,normal,152.1,DERIVED
2023-12-05T00:39:00,DUL-104,2187.8,Barail,10.84,15.3,119.8,18.62,2300.3,1.2,0.0,50.5,1781.0,1780.6,normal,152.1,DERIVED
2023-12-05T00:40:00,DUL-104,2188.0,Barail,10.41,15.36,121.1,17.85,2320.6,1.2,0.0,54.5,1818.3,1801.6,normal,152.3,DERIVED
2023-12-05T00:41:00,DUL-104,2188.2,Barail,11.29,15.23,120.6,17.03,2319.3,1.2,0.0,49.4,1803.8,1816.4,normal,152.5,DERIVED
2023-12-05T00:42:00,DUL-104,2188.4,Barail,10.69,14.53,122.5,17.54,2293.0,1.2,0.0,46.4,1819.8,1829.4,normal,152.4,DERIVED
2023-12-05T00:43:00,DUL-104,2188.6,Barail,10.59,14.65,122.4,18.33,2309.4,1.2,0.0,46.3,1796.5,1814.4,normal,152.2,DERIVED
2023-12-05T00:44:00,DUL-104,2188.8,Barail,10.3,14.92,117.3,19.0,2295.2,1.2,0.0,54.5,1813.6,1822.9,normal,152.0,DERIVED
2023-12-05T00:45:00,DUL-104,2189.0,Barail,10.36,15.2,120.0,17.98,2296.6,1.2,0.0,50.1,1812.1,1797.3,normal,152.3,DERIVED
2023-12-05T00:46:00,DUL-104,2189.2,Barail,11.53,14.92,118.6,17.48,2306.2,1.2,0.0,51.5,1802.8,1818.4,normal,152.4,DERIVED
2023-12-05T00:47:00,DUL-104,2189.4,Barail,11.02,15.01,122.9,17.43,2293.0,1.2,0.0,48.3,1792.5,1777.5,normal,152.4,DERIVED
2023-12-05T00:48:00,DUL-104,2189.6,Barail,10.89,14.53,122.5,17.97,2319.0,1.2,0.0,52.0,1809.2,1819.5,normal,152.3,DERIVED
2023-12-05T00:49:00,DUL-104,2189.8,Barail,10.72,15.23,118.2,18.11,2310.7,1.2,0.0,52.8,1786.7,1780.5,normal,152.3,DERIVED
2023-12-05T00:50:00,DUL-104,2190.0,Barail,11.45,15.3,122.9,17.24,2299.3,1.2,0.0,46.1,1808.9,1818.8,normal,152.5,DERIVED
2023-12-05T00:51:00,DUL-104,2190.2,Barail,11.21,15.28,120.1,18.12,2320.8,1.2,0.0,51.5,1806.2,1809.8,normal,152.3,DERIVED
2023-12-05T00:52:00,DUL-104,2190.4,Barail,10.99,15.26,120.4,17.26,2306.1,1.2,0.0,49.2,1797.3,1799.7,normal,152.5,DERIVED
2023-12-05T00:53:00,DUL-104,2190.6,Barail,10.81,14.89,119.6,17.74,2322.6,1.2,0.0,45.9,1780.7,1789.5,normal,152.4,DERIVED
2023-12-05T00:54:00,DUL-104,2190.8,Barail,10.85,14.95,120.6,17.73,2300.8,1.2,0.0,45.2,1815.0,1832.5,normal,152.4,DERIVED
2023-12-05T00:55:00,DUL-104,2191.0,Barail,10.7,14.97,118.9,17.12,2320.6,1.2,0.0,53.4,1789.6,1779.8,normal,152.6,DERIVED
2023-12-05T00:56:00,DUL-104,2191.2,Barail,11.28,15.3,119.8,17.77,2301.0,1.2,0.0,53.0,1814.5,1828.9,normal,152.4,DERIVED
2023-12-05T00:57:00,DUL-104,2191.4,Barail,10.46,15.09,122.9,18.43,2307.9,1.2,0.0,46.5,1782.4,1791.7,normal,152.3,DERIVED
2023-12-05T00:58:00,DUL-104,2191.6,Barail,10.4,15.31,121.0,17.95,2321.0,1.2,0.0,54.3,1804.7,1788.7,normal,152.4,DERIVED
2023-12-05T00:59:00,DUL-104,2191.8,Barail,11.12,14.92,118.5,18.86,2316.3,1.2,0.0,46.2,1789.2,1782.9,normal,152.2,DERIVED
2023-12-05T01:00:00,DUL-104,2192.0,Barail,11.1,14.82,119.6,18.63,2300.1,1.2,0.0,52.2,1793.2,1811.0,normal,152.3,DERIVED
2023-12-05T01:01:00,DUL-104,2192.2,Barail,11.63,14.83,120.6,17.22,2307.1,1.2,0.0,51.2,1805.5,1799.2,normal,152.6,DERIVED
2023-12-05T01:02:00,DUL-104,2192.4,Barail,10.35,14.62,120.4,17.34,2304.1,1.2,0.0,51.2,1816.0,1816.6,normal,152.6,DERIVED
2023-12-05T01:03:00,DUL-104,2192.6,Barail,10.66,15.09,118.7,18.56,2299.8,1.2,0.0,47.6,1797.5,1813.9,normal,152.3,DERIVED
2023-12-05T01:04:00,DUL-104,2192.8,Barail,10.53,14.69,117.8,17.43,2305.2,1.2,0.0,49.0,1810.4,1806.5,normal,152.6,DERIVED
2023-12-05T01:05:00,DUL-104,2193.0,Barail,10.97,14.9,121.6,18.81,2308.2,1.2,0.0,54.2,1790.0,1809.1,normal,152.3,DERIVED
2023-12-05T01:06:00,DUL-104,2193.2,Barail,11.04,15.18,119.3,17.54,2299.6,1.2,0.0,53.9,1794.4,1802.3,normal,152.6,DERIVED
2023-12-05T01:07:00,DUL-104,2193.4,Barail,10.95,15.03,118.2,17.35,2305.8,1.2,0.0,51.8,1801.7,1781.8,normal,152.6,DERIVED
2023-12-05T01:08:00,DUL-104,2193.6,Barail,11.3,14.93,117.4,17.52,2302.2,1.2,0.0,53.2,1802.0,1795.1,normal,152.6,DERIVED
2023-12-05T01:09:00,DUL-104,2193.8,Barail,10.65,14.79,118.7,17.69,2319.8,1.2,0.0,52.9,1807.9,1823.3,normal,152.6,DERIVED
2023-12-05T01:10:00,DUL-104,2194.0,Barail,11.22,14.61,117.3,17.33,2303.9,1.2,0.0,50.3,1812.9,1816.3,normal,152.7,DERIVED
2023-12-05T01:11:00,DUL-104,2194.2,Barail,10.9,14.74,122.9,18.51,2306.6,1.2,0.0,45.5,1819.3,1809.5,normal,152.4,DERIVED
2023-12-05T01:12:00,DUL-104,2194.4,Barail,11.49,14.62,120.9,17.71,2323.2,1.2,0.0,48.0,1784.0,1772.0,normal,152.6,DERIVED
2023-12-05T01:13:00,DUL-104,2194.6,Barail,11.43,15.48,120.9,18.36,2305.1,1.2,0.0,47.7,1783.5,1802.9,normal,152.5,DERIVED
2023-12-05T01:14:00,DUL-104,2194.8,Barail,10.36,15.11,119.1,17.37,2309.9,1.2,0.0,54.3,1789.9,1776.5,normal,152.7,DERIVED
2023-12-05T01:15:00,DUL-104,2195.0,Barail,12.18,15.16,120.1,17.36,2323.2,1.2,0.0,46.1,1787.0,1776.6,normal,152.7,DERIVED
2023-12-05T01:16:00,DUL-104,2195.2,Barail,12.18,14.91,120.3,18.45,2324.0,1.2,0.0,49.7,1781.7,1794.9,normal,152.5,DERIVED
2023-12-05T01:17:00,DUL-104,2195.4,Barail,11.65,14.68,117.9,18.2,2320.8,1.2,0.0,46.3,1791.8,1805.8,normal,152.5,DERIVED
2023-12-05T01:18:00,DUL-104,2195.6,Barail,12.74,14.4,121.1,18.59,2309.7,1.2,0.0,46.6,1806.4,1799.1,normal,152.5,DERIVED
2023-12-05T01:19:00,DUL-104,2195.8,Barail,12.13,14.38,119.4,17.25,2309.2,1.2,0.0,50.5,1802.1,1798.2,normal,152.8,DERIVED
2023-12-05T01:20:00,DUL-104,2196.0,Barail,13.22,14.24,119.0,18.87,2323.7,1.2,0.0,54.2,1810.6,1812.0,normal,152.4,DERIVED
2023-12-05T01:21:00,DUL-104,2196.2,Barail,13.36,14.65,117.7,17.51,2300.9,1.2,0.0,53.8,1792.9,1789.2,normal,152.7,DERIVED
2023-12-05T01:22:00,DUL-104,2196.4,Barail,13.17,14.11,121.2,18.59,2322.0,1.2,0.0,53.8,1792.7,1778.5,normal,152.5,DERIVED
2023-12-05T01:23:00,DUL-104,2196.6,Barail,13.65,14.63,119.2,17.69,2302.9,1.2,0.0,53.3,1798.4,1810.9,normal,152.7,DERIVED
2023-12-05T01:24:00,DUL-104,2196.8,Barail,13.22,14.19,120.1,18.49,2324.9,1.2,0.0,48.5,1807.7,1803.9,normal,152.5,DERIVED
2023-12-05T01:25:00,DUL-104,2197.0,Barail,14.11,14.56,120.3,17.73,2306.8,1.2,0.0,53.8,1812.0,1804.2,normal,152.7,DERIVED
2023-12-05T01:26:00,DUL-104,2197.2,Barail,13.18,13.93,122.8,17.08,2323.1,1.2,0.0,50.3,1802.2,1803.7,normal,152.9,DERIVED
2023-12-05T01:27:00,DUL-104,2197.4,Barail,13.79,14.22,117.5,18.84,2302.0,1.2,0.0,46.4,1806.9,1812.5,normal,152.5,DERIVED
2023-12-05T01:28:00,DUL-104,2197.6,Barail,14.51,14.28,122.6,17.1,2299.4,1.2,0.0,47.4,1811.2,1797.3,normal,152.9,DERIVED
2023-12-05T01:29:00,DUL-104,2197.8,Barail,14.28,14.29,117.9,18.05,2326.3,1.2,0.0,52.5,1795.9,1795.1,normal,152.7,DERIVED
2023-12-05T01:30:00,DUL-104,2198.0,Barail,14.09,14.41,121.7,18.36,2308.5,1.2,0.0,52.3,1799.5,1811.4,normal,152.6,DERIVED
2023-12-05T01:31:00,DUL-104,2198.2,Barail,14.37,14.26,121.1,17.9,2316.4,1.2,0.0,53.0,1801.2,1819.6,normal,152.7,DERIVED
2023-12-05T01:32:00,DUL-104,2198.4,Barail,14.03,14.21,121.3,17.98,2325.2,1.2,0.0,46.5,1793.5,1802.1,normal,152.7,DERIVED
2023-12-05T01:33:00,DUL-104,2198.6,Barail,15.33,13.61,123.0,18.3,2301.2,1.2,0.0,46.2,1783.1,1785.9,normal,154.2,DERIVED
2023-12-05T01:34:00,DUL-104,2198.8,Barail,14.79,13.43,119.7,17.16,2327.3,1.2,0.0,53.4,1802.3,1800.1,normal,152.9,DERIVED
2023-12-05T01:35:00,DUL-104,2199.0,Barail,14.93,13.7,119.1,18.95,2328.9,1.2,0.0,52.3,1813.0,1796.1,normal,152.5,DERIVED
2023-12-05T01:36:00,DUL-104,2199.2,Barail,14.83,13.38,117.8,17.85,2329.9,1.2,0.0,53.3,1818.3,1807.2,normal,152.8,DERIVED
2023-12-05T01:37:00,DUL-104,2199.4,Barail,15.13,12.98,118.6,17.11,2316.4,1.2,0.0,48.0,1807.0,1809.4,normal,153.6,DERIVED
2023-12-05T01:38:00,DUL-104,2199.6,Barail,15.82,13.19,121.4,18.38,2322.1,1.2,0.0,49.7,1798.6,1790.0,normal,156.4,DERIVED
2023-12-05T01:39:00,DUL-104,2199.8,Barail,15.2,13.29,120.7,17.37,2326.6,1.2,0.0,53.8,1814.1,1826.8,normal,153.8,DERIVED
2023-12-05T01:40:00,DUL-104,2200.0,Barail,15.98,12.93,118.6,18.48,2330.5,1.2,0.0,46.1,1780.3,1774.4,early_warning,157.1,DERIVED
2023-12-05T01:41:00,DUL-104,2200.2,Barail,15.95,13.28,117.7,18.69,2311.3,1.2,0.0,54.1,1793.2,1785.4,early_warning,156.9,DERIVED
2023-12-05T01:42:00,DUL-104,2200.4,Barail,15.87,13.58,120.5,18.65,2303.2,1.2,0.0,50.4,1809.3,1828.7,early_warning,156.6,DERIVED
2023-12-05T01:43:00,DUL-104,2200.6,Barail,17.09,12.64,119.2,19.0,2317.5,1.2,0.0,54.6,1790.1,1771.2,early_warning,162.0,DERIVED
2023-12-05T01:44:00,DUL-104,2200.8,Barail,17.26,12.73,120.4,17.72,2319.0,1.2,0.0,54.3,1817.9,1833.0,early_warning,163.1,DERIVED
2023-12-05T01:45:00,DUL-104,2201.0,Barail,16.46,13.22,117.1,17.83,2330.1,1.2,0.0,47.5,1794.7,1798.0,early_warning,159.5,DERIVED
2023-12-05T01:46:00,DUL-104,2201.2,Barail,16.59,13.04,120.9,17.19,2329.6,1.2,0.0,45.7,1807.9,1801.8,early_warning,160.2,DERIVED
2023-12-05T01:47:00,DUL-104,2201.4,Barail,16.62,12.34,123.0,18.6,2315.9,1.2,0.0,52.9,1818.8,1835.8,early_warning,160.0,DERIVED
2023-12-05T01:48:00,DUL-104,2201.6,Barail,17.33,12.46,120.1,18.96,2324.2,1.2,0.0,51.7,1813.7,1810.1,early_warning,163.2,DERIVED
2023-12-05T01:49:00,DUL-104,2201.8,Barail,17.52,12.97,118.2,18.72,2303.2,1.2,0.0,50.4,1803.0,1788.8,early_warning,164.1,DERIVED
2023-12-05T01:50:00,DUL-104,2202.0,Barail,18.19,12.49,118.1,17.82,2320.3,1.2,0.0,49.3,1780.1,1763.8,early_warning,167.3,DERIVED
2023-12-05T01:51:00,DUL-104,2202.2,Barail,18.06,12.11,118.5,18.62,2328.6,1.2,0.0,53.8,1787.0,1767.2,early_warning,166.5,DERIVED
2023-12-05T01:52:00,DUL-104,2202.4,Barail,18.28,12.51,119.2,17.04,2315.9,1.2,0.0,47.4,1803.5,1822.7,early_warning,167.9,DERIVED
2023-12-05T01:53:00,DUL-104,2202.6,Barail,17.67,11.92,121.2,17.22,2309.8,1.2,0.0,49.4,1819.4,1812.4,early_warning,165.1,DERIVED
2023-12-05T01:54:00,DUL-104,2202.8,Barail,17.98,12.25,118.0,17.8,2324.2,1.2,0.0,48.2,1811.9,1799.2,early_warning,166.4,DERIVED
2023-12-05T01:55:00,DUL-104,2203.0,Barail,17.84,12.33,119.7,18.84,2306.6,1.2,0.0,52.5,1806.8,1801.6,early_warning,165.5,DERIVED
2023-12-05T01:56:00,DUL-104,2203.2,Barail,18.04,12.24,121.5,17.95,2317.7,1.2,0.0,51.9,1804.4,1801.3,early_warning,166.7,DERIVED
2023-12-05T01:57:00,DUL-104,2203.4,Barail,18.28,12.02,120.3,18.79,2333.6,1.2,0.0,50.6,1793.1,1782.1,early_warning,167.6,DERIVED
2023-12-05T01:58:00,DUL-104,2203.6,Barail,19.06,12.23,118.5,18.38,2333.9,1.2,0.0,48.9,1817.6,1815.0,early_warning,171.2,DERIVED
2023-12-05T01:59:00,DUL-104,2203.8,Barail,19.25,12.29,118.2,17.69,2333.6,1.2,0.0,45.7,1792.2,1791.3,early_warning,172.2,DERIVED
2023-12-05T02:00:00,DUL-104,2204.0,Barail,19.54,11.98,122.6,18.34,2304.2,1.2,0.0,45.7,1781.5,1778.7,early_warning,173.4,DERIVED
2023-12-05T02:01:00,DUL-104,2204.2,Barail,18.7,11.81,120.8,17.4,2330.0,1.2,0.0,49.1,1818.4,1812.7,early_warning,169.8,DERIVED
2023-12-05T02:02:00,DUL-104,2204.4,Barail,19.69,11.75,118.6,18.56,2304.6,1.2,0.0,47.5,1792.8,1808.1,early_warning,174.0,DERIVED
2023-12-05T02:03:00,DUL-104,2204.6,Barail,19.68,11.18,118.8,18.22,2328.9,1.2,0.0,46.1,1811.2,1806.8,early_warning,174.0,DERIVED
2023-12-05T02:04:00,DUL-104,2204.8,Barail,19.87,11.49,119.6,18.98,2332.4,1.2,0.0,54.2,1809.4,1817.4,early_warning,174.7,DERIVED
2023-12-05T02:05:00,DUL-104,2205.0,Barail,19.5,11.04,122.0,18.35,2323.9,1.2,0.0,48.1,1790.7,1807.5,early_warning,173.2,DERIVED
2023-12-05T02:06:00,DUL-104,2205.2,Barail,20.2,10.95,119.0,17.7,2307.2,1.2,0.0,54.8,1816.1,1828.7,early_warning,176.5,DERIVED
2023-12-05T02:07:00,DUL-104,2205.4,Barail,19.63,11.28,117.7,18.45,2329.6,1.2,0.0,52.9,1811.7,1796.5,early_warning,173.8,DERIVED
2023-12-05T02:08:00,DUL-104,2205.6,Barail,19.8,10.88,122.1,18.66,2321.0,1.2,0.0,47.3,1814.3,1799.1,early_warning,174.5,DERIVED
2023-12-05T02:09:00,DUL-104,2205.8,Barail,20.39,10.72,122.9,17.83,2328.8,1.2,0.0,53.0,1803.2,1822.7,early_warning,177.4,DERIVED
2023-12-05T02:10:00,DUL-104,2206.0,Barail,21.18,11.58,122.8,17.16,2328.3,1.2,0.0,47.3,1793.0,1786.6,early_warning,181.1,DERIVED
2023-12-05T02:11:00,DUL-104,2206.2,Barail,21.64,10.64,119.6,17.26,2335.9,1.2,0.0,50.0,1808.1,1808.9,early_warning,183.2,DERIVED
2023-12-05T02:12:00,DUL-104,2206.4,Barail,21.49,10.85,119.5,18.49,2327.2,1.2,0.0,53.9,1792.4,1806.3,early_warning,182.2,DERIVED
2023-12-05T02:13:00,DUL-104,2206.6,Barail,21.61,11.01,119.4,18.13,2308.6,1.2,0.0,46.0,1792.5,1777.4,early_warning,182.8,DERIVED
2023-12-05T02:14:00,DUL-104,2206.8,Barail,20.81,11.09,121.4,18.23,2312.6,1.2,0.0,52.2,1813.0,1817.8,early_warning,179.2,DERIVED
2023-12-05T02:15:00,DUL-104,2207.0,Barail,21.22,10.86,119.4,17.54,2311.1,1.2,0.0,53.6,1805.3,1822.6,early_warning,181.2,DERIVED
2023-12-05T02:16:00,DUL-104,2207.2,Barail,21.3,10.49,120.1,17.12,2315.8,1.2,0.0,50.4,1799.3,1815.7,early_warning,181.7,DERIVED
2023-12-05T02:17:00,DUL-104,2207.4,Barail,22.03,10.8,120.5,18.57,2317.9,1.2,0.0,45.0,1819.2,1830.9,early_warning,184.7,DERIVED
2023-12-05T02:18:00,DUL-104,2207.6,Barail,21.56,10.2,118.3,18.32,2311.0,1.2,0.0,45.2,1799.8,1780.0,early_warning,182.6,DERIVED
2023-12-05T02:19:00,DUL-104,2207.8,Barail,21.9,10.4,118.2,17.0,2315.0,1.2,0.0,47.4,1793.0,1789.5,early_warning,184.5,DERIVED
2023-12-05T02:20:00,DUL-104,2208.0,Barail,22.2,10.27,117.1,18.67,2329.5,1.2,0.0,49.9,1780.1,1769.4,early_warning,185.4,DERIVED
2023-12-05T02:21:00,DUL-104,2208.2,Barail,23.12,10.34,118.2,18.64,2334.3,1.2,0.0,46.2,1800.0,1802.5,early_warning,189.6,DERIVED
2023-12-05T02:22:00,DUL-104,2208.4,Barail,22.18,10.13,120.7,18.35,2326.6,1.2,0.0,51.2,1795.1,1777.9,early_warning,185.5,DERIVED
2023-12-05T02:23:00,DUL-104,2208.6,Barail,22.2,10.58,122.2,18.81,2310.2,1.2,0.0,52.7,1786.9,1780.7,early_warning,185.4,DERIVED
2023-12-05T02:24:00,DUL-104,2208.8,Barail,22.62,10.53,121.9,18.67,2319.5,1.2,0.0,54.4,1790.4,1793.4,early_warning,187.4,DERIVED
2023-12-05T02:25:00,DUL-104,2209.0,Barail,23.44,9.83,119.3,17.2,2332.1,1.2,0.0,46.8,1785.4,1776.6,early_warning,191.4,DERIVED
2023-12-05T02:26:00,DUL-104,2209.2,Barail,23.56,10.17,120.1,18.71,2330.9,1.2,0.0,47.1,1801.4,1788.2,early_warning,191.6,DERIVED
2023-12-05T02:27:00,DUL-104,2209.4,Barail,23.16,9.61,117.5,17.7,2335.1,1.2,0.0,51.6,1783.5,1772.3,early_warning,190.1,DERIVED
2023-12-05T02:28:00,DUL-104,2209.6,Barail,23.81,9.92,117.2,17.19,2325.7,1.2,0.0,51.0,1783.2,1794.1,early_warning,193.1,DERIVED
2023-12-05T02:29:00,DUL-104,2209.8,Barail,23.48,9.91,120.2,17.68,2337.2,1.2,0.0,49.0,1796.9,1798.5,early_warning,191.5,DERIVED
2023-12-05T02:30:00,DUL-104,2210.0,Barail,24.48,10.24,121.6,18.08,2330.5,1.2,0.0,51.4,1818.4,1837.2,early_warning,195.9,DERIVED
2023-12-05T02:31:00,DUL-104,2210.2,Barail,24.52,9.4,120.4,17.88,2316.1,1.2,0.0,52.8,1788.8,1797.2,early_warning,196.2,DERIVED
2023-12-05T02:32:00,DUL-104,2210.4,Barail,24.31,9.54,121.2,18.45,2339.0,1.2,0.0,55.0,1812.0,1802.6,early_warning,195.1,DERIVED
2023-12-05T02:33:00,DUL-104,2210.6,Barail,24.72,9.54,122.6,17.89,2320.2,1.2,0.0,45.3,1798.8,1800.1,early_warning,197.1,DERIVED
2023-12-05T02:34:00,DUL-104,2210.8,Barail,24.37,9.08,119.9,17.14,2314.8,1.2,0.0,49.4,1793.9,1793.9,early_warning,195.7,DERIVED
2023-12-05T02:35:00,DUL-104,2211.0,Barail,24.84,9.29,117.8,17.04,2326.6,1.2,0.0,54.7,1791.3,1785.3,early_warning,197.8,DERIVED
2023-12-05T02:36:00,DUL-104,2211.2,Barail,24.71,9.57,120.0,18.59,2310.1,1.2,0.0,46.3,1788.2,1783.0,early_warning,196.9,DERIVED
2023-12-05T02:37:00,DUL-104,2211.4,Barail,24.98,9.15,122.8,17.88,2327.4,1.2,0.0,54.6,1805.7,1809.5,early_warning,198.3,DERIVED
2023-12-05T02:38:00,DUL-104,2211.6,Barail,25.74,9.02,117.2,18.92,2326.3,1.2,0.0,50.8,1782.7,1792.5,early_warning,201.5,DERIVED
2023-12-05T02:39:00,DUL-104,2211.8,Barail,25.26,9.26,118.7,18.84,2321.5,1.2,0.0,47.8,1815.8,1804.7,early_warning,199.4,DERIVED
2023-12-05T02:40:00,DUL-104,2212.0,Barail,25.28,9.04,122.9,17.23,2316.9,1.2,0.0,53.0,1783.0,1779.6,early_warning,199.8,DERIVED
2023-12-05T02:41:00,DUL-104,2212.2,Barail,26.16,9.19,121.8,17.23,2337.5,1.2,0.0,48.6,1812.6,1811.4,early_warning,203.8,DERIVED
2023-12-05T02:42:00,DUL-104,2212.4,Barail,26.47,8.89,118.5,17.3,2325.8,1.2,0.0,45.5,1786.6,1801.5,early_warning,205.2,DERIVED
2023-12-05T02:43:00,DUL-104,2212.6,Barail,26.18,9.2,117.9,17.96,2325.1,1.2,0.0,46.1,1790.5,1807.4,early_warning,203.7,DERIVED
2023-12-05T02:44:00,DUL-104,2212.8,Barail,26.55,8.78,120.7,18.72,2339.9,1.2,0.0,50.9,1782.0,1796.9,early_warning,205.2,DERIVED
2023-12-05T02:45:00,DUL-104,2213.0,Barail,25.93,8.44,117.8,18.02,2328.9,1.2,0.0,49.6,1798.8,1784.4,early_warning,202.6,DERIVED
2023-12-05T02:46:00,DUL-104,2213.2,Barail,26.87,8.67,118.9,18.67,2339.7,1.2,0.0,54.2,1819.4,1802.2,early_warning,206.7,DERIVED
2023-12-05T02:47:00,DUL-104,2213.4,Barail,26.56,8.51,118.5,18.49,2338.9,1.2,0.0,46.4,1800.2,1818.9,early_warning,205.4,DERIVED
2023-12-05T02:48:00,DUL-104,2213.6,Barail,27.42,8.44,117.6,17.91,2327.4,1.2,0.0,52.9,1787.4,1778.6,early_warning,209.4,DERIVED
2023-12-05T02:49:00,DUL-104,2213.8,Barail,27.72,7.93,120.7,17.19,2334.6,1.2,0.0,49.2,1817.0,1806.0,early_warning,210.9,DERIVED
2023-12-05T02:50:00,DUL-104,2214.0,Barail,27.73,8.08,117.3,17.17,2314.5,1.2,0.0,48.9,1818.9,1813.1,early_warning,211.0,DERIVED
2023-12-05T02:51:00,DUL-104,2214.2,Barail,27.66,7.81,120.1,18.08,2315.3,1.2,0.0,50.8,1797.8,1790.9,early_warning,210.5,DERIVED
2023-12-05T02:52:00,DUL-104,2214.4,Barail,27.98,8.4,117.7,17.21,2314.1,1.2,0.0,47.6,1805.5,1824.2,early_warning,212.1,DERIVED
2023-12-05T02:53:00,DUL-104,2214.6,Barail,28.34,8.5,117.7,18.58,2335.5,1.2,0.0,49.7,1819.8,1823.8,early_warning,213.4,DERIVED
2023-12-05T02:54:00,DUL-104,2214.8,Barail,27.31,7.79,117.8,18.22,2331.6,1.2,0.0,53.6,1780.4,1760.8,early_warning,208.9,DERIVED
2023-12-05T02:55:00,DUL-104,2215.0,Barail,28.66,7.76,118.6,18.73,2316.3,1.2,0.0,52.9,1815.9,1818.4,early_warning,214.8,DERIVED
2023-12-05T02:56:00,DUL-104,2215.2,Barail,28.31,7.44,120.6,18.23,2336.3,1.2,0.0,50.2,1784.6,1773.5,early_warning,213.4,DERIVED
2023-12-05T02:57:00,DUL-104,2215.4,Barail,28.53,7.44,117.6,17.5,2337.2,1.2,0.0,50.5,1794.3,1812.8,early_warning,214.6,DERIVED
2023-12-05T02:58:00,DUL-104,2215.6,Barail,28.59,7.53,120.4,18.71,2324.5,1.2,0.0,49.3,1803.1,1822.6,early_warning,214.6,DERIVED
2023-12-05T02:59:00,DUL-104,2215.8,Barail,28.83,7.4,120.5,17.64,2327.8,1.2,0.0,52.1,1780.8,1781.1,early_warning,215.9,DERIVED
2023-12-05T03:00:00,DUL-104,2216.0,Barail,28.54,7.75,121.9,17.93,2332.7,1.2,0.0,47.9,1790.2,1790.6,early_warning,214.5,DERIVED
2023-12-05T03:01:00,DUL-104,2216.2,Barail,29.01,7.3,121.6,18.0,2324.6,1.2,0.0,47.5,1813.5,1829.6,early_warning,216.6,DERIVED
2023-12-05T03:02:00,DUL-104,2216.4,Barail,29.73,7.26,117.4,18.26,2314.9,1.2,0.0,53.6,1807.2,1800.6,early_warning,219.8,DERIVED
2023-12-05T03:03:00,DUL-104,2216.6,Barail,29.2,7.62,118.0,17.73,2337.9,1.2,0.0,51.8,1803.4,1787.5,early_warning,217.6,DERIVED
2023-12-05T03:04:00,DUL-104,2216.8,Barail,29.04,7.13,117.2,18.28,2331.6,1.2,0.0,54.2,1802.2,1818.9,early_warning,216.7,DERIVED
2023-12-05T03:05:00,DUL-104,2217.0,Barail,29.56,7.32,118.7,17.93,2342.7,1.2,0.0,49.9,1780.1,1774.2,early_warning,219.2,DERIVED
2023-12-05T03:06:00,DUL-104,2217.2,Barail,29.34,7.35,120.1,17.95,2342.6,1.2,0.0,52.6,1783.5,1764.7,early_warning,218.2,DERIVED
2023-12-05T03:07:00,DUL-104,2217.4,Barail,30.2,7.26,120.9,18.0,2316.0,1.2,0.0,49.5,1813.4,1817.5,early_warning,222.1,DERIVED
2023-12-05T03:08:00,DUL-104,2217.6,Barail,29.44,7.0,122.4,18.09,2320.0,1.2,0.0,52.1,1817.0,1831.6,early_warning,218.6,DERIVED
2023-12-05T03:09:00,DUL-104,2217.8,Barail,30.44,7.33,117.5,17.93,2339.5,1.2,0.0,48.4,1785.8,1800.4,early_warning,223.2,DERIVED
2023-12-05T03:10:00,DUL-104,2218.0,Barail,30.69,7.0,117.4,18.11,2344.0,1.2,0.0,51.2,1815.0,1799.3,early_warning,224.3,DERIVED
2023-12-05T03:11:00,DUL-104,2218.2,Barail,30.67,7.0,119.0,17.3,2329.5,1.2,0.0,45.5,1806.3,1812.1,early_warning,224.4,DERIVED
2023-12-05T03:12:00,DUL-104,2218.4,Barail,31.29,7.08,117.5,18.74,2332.0,1.2,0.0,54.4,1799.7,1782.9,early_warning,226.8,DERIVED
2023-12-05T03:13:00,DUL-104,2218.6,Barail,31.17,7.0,122.9,18.08,2342.9,1.2,0.0,49.9,1793.1,1799.5,early_warning,226.5,DERIVED
2023-12-05T03:14:00,DUL-104,2218.8,Barail,31.33,7.0,118.7,17.84,2337.5,1.2,0.0,47.3,1786.3,1785.7,early_warning,227.2,DERIVED
2023-12-05T03:15:00,DUL-104,2219.0,Barail,31.42,7.0,118.6,18.94,2324.2,1.2,0.0,52.7,1792.2,1775.7,early_warning,227.4,DERIVED
2023-12-05T03:16:00,DUL-104,2219.2,Barail,31.34,7.0,121.7,17.1,2337.5,1.2,0.0,51.2,1799.3,1805.9,early_warning,227.5,DERIVED
2023-12-05T03:17:00,DUL-104,2219.4,Barail,31.55,7.0,121.2,17.26,2325.8,1.2,0.0,53.5,1802.7,1803.2,early_warning,228.4,DERIVED
2023-12-05T03:18:00,DUL-104,2219.6,Barail,31.97,7.0,119.3,18.1,2317.3,1.2,0.0,48.5,1781.6,1801.4,early_warning,230.1,DERIVED
2023-12-05T03:19:00,DUL-104,2219.8,Barail,32.41,7.0,117.9,18.71,2325.3,1.2,0.0,53.0,1806.0,1810.2,early_warning,232.0,DERIVED
2023-12-05T03:20:00,DUL-104,2220.0,Barail,32.34,7.0,122.0,18.09,2339.7,1.2,0.0,53.4,1790.2,1786.6,early_warning,231.8,DERIVED
2023-12-05T03:21:00,DUL-104,2220.2,Barail,31.97,7.0,122.3,18.37,2331.9,1.2,0.0,50.5,1815.2,1798.0,early_warning,230.1,DERIVED
2023-12-05T03:22:00,DUL-104,2220.4,Barail,32.12,7.0,120.2,17.99,2325.1,1.2,0.0,47.2,1806.8,1800.4,early_warning,230.8,DERIVED
2023-12-05T03:23:00,DUL-104,2220.6,Barail,33.09,7.0,122.8,17.55,2332.9,1.2,0.0,46.0,1794.4,1777.4,early_warning,235.3,DERIVED
2023-12-05T03:24:00,DUL-104,2220.8,Barail,32.64,7.0,121.6,17.73,2325.9,1.2,0.0,54.3,1782.1,1795.9,early_warning,233.3,DERIVED
2023-12-05T03:25:00,DUL-104,2221.0,Barail,33.3,7.0,122.7,18.29,2329.5,1.2,0.0,49.3,1804.3,1805.4,early_warning,236.1,DERIVED
2023-12-05T03:26:00,DUL-104,2221.2,Barail,33.47,7.0,119.0,17.02,2341.3,1.2,0.0,51.5,1806.2,1789.2,early_warning,237.2,DERIVED
2023-12-05T03:27:00,DUL-104,2221.4,Barail,32.53,7.0,119.2,17.95,2347.3,1.2,0.0,47.0,1805.4,1787.9,early_warning,232.7,DERIVED
2023-12-05T03:28:00,DUL-104,2221.6,Barail,33.37,7.0,117.9,18.52,2347.3,1.2,0.0,53.3,1811.6,1829.5,early_warning,236.4,DERIVED
2023-12-05T03:29:00,DUL-104,2221.8,Barail,33.74,7.0,121.9,18.61,2337.3,1.2,0.0,51.7,1787.1,1780.7,early_warning,238.1,DERIVED
2023-12-05T03:30:00,DUL-104,2222.0,Barail,33.36,7.0,121.7,17.58,2348.4,1.2,0.0,45.6,1782.5,1775.6,early_warning,236.6,DERIVED
2023-12-05T03:31:00,DUL-104,2222.2,Barail,33.17,7.0,119.2,17.78,2344.4,1.2,0.0,50.3,1805.2,1802.8,early_warning,235.7,DERIVED
2023-12-05T03:32:00,DUL-104,2222.4,Barail,33.86,7.0,118.7,18.05,2333.3,1.2,0.0,46.4,1785.9,1786.1,early_warning,238.8,DERIVED
2023-12-05T03:33:00,DUL-104,2222.6,Barail,34.5,7.0,117.4,18.87,2323.2,1.2,0.0,53.8,1781.8,1787.8,early_warning,241.5,DERIVED
2023-12-05T03:34:00,DUL-104,2222.8,Barail,33.74,7.0,119.5,18.51,2332.3,1.2,0.0,49.2,1796.1,1796.9,early_warning,238.1,DERIVED
2023-12-05T03:35:00,DUL-104,2223.0,Barail,34.09,7.0,118.1,17.27,2335.9,1.2,0.0,48.5,1808.9,1790.4,early_warning,240.0,DERIVED
2023-12-05T03:36:00,DUL-104,2223.2,Barail,34.81,7.0,122.6,17.6,2332.5,1.2,0.0,48.2,1801.3,1792.6,early_warning,243.2,DERIVED
2023-12-05T03:37:00,DUL-104,2223.4,Barail,34.96,7.0,121.2,17.58,2333.4,1.2,0.0,50.6,1808.7,1814.8,early_warning,243.9,DERIVED
2023-12-05T03:38:00,DUL-104,2223.6,Barail,34.78,7.0,117.7,17.29,2325.4,1.2,0.0,46.8,1806.5,1800.1,early_warning,243.1,DERIVED
2023-12-05T03:39:00,DUL-104,2223.8,Barail,35.61,7.0,118.5,17.37,2324.4,1.2,0.0,51.8,1803.1,1793.2,early_warning,246.9,DERIVED
2023-12-05T03:40:00,DUL-104,2224.0,Barail,35.63,7.0,119.6,18.22,2339.9,1.2,0.0,49.4,1783.7,1778.2,early_warning,246.8,DERIVED
2023-12-05T03:41:00,DUL-104,2224.2,Barail,35.98,7.0,120.8,17.18,2343.6,1.2,0.0,53.6,1794.9,1789.8,early_warning,248.6,DERIVED
2023-12-05T03:42:00,DUL-104,2224.4,Barail,35.54,7.0,118.3,17.26,2341.1,1.2,0.0,50.1,1818.2,1836.7,early_warning,246.6,DERIVED
2023-12-05T03:43:00,DUL-104,2224.6,Barail,36.2,7.0,122.0,17.05,2324.6,1.2,0.0,54.8,1815.0,1819.6,early_warning,249.6,DERIVED
2023-12-05T03:44:00,DUL-104,2224.8,Barail,36.01,7.0,119.5,17.29,2337.3,1.2,0.0,47.7,1784.9,1799.7,early_warning,248.7,DERIVED
2023-12-05T03:45:00,DUL-104,2225.0,Barail,36.1,7.0,118.8,18.15,2329.3,1.2,0.0,53.3,1788.4,1794.3,early_warning,248.9,DERIVED
2023-12-05T03:46:00,DUL-104,2225.2,Barail,36.24,7.0,117.5,17.97,2336.9,1.2,0.0,53.2,1788.1,1775.5,early_warning,249.6,DERIVED
2023-12-05T03:47:00,DUL-104,2225.4,Barail,36.05,7.0,118.4,18.27,2322.3,1.2,0.0,45.8,1808.3,1808.2,early_warning,248.7,DERIVED
2023-12-05T03:48:00,DUL-104,2225.6,Barail,35.94,7.0,122.6,17.78,2338.2,1.2,0.0,49.2,1800.2,1781.9,early_warning,248.3,DERIVED
2023-12-05T03:49:00,DUL-104,2225.8,Barail,37.18,7.0,119.1,17.57,2327.3,1.2,0.0,54.3,1813.6,1808.8,early_warning,254.0,DERIVED
2023-12-05T03:50:00,DUL-104,2226.0,Barail,36.94,7.0,118.2,17.07,2343.9,1.2,0.0,46.6,1802.6,1783.3,early_warning,253.0,DERIVED
2023-12-05T03:51:00,DUL-104,2226.2,Barail,36.29,7.0,120.9,18.23,2351.7,1.2,0.0,51.6,1800.9,1781.4,early_warning,249.8,DERIVED
2023-12-05T03:52:00,DUL-104,2226.4,Barail,37.76,7.0,122.1,17.08,2347.2,1.2,0.0,49.8,1788.7,1784.9,early_warning,256.7,DERIVED
2023-12-05T03:53:00,DUL-104,2226.6,Barail,36.69,7.0,118.3,18.4,2327.5,1.2,0.0,51.9,1804.7,1813.2,early_warning,251.6,DERIVED
2023-12-05T03:54:00,DUL-104,2226.8,Barail,38.07,7.0,121.1,17.79,2349.3,1.2,0.0,53.3,1810.5,1814.5,early_warning,258.0,DERIVED
2023-12-05T03:55:00,DUL-104,2227.0,Barail,37.27,7.0,122.8,18.9,2332.7,1.2,0.0,53.2,1807.2,1820.7,early_warning,254.1,DERIVED
2023-12-05T03:56:00,DUL-104,2227.2,Barail,38.18,7.0,119.4,18.59,2342.4,1.2,0.0,50.4,1814.9,1796.2,early_warning,258.3,DERIVED
2023-12-05T03:57:00,DUL-104,2227.4,Barail,37.24,7.0,117.6,18.68,2325.6,1.2,0.0,53.8,1789.0,1774.4,early_warning,254.1,DERIVED
2023-12-05T03:58:00,DUL-104,2227.6,Barail,38.44,7.0,119.5,18.19,2339.7,1.2,0.0,54.5,1800.3,1801.9,early_warning,259.6,DERIVED
2023-12-05T03:59:00,DUL-104,2227.8,Barail,38.19,7.0,121.1,17.22,2344.0,1.2,0.0,54.3,1810.4,1812.2,early_warning,258.7,DERIVED
2023-12-05T00:00:00,DUL-70,2180.0,Barail,10.79,14.6,117.6,18.08,2311.4,1.2,0.0,53.7,1787.3,1797.3,normal,151.8,DERIVED
2023-12-05T00:01:00,DUL-70,2180.2,Barail,11.43,14.98,122.1,17.37,2295.2,1.2,0.0,50.1,1809.1,1807.0,normal,152.0,DERIVED
2023-12-05T00:02:00,DUL-70,2180.4,Barail,10.72,15.37,119.4,17.84,2292.0,1.2,0.0,49.8,1808.2,1802.7,normal,151.9,DERIVED
2023-12-05T00:03:00,DUL-70,2180.6,Barail,11.23,14.99,117.1,18.92,2294.1,1.2,0.0,50.5,1818.4,1806.6,normal,151.7,DERIVED
2023-12-05T00:04:00,DUL-70,2180.8,Barail,10.39,14.71,117.9,18.7,2301.2,1.2,0.0,45.4,1790.9,1791.3,normal,151.7,DERIVED
2023-12-05T00:05:00,DUL-70,2181.0,Barail,10.54,14.81,122.4,17.89,2292.8,1.2,0.0,51.0,1784.5,1785.3,normal,151.9,DERIVED
2023-12-05T00:06:00,DUL-70,2181.2,Barail,11.21,14.59,120.3,17.62,2308.3,1.2,0.0,51.2,1816.4,1820.7,normal,152.0,DERIVED
2023-12-05T00:07:00,DUL-70,2181.4,Barail,10.56,14.69,121.2,18.62,2288.0,1.2,0.0,49.2,1791.3,1790.0,normal,151.8,DERIVED
2023-12-05T00:08:00,DUL-70,2181.6,Barail,11.52,15.06,121.5,18.53,2294.6,1.2,0.0,51.2,1795.0,1794.0,normal,151.8,DERIVED
2023-12-05T00:09:00,DUL-70,2181.8,Barail,11.04,15.17,118.0,18.68,2291.3,1.2,0.0,48.1,1814.0,1833.4,normal,151.8,DERIVED
2023-12-05T00:10:00,DUL-70,2182.0,Barail,10.81,15.45,117.2,18.91,2292.6,1.2,0.0,45.3,1810.5,1796.9,normal,151.7,DERIVED
2023-12-05T00:11:00,DUL-70,2182.2,Barail,11.35,14.51,117.7,17.72,2289.3,1.2,0.0,49.7,1793.8,1803.4,normal,152.0,DERIVED
2023-12-05T00:12:00,DUL-70,2182.4,Barail,10.99,15.47,122.1,17.34,2314.4,1.2,0.0,53.9,1802.6,1803.7,normal,152.1,DERIVED
2023-12-05T00:13:00,DUL-70,2182.6,Barail,10.54,14.82,118.3,17.39,2305.5,1.2,0.0,48.2,1810.7,1813.6,normal,152.1,DERIVED
2023-12-05T00:14:00,DUL-70,2182.8,Barail,11.46,14.59,122.1,18.02,2306.2,1.2,0.0,47.4,1807.8,1804.1,normal,152.0,DERIVED
2023-12-05T00:15:00,DUL-70,2183.0,Barail,11.31,15.08,117.8,17.6,2310.0,1.2,0.0,45.2,1805.3,1807.1,normal,152.1,DERIVED
2023-12-05T00:16:00,DUL-70,2183.2,Barail,11.3,14.83,119.9,17.95,2310.0,1.2,0.0,45.7,1800.4,1790.8,normal,152.0,DERIVED
2023-12-05T00:17:00,DUL-70,2183.4,Barail,11.12,14.76,118.2,17.46,2314.6,1.2,0.0,48.6,1815.2,1824.6,normal,152.1,DERIVED
2023-12-05T00:18:00,DUL-70,2183.6,Barail,10.68,15.05,117.1,18.87,2306.8,1.2,0.0,46.1,1800.8,1800.6,normal,151.8,DERIVED
2023-12-05T00:19:00,DUL-70,2183.8,Barail,11.24,14.79,122.5,18.25,2290.2,1.2,0.0,53.2,1815.4,1807.6,normal,152.0,DERIVED
2023-12-05T00:20:00,DUL-70,2184.0,Barail,11.3,15.36,122.3,17.14,2313.3,1.2,0.0,47.5,1812.1,1819.5,normal,152.2,DERIVED
2023-12-05T00:21:00,DUL-70,2184.2,Barail,10.95,15.4,121.8,18.99,2317.1,1.2,0.0,50.7,1809.4,1816.2,normal,151.8,DERIVED
2023-12-05T00:22:00,DUL-70,2184.4,Barail,10.86,15.0,120.0,17.43,2296.4,1.2,0.0,53.4,1813.8,1821.7,normal,152.2,DERIVED
2023-12-05T00:23:00,DUL-70,2184.6,Barail,11.26,15.01,120.4,18.33,2288.9,1.2,0.0,49.4,1818.8,1807.0,normal,152.0,DERIVED
2023-12-05T00:24:00,DUL-70,2184.8,Barail,10.95,14.58,118.5,18.65,2289.8,1.2,0.0,53.0,1811.9,1826.6,normal,151.9,DERIVED
2023-12-05T00:25:00,DUL-70,2185.0,Barail,10.66,15.43,119.2,17.9,2317.5,1.2,0.0,50.4,1807.2,1791.7,normal,152.1,DERIVED
2023-12-05T00:26:00,DUL-70,2185.2,Barail,10.31,14.76,117.6,18.65,2296.7,1.2,0.0,54.6,1807.1,1794.8,normal,151.9,DERIVED
2023-12-05T00:27:00,DUL-70,2185.4,Barail,11.3,14.82,120.2,17.15,2314.3,1.2,0.0,52.9,1803.2,1810.9,normal,152.3,DERIVED
2023-12-05T00:28:00,DUL-70,2185.6,Barail,10.78,14.63,119.0,18.48,2306.4,1.2,0.0,46.3,1789.6,1788.6,normal,152.0,DERIVED
2023-12-05T00:29:00,DUL-70,2185.8,Barail,10.32,14.54,119.7,17.27,2316.3,1.2,0.0,46.3,1810.0,1821.8,normal,152.3,DERIVED
2023-12-05T00:30:00,DUL-70,2186.0,Barail,10.74,15.04,123.0,18.23,2301.4,1.2,0.0,54.8,1790.4,1808.6,normal,152.1,DERIVED
2023-12-05T00:31:00,DUL-70,2186.2,Barail,10.73,14.92,118.9,18.3,2316.4,1.2,0.0,51.9,1787.3,1806.9,normal,152.1,DERIVED
2023-12-05T00:32:00,DUL-70,2186.4,Barail,11.31,15.01,122.1,17.21,2308.1,1.2,0.0,52.9,1811.1,1818.0,normal,152.3,DERIVED
2023-12-05T00:33:00,DUL-70,2186.6,Barail,10.39,14.98,118.6,18.22,2302.2,1.2,0.0,49.6,1801.5,1805.0,normal,152.1,DERIVED
2023-12-05T00:34:00,DUL-70,2186.8,Barail,11.55,14.78,118.6,17.37,2293.8,1.2,0.0,53.5,1816.8,1801.8,normal,152.3,DERIVED
2023-12-05T00:35:00,DUL-70,2187.0,Barail,10.8,15.4,122.2,18.96,2320.4,1.2,0.0,48.0,1782.7,1772.6,normal,152.0,DERIVED
2023-12-05T00:36:00,DUL-70,2187.2,Barail,11.0,14.52,118.5,17.95,2311.2,1.2,0.0,46.5,1784.9,1778.1,normal,152.2,DERIVED
2023-12-05T00:37:00,DUL-70,2187.4,Barail,10.43,14.62,117.6,18.6,2317.3,1.2,0.0,45.4,1812.2,1825.9,normal,152.1,DERIVED
2023-12-05T00:38:00,DUL-70,2187.6,Barail,11.21,14.8,121.9,17.16,2292.5,1.2,0.0,54.5,1788.9,1805.5,normal,152.4,DERIVED
2023-12-05T00:39:00,DUL-70,2187.8,Barail,11.36,14.55,117.6,18.29,2295.6,1.2,0.0,51.7,1806.9,1796.2,normal,152.2,DERIVED
2023-12-05T00:40:00,DUL-70,2188.0,Barail,10.97,14.71,122.2,18.26,2312.1,1.2,0.0,51.2,1782.4,1797.9,normal,152.2,DERIVED
2023-12-05T00:41:00,DUL-70,2188.2,Barail,11.39,15.01,120.5,17.98,2314.2,1.2,0.0,50.3,1791.1,1791.8,normal,152.2,DERIVED
2023-12-05T00:42:00,DUL-70,2188.4,Barail,10.6,14.5,120.1,18.74,2313.3,1.2,0.0,47.1,1800.3,1803.7,normal,152.1,DERIVED
2023-12-05T00:43:00,DUL-70,2188.6,Barail,11.11,14.96,120.1,18.38,2318.3,1.2,0.0,50.2,1811.4,1818.6,normal,152.2,DERIVED
2023-12-05T00:44:00,DUL-70,2188.8,Barail,10.47,14.76,118.9,17.71,2306.8,1.2,0.0,47.9,1819.9,1829.3,normal,152.3,DERIVED
2023-12-05T00:45:00,DUL-70,2189.0,Barail,10.82,15.2,122.5,17.32,2311.1,1.2,0.0,54.6,1795.0,1810.1,normal,152.4,DERIVED
2023-12-05T00:46:00,DUL-70,2189.2,Barail,11.43,14.82,117.9,18.61,2304.8,1.2,0.0,48.5,1798.6,1807.7,normal,152.1,DERIVED
2023-12-05T00:47:00,DUL-70,2189.4,Barail,11.55,15.42,121.6,17.35,2303.6,1.2,0.0,45.1,1788.0,1781.6,normal,152.4,DERIVED
2023-12-05T00:48:00,DUL-70,2189.6,Barail,10.55,14.98,117.8,18.31,2305.0,1.2,0.0,47.5,1807.4,1800.6,normal,152.2,DERIVED
2023-12-05T00:49:00,DUL-70,2189.8,Barail,10.33,15.34,121.5,18.76,2301.7,1.2,0.0,47.6,1807.9,1793.7,normal,152.1,DERIVED
2023-12-05T00:50:00,DUL-70,2190.0,Barail,11.65,15.15,120.3,17.1,2301.5,1.2,0.0,49.2,1819.2,1805.0,normal,152.5,DERIVED
2023-12-05T00:51:00,DUL-70,2190.2,Barail,11.13,14.58,122.8,18.49,2317.5,1.2,0.0,52.5,1787.2,1776.8,normal,152.2,DERIVED
2023-12-05T00:52:00,DUL-70,2190.4,Barail,10.35,15.05,117.5,17.38,2298.5,1.2,0.0,54.2,1811.6,1803.0,normal,152.5,DERIVED
2023-12-05T00:53:00,DUL-70,2190.6,Barail,11.66,14.66,117.8,17.76,2317.6,1.2,0.0,46.0,1811.6,1813.3,normal,152.4,DERIVED
2023-12-05T00:54:00,DUL-70,2190.8,Barail,11.42,14.84,117.3,17.2,2315.3,1.2,0.0,50.1,1810.6,1798.5,normal,152.5,DERIVED
2023-12-05T00:55:00,DUL-70,2191.0,Barail,10.69,14.71,122.1,18.41,2298.4,1.2,0.0,52.3,1781.6,1780.2,normal,152.3,DERIVED
2023-12-05T00:56:00,DUL-70,2191.2,Barail,10.66,15.26,121.3,18.37,2299.9,1.2,0.0,45.4,1805.6,1813.4,normal,152.3,DERIVED
2023-12-05T00:57:00,DUL-70,2191.4,Barail,10.31,15.34,122.4,17.72,2309.7,1.2,0.0,51.5,1817.0,1823.0,normal,152.5,DERIVED
2023-12-05T00:58:00,DUL-70,2191.6,Barail,11.02,15.27,119.9,17.07,2310.7,1.2,0.0,49.1,1793.4,1789.2,normal,152.6,DERIVED
2023-12-05T00:59:00,DUL-70,2191.8,Barail,10.61,14.81,121.5,18.77,2308.1,1.2,0.0,53.5,1785.0,1785.7,normal,152.2,DERIVED
2023-12-05T01:00:00,DUL-70,2192.0,Barail,11.34,15.28,119.3,17.34,2323.4,1.2,0.0,51.1,1806.1,1800.0,normal,152.6,DERIVED
2023-12-05T01:01:00,DUL-70,2192.2,Barail,10.46,15.07,119.4,18.78,2314.7,1.2,0.0,52.6,1802.8,1812.9,normal,152.3,DERIVED
2023-12-05T01:02:00,DUL-70,2192.4,Barail,10.49,15.5,120.5,18.19,2300.6,1.2,0.0,45.9,1808.2,1817.3,normal,152.4,DERIVED
2023-12-05T01:03:00,DUL-70,2192.6,Barail,11.23,14.75,119.9,18.54,2314.3,1.2,0.0,54.1,1783.6,1794.6,normal,152.3,DERIVED
2023-12-05T01:04:00,DUL-70,2192.8,Barail,10.32,15.13,120.2,17.15,2307.8,1.2,0.0,51.7,1814.7,1797.8,normal,152.7,DERIVED
2023-12-05T01:05:00,DUL-70,2193.0,Barail,11.01,15.3,117.7,18.79,2323.6,1.2,0.0,48.4,1788.4,1774.2,normal,152.3,DERIVED
2023-12-05T01:06:00,DUL-70,2193.2,Barail,10.61,14.92,121.2,18.87,2312.3,1.2,0.0,54.5,1797.1,1803.4,normal,152.3,DERIVED
2023-12-05T01:07:00,DUL-70,2193.4,Barail,10.3,14.92,117.1,17.26,2320.0,1.2,0.0,46.1,1792.0,1793.0,normal,152.7,DERIVED
2023-12-05T01:08:00,DUL-70,2193.6,Barail,11.04,14.53,117.7,18.35,2308.0,1.2,0.0,45.9,1799.1,1794.0,normal,152.4,DERIVED
2023-12-05T01:09:00,DUL-70,2193.8,Barail,11.7,14.55,118.1,17.15,2312.6,1.2,0.0,54.6,1811.1,1795.6,normal,152.7,DERIVED
2023-12-05T01:10:00,DUL-70,2194.0,Barail,11.06,14.86,122.9,18.41,2314.3,1.2,0.0,47.6,1797.5,1798.5,normal,152.4,DERIVED
2023-12-05T01:11:00,DUL-70,2194.2,Barail,10.83,15.06,117.5,17.84,2326.0,1.2,0.0,49.0,1800.2,1810.4,normal,152.6,DERIVED
2023-12-05T01:12:00,DUL-70,2194.4,Barail,11.44,15.24,119.3,18.42,2302.5,1.2,0.0,51.2,1780.6,1768.3,normal,152.4,DERIVED
2023-12-05T01:13:00,DUL-70,2194.6,Barail,10.55,14.85,121.4,17.04,2323.0,1.2,0.0,45.9,1818.0,1836.0,normal,152.8,DERIVED
2023-12-05T01:14:00,DUL-70,2194.8,Barail,11.16,15.34,122.6,17.9,2322.5,1.2,0.0,45.3,1811.2,1817.2,normal,152.6,DERIVED
2023-12-05T01:15:00,DUL-70,2195.0,Barail,11.39,14.65,117.5,18.05,2315.2,1.2,0.0,51.9,1787.2,1789.9,normal,152.6,DERIVED
2023-12-05T01:16:00,DUL-70,2195.2,Barail,11.66,14.75,121.9,18.92,2317.3,1.2,0.0,49.4,1796.7,1795.4,normal,152.4,DERIVED
2023-12-05T01:17:00,DUL-70,2195.4,Barail,10.47,14.57,118.7,17.35,2324.3,1.2,0.0,48.6,1815.0,1817.5,normal,152.7,DERIVED
2023-12-05T01:18:00,DUL-70,2195.6,Barail,11.56,15.4,121.3,17.9,2304.8,1.2,0.0,50.6,1792.5,1805.6,normal,152.6,DERIVED
2023-12-05T01:19:00,DUL-70,2195.8,Barail,10.36,15.14,119.0,17.84,2313.9,1.2,0.0,54.8,1819.7,1814.0,normal,152.6,DERIVED
2023-12-05T01:20:00,DUL-70,2196.0,Barail,11.64,15.46,120.2,18.13,2303.7,1.2,0.0,52.9,1799.4,1809.9,normal,152.6,DERIVED
2023-12-05T01:21:00,DUL-70,2196.2,Barail,11.59,15.12,121.2,18.1,2301.9,1.2,0.0,49.6,1782.5,1769.7,normal,152.6,DERIVED
2023-12-05T01:22:00,DUL-70,2196.4,Barail,11.67,14.88,117.8,17.87,2299.9,1.2,0.0,51.1,1789.1,1777.8,normal,152.7,DERIVED
2023-12-05T01:23:00,DUL-70,2196.6,Barail,11.19,15.43,117.1,18.43,2315.7,1.2,0.0,49.9,1796.9,1777.3,normal,152.5,DERIVED
2023-12-05T01:24:00,DUL-70,2196.8,Barail,10.79,15.02,119.0,18.99,2308.6,1.2,0.0,53.5,1812.4,1824.2,normal,152.4,DERIVED
2023-12-05T01:25:00,DUL-70,2197.0,Barail,10.99,15.0,122.1,17.24,2305.3,1.2,0.0,45.1,1799.7,1797.8,normal,152.8,DERIVED
2023-12-05T01:26:00,DUL-70,2197.2,Barail,11.64,15.43,119.4,17.99,2301.9,1.2,0.0,52.5,1800.8,1787.5,normal,152.7,DERIVED
2023-12-05T01:27:00,DUL-70,2197.4,Barail,11.53,14.54,118.2,17.95,2328.8,1.2,0.0,46.4,1790.7,1802.3,normal,152.7,DERIVED
2023-12-05T01:28:00,DUL-70,2197.6,Barail,10.77,15.43,117.1,17.48,2308.4,1.2,0.0,53.5,1784.1,1791.0,normal,152.8,DERIVED
2023-12-05T01:29:00,DUL-70,2197.8,Barail,11.54,15.47,121.8,17.1,2313.7,1.2,0.0,47.2,1784.9,1774.6,normal,152.9,DERIVED
2023-12-05T01:30:00,DUL-70,2198.0,Barail,11.33,15.08,117.8,17.57,2301.4,1.2,0.0,54.3,1810.2,1809.1,normal,152.8,DERIVED
2023-12-05T01:31:00,DUL-70,2198.2,Barail,11.65,15.48,118.2,17.51,2305.3,1.2,0.0,51.3,1803.8,1804.5,normal,152.8,DERIVED
2023-12-05T01:32:00,DUL-70,2198.4,Barail,11.38,15.03,118.9,18.34,2328.2,1.2,0.0,45.5,1799.4,1785.0,normal,152.7,DERIVED
2023-12-05T01:33:00,DUL-70,2198.6,Barail,11.35,14.93,122.0,18.34,2328.7,1.2,0.0,50.8,1803.8,1822.8,normal,152.7,DERIVED
2023-12-05T01:34:00,DUL-70,2198.8,Barail,11.42,14.84,117.6,18.84,2302.0,1.2,0.0,54.2,1817.3,1823.8,normal,152.6,DERIVED
2023-12-05T01:35:00,DUL-70,2199.0,Barail,11.63,15.11,121.5,18.19,2306.9,1.2,0.0,45.8,1809.7,1807.8,normal,152.7,DERIVED
2023-12-05T01:36:00,DUL-70,2199.2,Barail,10.47,15.06,118.6,17.52,2326.6,1.2,0.0,51.2,1809.9,1822.6,normal,152.9,DERIVED
2023-12-05T01:37:00,DUL-70,2199.4,Barail,10.91,14.95,119.6,17.71,2323.9,1.2,0.0,53.8,1791.9,1800.4,normal,152.8,DERIVED
2023-12-05T01:38:00,DUL-70,2199.6,Barail,10.6,14.51,121.1,18.55,2310.6,1.2,0.0,54.9,1808.8,1801.6,normal,152.7,DERIVED
2023-12-05T01:39:00,DUL-70,2199.8,Barail,11.36,15.34,117.8,18.82,2313.9,1.2,0.0,47.7,1795.1,1796.3,normal,152.6,DERIVED
2023-12-05T01:40:00,DUL-70,2200.0,Barail,11.04,14.79,117.4,18.26,2322.5,1.2,0.0,52.0,1795.9,1810.2,normal,152.8,DERIVED
2023-12-05T01:41:00,DUL-70,2200.2,Barail,10.32,14.63,117.1,18.11,2316.9,1.2,0.0,47.3,1801.0,1781.2,normal,152.8,DERIVED
2023-12-05T01:42:00,DUL-70,2200.4,Barail,10.35,15.46,122.3,17.14,2321.0,1.2,0.0,50.1,1801.5,1815.2,normal,153.0,DERIVED
2023-12-05T01:43:00,DUL-70,2200.6,Barail,11.2,15.44,121.1,18.83,2305.0,1.2,0.0,53.2,1792.8,1809.6,normal,152.7,DERIVED
2023-12-05T01:44:00,DUL-70,2200.8,Barail,11.41,15.47,121.5,17.78,2317.4,1.2,0.0,52.8,1782.3,1783.9,normal,152.9,DERIVED
2023-12-05T01:45:00,DUL-70,2201.0,Barail,11.1,15.22,119.1,18.21,2323.9,1.2,0.0,48.8,1807.3,1823.4,normal,152.8,DERIVED
2023-12-05T01:46:00,DUL-70,2201.2,Barail,10.82,15.03,119.9,18.68,2310.1,1.2,0.0,47.9,1795.7,1801.8,normal,152.7,DERIVED
2023-12-05T01:47:00,DUL-70,2201.4,Barail,10.52,15.48,120.0,18.46,2314.5,1.2,0.0,45.3,1795.4,1798.3,normal,152.8,DERIVED
2023-12-05T01:48:00,DUL-70,2201.6,Barail,10.43,15.48,120.5,17.92,2303.1,1.2,0.0,47.5,1793.5,1799.5,normal,152.9,DERIVED
2023-12-05T01:49:00,DUL-70,2201.8,Barail,10.54,14.99,118.6,18.13,2323.1,1.2,0.0,50.2,1810.0,1814.9,normal,152.9,DERIVED
2023-12-05T01:50:00,DUL-70,2202.0,Barail,10.42,15.16,119.9,18.52,2330.7,1.2,0.0,48.5,1814.0,1803.2,normal,152.8,DERIVED
2023-12-05T01:51:00,DUL-70,2202.2,Barail,11.21,14.51,121.9,17.89,2316.4,1.2,0.0,50.0,1794.9,1784.1,normal,152.9,DERIVED
2023-12-05T01:52:00,DUL-70,2202.4,Barail,11.27,15.13,117.3,17.54,2330.9,1.2,0.0,47.8,1791.7,1794.9,normal,153.0,DERIVED
2023-12-05T01:53:00,DUL-70,2202.6,Barail,10.82,15.45,122.9,17.26,2309.8,1.2,0.0,46.7,1797.8,1789.1,normal,153.1,DERIVED
2023-12-05T01:54:00,DUL-70,2202.8,Barail,11.24,15.39,117.4,17.05,2306.6,1.2,0.0,48.1,1785.4,1782.6,normal,153.2,DERIVED
2023-12-05T01:55:00,DUL-70,2203.0,Barail,10.81,15.23,122.8,18.96,2316.0,1.2,0.0,51.4,1785.3,1789.7,normal,152.7,DERIVED
2023-12-05T01:56:00,DUL-70,2203.2,Barail,11.54,15.39,117.8,17.33,2330.6,1.2,0.0,52.0,1810.5,1793.2,normal,153.1,DERIVED
2023-12-05T01:57:00,DUL-70,2203.4,Barail,11.17,14.52,121.4,18.59,2313.4,1.2,0.0,45.0,1809.3,1829.3,normal,152.8,DERIVED
2023-12-05T01:58:00,DUL-70,2203.6,Barail,11.17,14.87,119.0,18.62,2332.9,1.2,0.0,48.7,1788.8,1808.7,normal,152.8,DERIVED
2023-12-05T01:59:00,DUL-70,2203.8,Barail,10.9,14.94,118.9,18.45,2333.5,1.2,0.0,49.7,1814.2,1810.2,normal,152.9,DERIVED
2023-12-05T02:00:00,DUL-70,2204.0,Barail,10.89,15.3,122.8,18.51,2325.3,1.2,0.0,53.3,1816.8,1834.9,normal,152.9,DERIVED
2023-12-05T02:01:00,DUL-70,2204.2,Barail,11.04,14.89,117.0,18.05,2315.0,1.2,0.0,45.0,1819.7,1812.0,normal,153.0,DERIVED
2023-12-05T02:02:00,DUL-70,2204.4,Barail,11.6,14.52,119.2,18.57,2324.7,1.2,0.0,51.7,1799.5,1783.2,normal,152.9,DERIVED
2023-12-05T02:03:00,DUL-70,2204.6,Barail,11.46,15.26,119.9,18.12,2328.8,1.2,0.0,49.9,1799.0,1798.4,normal,153.0,DERIVED
2023-12-05T02:04:00,DUL-70,2204.8,Barail,11.33,15.24,119.0,18.55,2316.1,1.2,0.0,51.7,1795.1,1811.1,normal,152.9,DERIVED
2023-12-05T02:05:00,DUL-70,2205.0,Barail,11.62,15.28,119.3,17.7,2318.0,1.2,0.0,51.0,1781.4,1783.2,normal,153.1,DERIVED
2023-12-05T02:06:00,DUL-70,2205.2,Barail,11.6,14.56,122.3,18.14,2335.1,1.2,0.0,52.2,1808.8,1818.9,normal,153.0,DERIVED
2023-12-05T02:07:00,DUL-70,2205.4,Barail,10.89,14.62,122.1,18.75,2327.0,1.2,0.0,47.2,1800.0,1800.6,normal,152.9,DERIVED
2023-12-05T02:08:00,DUL-70,2205.6,Barail,10.81,14.99,119.7,18.96,2324.3,1.2,0.0,54.8,1816.3,1803.4,normal,152.9,DERIVED
2023-12-05T02:09:00,DUL-70,2205.8,Barail,11.38,14.88,120.6,18.13,2327.8,1.2,0.0,48.0,1807.1,1801.9,normal,153.1,DERIVED
2023-12-05T02:10:00,DUL-70,2206.0,Barail,11.4,14.99,120.9,18.99,2314.2,1.2,0.0,45.0,1815.8,1816.8,normal,152.9,DERIVED
2023-12-05T02:11:00,DUL-70,2206.2,Barail,11.2,15.33,122.3,17.77,2335.6,1.2,0.0,48.9,1809.1,1822.3,normal,153.2,DERIVED
2023-12-05T02:12:00,DUL-70,2206.4,Barail,10.81,14.92,119.2,17.68,2318.5,1.2,0.0,53.5,1782.4,1802.0,normal,153.2,DERIVED
2023-12-05T02:13:00,DUL-70,2206.6,Barail,11.41,15.06,120.9,17.6,2329.2,1.2,0.0,53.7,1795.3,1795.2,normal,153.2,DERIVED
2023-12-05T02:14:00,DUL-70,2206.8,Barail,10.61,14.75,122.1,18.28,2319.9,1.2,0.0,51.4,1787.4,1767.6,normal,153.1,DERIVED
2023-12-05T02:15:00,DUL-70,2207.0,Barail,10.8,15.08,118.1,18.08,2316.4,1.2,0.0,47.6,1809.6,1804.0,normal,153.1,DERIVED
2023-12-05T02:16:00,DUL-70,2207.2,Barail,11.34,15.25,119.3,17.06,2332.0,1.2,0.0,50.5,1803.2,1810.6,normal,153.4,DERIVED
2023-12-05T02:17:00,DUL-70,2207.4,Barail,11.07,15.41,117.1,18.94,2325.4,1.2,0.0,49.1,1816.3,1832.1,normal,153.0,DERIVED
2023-12-05T02:18:00,DUL-70,2207.6,Barail,11.13,14.51,120.7,17.82,2324.3,1.2,0.0,53.3,1785.3,1799.0,normal,153.2,DERIVED
2023-12-05T02:19:00,DUL-70,2207.8,Barail,10.73,14.75,117.2,17.21,2315.3,1.2,0.0,50.3,1817.6,1804.5,normal,153.4,DERIVED
2023-12-05T02:20:00,DUL-70,2208.0,Barail,10.7,14.87,120.8,17.71,2327.5,1.2,0.0,46.5,1781.8,1784.9,normal,153.3,DERIVED
2023-12-05T02:21:00,DUL-70,2208.2,Barail,11.31,14.63,117.3,18.34,2309.5,1.2,0.0,54.3,1807.6,1794.0,normal,153.1,DERIVED
2023-12-05T02:22:00,DUL-70,2208.4,Barail,10.87,14.56,117.5,17.7,2334.0,1.2,0.0,54.1,1810.1,1815.6,normal,153.3,DERIVED
2023-12-05T02:23:00,DUL-70,2208.6,Barail,11.12,15.01,120.9,17.99,2319.8,1.2,0.0,53.4,1792.0,1788.3,normal,153.2,DERIVED
2023-12-05T02:24:00,DUL-70,2208.8,Barail,11.25,15.46,119.1,17.87,2320.1,1.2,0.0,47.1,1794.2,1805.8,normal,153.3,DERIVED
2023-12-05T02:25:00,DUL-70,2209.0,Barail,10.56,14.98,118.7,18.16,2331.4,1.2,0.0,46.2,1799.5,1787.0,normal,153.2,DERIVED
2023-12-05T02:26:00,DUL-70,2209.2,Barail,11.21,15.18,118.3,17.46,2317.5,1.2,0.0,48.3,1815.7,1830.7,normal,153.4,DERIVED
2023-12-05T02:27:00,DUL-70,2209.4,Barail,11.41,14.89,119.7,17.4,2322.3,1.2,0.0,54.5,1783.7,1779.4,normal,153.4,DERIVED
2023-12-05T02:28:00,DUL-70,2209.6,Barail,10.57,15.34,118.8,17.97,2310.2,1.2,0.0,51.9,1800.6,1812.6,normal,153.3,DERIVED
2023-12-05T02:29:00,DUL-70,2209.8,Barail,11.31,15.24,118.6,17.5,2326.8,1.2,0.0,45.5,1817.5,1826.3,normal,153.4,DERIVED
2023-12-05T02:30:00,DUL-70,2210.0,Barail,10.99,14.86,117.5,18.11,2332.2,1.2,0.0,46.2,1784.0,1791.4,normal,153.3,DERIVED
2023-12-05T02:31:00,DUL-70,2210.2,Barail,10.96,15.29,119.5,18.96,2335.3,1.2,0.0,48.2,1801.5,1804.9,normal,153.1,DERIVED
2023-12-05T02:32:00,DUL-70,2210.4,Barail,10.93,15.32,121.2,18.64,2316.9,1.2,0.0,50.0,1801.7,1805.1,normal,153.2,DERIVED
2023-12-05T02:33:00,DUL-70,2210.6,Barail,10.32,15.31,119.7,17.32,2335.1,1.2,0.0,50.6,1809.6,1819.2,normal,153.5,DERIVED
2023-12-05T02:34:00,DUL-70,2210.8,Barail,11.17,15.41,117.3,17.67,2314.6,1.2,0.0,51.4,1788.8,1769.9,normal,153.4,DERIVED
2023-12-05T02:35:00,DUL-70,2211.0,Barail,10.49,14.67,120.2,17.91,2323.7,1.2,0.0,45.1,1801.1,1791.3,normal,153.4,DERIVED
2023-12-05T02:36:00,DUL-70,2211.2,Barail,10.43,14.56,117.9,17.8,2315.0,1.2,0.0,49.6,1786.5,1795.9,normal,153.4,DERIVED
2023-12-05T02:37:00,DUL-70,2211.4,Barail,11.53,14.82,117.4,18.93,2312.6,1.2,0.0,51.5,1810.3,1809.6,normal,153.2,DERIVED
2023-12-05T02:38:00,DUL-70,2211.6,Barail,11.55,14.65,121.3,18.81,2337.2,1.2,0.0,53.5,1797.5,1797.9,normal,153.2,DERIVED
2023-12-05T02:39:00,DUL-70,2211.8,Barail,11.49,14.88,118.5,17.06,2316.6,1.2,0.0,46.4,1817.2,1809.5,normal,153.6,DERIVED
2023-12-05T02:40:00,DUL-70,2212.0,Barail,10.79,15.47,121.1,17.87,2313.8,1.2,0.0,48.7,1791.6,1809.6,normal,153.4,DERIVED
2023-12-05T02:41:00,DUL-70,2212.2,Barail,10.89,15.47,118.6,17.09,2337.7,1.2,0.0,45.8,1811.5,1815.3,normal,153.6,DERIVED
2023-12-05T02:42:00,DUL-70,2212.4,Barail,10.7,15.33,119.6,18.97,2327.7,1.2,0.0,54.4,1817.2,1812.3,normal,153.2,DERIVED
2023-12-05T02:43:00,DUL-70,2212.6,Barail,11.27,15.23,120.9,17.05,2331.7,1.2,0.0,52.6,1787.7,1771.6,normal,153.6,DERIVED
2023-12-05T02:44:00,DUL-70,2212.8,Barail,10.39,15.04,117.6,18.7,2323.7,1.2,0.0,55.0,1809.4,1806.5,normal,153.3,DERIVED
2023-12-05T02:45:00,DUL-70,2213.0,Barail,10.56,14.93,120.6,18.72,2338.2,1.2,0.0,48.2,1780.9,1787.5,normal,153.3,DERIVED
2023-12-05T02:46:00,DUL-70,2213.2,Barail,11.26,15.15,121.8,18.62,2330.3,1.2,0.0,53.2,1785.0,1802.8,normal,153.3,DERIVED
2023-12-05T02:47:00,DUL-70,2213.4,Barail,11.23,14.59,118.0,18.28,2320.9,1.2,0.0,54.4,1791.2,1790.6,normal,153.4,DERIVED
2023-12-05T02:48:00,DUL-70,2213.6,Barail,11.01,15.44,118.8,18.78,2333.6,1.2,0.0,50.7,1817.8,1833.2,normal,153.3,DERIVED
2023-12-05T02:49:00,DUL-70,2213.8,Barail,11.35,15.05,117.3,17.44,2331.6,1.2,0.0,46.2,1805.7,1799.6,normal,153.6,DERIVED
2023-12-05T02:50:00,DUL-70,2214.0,Barail,10.84,15.32,122.0,18.5,2325.6,1.2,0.0,50.4,1819.4,1836.5,normal,153.4,DERIVED
2023-12-05T02:51:00,DUL-70,2214.2,Barail,11.15,14.58,122.4,17.09,2315.9,1.2,0.0,51.6,1787.9,1798.0,normal,153.7,DERIVED
2023-12-05T02:52:00,DUL-70,2214.4,Barail,11.26,14.67,122.5,19.0,2332.2,1.2,0.0,54.8,1812.0,1811.0,normal,153.3,DERIVED
2023-12-05T02:53:00,DUL-70,2214.6,Barail,11.45,15.44,121.2,17.17,2323.9,1.2,0.0,52.0,1794.6,1781.3,normal,153.7,DERIVED
2023-12-05T02:54:00,DUL-70,2214.8,Barail,10.94,14.64,119.8,17.2,2334.6,1.2,0.0,47.1,1817.4,1801.7,normal,153.7,DERIVED
2023-12-05T02:55:00,DUL-70,2215.0,Barail,11.18,15.14,118.2,18.25,2329.5,1.2,0.0,51.2,1787.4,1786.5,normal,153.5,DERIVED
2023-12-05T02:56:00,DUL-70,2215.2,Barail,11.47,15.12,118.5,17.67,2339.5,1.2,0.0,45.5,1799.1,1799.7,normal,153.6,DERIVED
2023-12-05T02:57:00,DUL-70,2215.4,Barail,10.9,14.5,117.6,18.68,2327.0,1.2,0.0,47.9,1798.1,1780.2,normal,153.4,DERIVED
2023-12-05T02:58:00,DUL-70,2215.6,Barail,10.41,15.33,121.6,17.39,2323.0,1.2,0.0,45.8,1792.7,1793.6,normal,153.7,DERIVED
2023-12-05T02:59:00,DUL-70,2215.8,Barail,11.35,15.01,122.1,19.0,2330.7,1.2,0.0,45.4,1785.4,1792.3,normal,153.4,DERIVED
2023-12-05T03:00:00,DUL-70,2216.0,Barail,10.48,15.4,117.3,17.11,2343.7,1.2,0.0,49.1,1802.2,1806.1,normal,153.8,DERIVED
2023-12-05T03:01:00,DUL-70,2216.2,Barail,10.47,14.84,119.2,18.48,2337.4,1.2,0.0,51.9,1787.2,1785.7,normal,153.5,DERIVED
2023-12-05T03:02:00,DUL-70,2216.4,Barail,11.58,14.67,119.1,18.23,2344.0,1.2,0.0,45.3,1807.6,1806.1,normal,153.6,DERIVED
2023-12-05T03:03:00,DUL-70,2216.6,Barail,11.04,15.34,117.6,18.2,2323.8,1.2,0.0,52.6,1808.6,1805.2,normal,153.6,DERIVED
2023-12-05T03:04:00,DUL-70,2216.8,Barail,10.51,15.26,121.2,18.13,2336.8,1.2,0.0,54.5,1789.8,1797.4,normal,153.6,DERIVED
2023-12-05T03:05:00,DUL-70,2217.0,Barail,11.43,14.77,122.4,17.63,2343.3,1.2,0.0,50.8,1818.9,1834.3,normal,153.7,DERIVED
2023-12-05T03:06:00,DUL-70,2217.2,Barail,11.39,14.87,119.7,18.17,2338.9,1.2,0.0,49.2,1816.0,1804.6,normal,153.6,DERIVED
2023-12-05T03:07:00,DUL-70,2217.4,Barail,11.03,14.65,118.0,17.58,2316.3,1.2,0.0,50.7,1804.8,1800.6,normal,153.8,DERIVED
2023-12-05T03:08:00,DUL-70,2217.6,Barail,11.42,15.05,121.1,17.17,2325.0,1.2,0.0,45.2,1786.4,1800.4,normal,153.9,DERIVED
2023-12-05T03:09:00,DUL-70,2217.8,Barail,10.49,15.1,119.3,18.35,2341.4,1.2,0.0,53.3,1818.6,1837.2,normal,153.6,DERIVED
2023-12-05T03:10:00,DUL-70,2218.0,Barail,10.86,15.49,121.6,17.56,2325.2,1.2,0.0,50.2,1813.8,1797.8,normal,153.8,DERIVED
2023-12-05T03:11:00,DUL-70,2218.2,Barail,11.55,15.17,120.6,17.81,2327.0,1.2,0.0,49.1,1808.6,1806.3,normal,153.7,DERIVED
2023-12-05T03:12:00,DUL-70,2218.4,Barail,11.3,15.38,117.5,17.04,2344.0,1.2,0.0,46.9,1812.6,1808.8,normal,153.9,DERIVED
2023-12-05T03:13:00,DUL-70,2218.6,Barail,10.61,14.51,119.6,18.2,2317.5,1.2,0.0,45.1,1791.5,1806.7,normal,153.7,DERIVED
2023-12-05T03:14:00,DUL-70,2218.8,Barail,11.35,14.76,119.4,17.83,2337.3,1.2,0.0,47.8,1794.2,1794.4,normal,153.8,DERIVED
2023-12-05T03:15:00,DUL-70,2219.0,Barail,10.63,14.93,121.5,18.01,2317.9,1.2,0.0,48.5,1802.8,1792.1,normal,153.7,DERIVED
2023-12-05T03:16:00,DUL-70,2219.2,Barail,10.84,15.06,119.2,17.37,2342.6,1.2,0.0,45.7,1816.3,1800.1,normal,153.9,DERIVED
2023-12-05T03:17:00,DUL-70,2219.4,Barail,11.08,15.05,119.5,18.25,2343.0,1.2,0.0,48.2,1782.4,1770.4,normal,153.7,DERIVED
2023-12-05T03:18:00,DUL-70,2219.6,Barail,11.53,15.1,121.5,17.78,2326.4,1.2,0.0,51.9,1802.7,1819.3,normal,153.8,DERIVED
2023-12-05T03:19:00,DUL-70,2219.8,Barail,10.52,14.84,121.1,18.81,2330.8,1.2,0.0,52.9,1784.4,1790.0,normal,153.6,DERIVED
2023-12-05T03:20:00,DUL-70,2220.0,Barail,10.76,15.19,118.8,17.37,2325.1,1.2,0.0,52.2,1808.5,1825.0,normal,153.9,DERIVED
2023-12-05T03:21:00,DUL-70,2220.2,Barail,10.88,14.57,121.9,17.51,2338.7,1.2,0.0,49.9,1797.8,1779.0,normal,153.9,DERIVED
2023-12-05T03:22:00,DUL-70,2220.4,Barail,10.62,15.25,119.8,18.76,2341.5,1.2,0.0,50.3,1819.3,1799.4,normal,153.6,DERIVED
2023-12-05T03:23:00,DUL-70,2220.6,Barail,10.86,15.03,117.3,18.74,2322.0,1.2,0.0,50.8,1790.8,1786.1,normal,153.6,DERIVED
2023-12-05T03:24:00,DUL-70,2220.8,Barail,10.95,14.79,118.0,18.33,2336.4,1.2,0.0,45.8,1818.9,1803.2,normal,153.7,DERIVED
2023-12-05T03:25:00,DUL-70,2221.0,Barail,10.61,14.78,119.2,17.98,2344.9,1.2,0.0,46.0,1803.0,1807.9,normal,153.8,DERIVED
2023-12-05T03:26:00,DUL-70,2221.2,Barail,10.66,14.86,119.7,18.77,2341.3,1.2,0.0,49.8,1782.8,1777.1,normal,153.7,DERIVED
2023-12-05T03:27:00,DUL-70,2221.4,Barail,11.44,14.93,119.3,18.28,2319.3,1.2,0.0,51.5,1807.4,1791.9,normal,153.8,DERIVED
2023-12-05T03:28:00,DUL-70,2221.6,Barail,10.88,15.36,118.6,18.06,2328.7,1.2,0.0,50.5,1795.6,1789.4,normal,153.8,DERIVED
2023-12-05T03:29:00,DUL-70,2221.8,Barail,11.59,15.19,123.0,17.67,2332.4,1.2,0.0,48.7,1814.7,1809.4,normal,153.9,DERIVED
2023-12-05T03:30:00,DUL-70,2222.0,Barail,11.25,14.68,120.3,17.54,2346.0,1.2,0.0,48.7,1818.1,1820.8,normal,154.0,DERIVED
2023-12-05T03:31:00,DUL-70,2222.2,Barail,10.78,15.05,122.6,18.39,2343.5,1.2,0.0,50.7,1804.7,1790.3,normal,153.8,DERIVED
2023-12-05T03:32:00,DUL-70,2222.4,Barail,11.46,15.14,120.9,17.61,2341.8,1.2,0.0,50.3,1792.8,1812.5,normal,154.0,DERIVED
2023-12-05T03:33:00,DUL-70,2222.6,Barail,11.38,15.18,122.0,18.39,2330.6,1.2,0.0,54.6,1816.2,1823.1,normal,153.8,DERIVED
2023-12-05T03:34:00,DUL-70,2222.8,Barail,10.91,15.0,117.3,18.78,2344.2,1.2,0.0,50.9,1798.6,1810.8,normal,153.7,DERIVED
2023-12-05T03:35:00,DUL-70,2223.0,Barail,10.33,14.9,118.5,18.22,2330.0,1.2,0.0,51.1,1815.9,1812.3,normal,153.9,DERIVED
2023-12-05T03:36:00,DUL-70,2223.2,Barail,10.46,14.51,122.0,17.94,2332.8,1.2,0.0,45.3,1784.1,1764.1,normal,154.0,DERIVED
2023-12-05T03:37:00,DUL-70,2223.4,Barail,11.55,14.55,118.9,17.95,2336.9,1.2,0.0,47.2,1805.8,1811.4,normal,154.0,DERIVED
2023-12-05T03:38:00,DUL-70,2223.6,Barail,11.68,14.59,118.8,17.21,2328.6,1.2,0.0,47.1,1781.2,1793.5,normal,154.1,DERIVED
2023-12-05T03:39:00,DUL-70,2223.8,Barail,10.69,15.24,121.9,18.59,2320.8,1.2,0.0,50.9,1814.0,1819.3,normal,153.8,DERIVED
2023-12-05T03:40:00,DUL-70,2224.0,Barail,11.15,14.93,121.9,18.07,2330.8,1.2,0.0,50.0,1798.9,1786.3,normal,154.0,DERIVED
2023-12-05T03:41:00,DUL-70,2224.2,Barail,11.24,15.33,120.9,17.02,2332.5,1.2,0.0,52.7,1785.2,1785.5,normal,154.2,DERIVED
2023-12-05T03:42:00,DUL-70,2224.4,Barail,11.26,15.03,119.0,17.03,2341.6,1.2,0.0,46.7,1804.1,1805.0,normal,154.2,DERIVED
2023-12-05T03:43:00,DUL-70,2224.6,Barail,11.31,14.61,122.8,18.5,2346.9,1.2,0.0,46.8,1808.8,1803.9,normal,153.9,DERIVED
2023-12-05T03:44:00,DUL-70,2224.8,Barail,11.28,15.2,119.5,18.9,2334.0,1.2,0.0,49.7,1808.6,1794.7,normal,153.8,DERIVED
2023-12-05T03:45:00,DUL-70,2225.0,Barail,11.55,14.83,122.3,17.29,2324.7,1.2,0.0,50.9,1789.6,1787.2,normal,154.2,DERIVED
2023-12-05T03:46:00,DUL-70,2225.2,Barail,10.58,15.22,121.4,18.37,2325.2,1.2,0.0,45.5,1803.3,1786.6,normal,154.0,DERIVED
2023-12-05T03:47:00,DUL-70,2225.4,Barail,11.3,15.05,122.6,18.64,2341.0,1.2,0.0,53.3,1800.3,1791.9,normal,153.9,DERIVED
2023-12-05T03:48:00,DUL-70,2225.6,Barail,10.39,15.2,121.0,18.26,2336.8,1.2,0.0,49.6,1816.8,1811.8,normal,154.0,DERIVED
2023-12-05T03:49:00,DUL-70,2225.8,Barail,10.5,15.45,121.6,18.79,2351.2,1.2,0.0,49.4,1786.2,1785.9,normal,153.9,DERIVED
2023-12-05T03:50:00,DUL-70,2226.0,Barail,10.99,14.89,121.7,17.5,2350.9,1.2,0.0,47.1,1791.4,1804.5,normal,154.2,DERIVED
2023-12-05T03:51:00,DUL-70,2226.2,Barail,10.63,15.22,118.6,17.82,2336.0,1.2,0.0,47.5,1812.9,1830.6,normal,154.1,DERIVED
2023-12-05T03:52:00,DUL-70,2226.4,Barail,11.59,14.66,117.2,17.88,2344.3,1.2,0.0,50.5,1818.4,1837.9,normal,154.1,DERIVED
2023-12-05T03:53:00,DUL-70,2226.6,Barail,11.26,14.76,119.4,17.13,2334.1,1.2,0.0,52.5,1792.6,1780.1,normal,154.3,DERIVED
2023-12-05T03:54:00,DUL-70,2226.8,Barail,11.05,15.4,120.9,17.22,2335.4,1.2,0.0,47.3,1812.5,1809.2,normal,154.3,DERIVED
2023-12-05T03:55:00,DUL-70,2227.0,Barail,10.92,15.38,118.8,17.9,2352.0,1.2,0.0,48.1,1801.6,1807.5,normal,154.1,DERIVED
2023-12-05T03:56:00,DUL-70,2227.2,Barail,10.77,15.13,119.5,18.66,2339.5,1.2,0.0,52.3,1802.9,1810.8,normal,154.0,DERIVED
2023-12-05T03:57:00,DUL-70,2227.4,Barail,10.85,14.65,119.2,17.65,2323.4,1.2,0.0,52.7,1801.0,1800.2,normal,154.2,DERIVED
2023-12-05T03:58:00,DUL-70,2227.6,Barail,11.29,14.57,117.8,18.43,2324.3,1.2,0.0,53.7,1800.3,1819.0,normal,154.1,DERIVED
2023-12-05T03:59:00,DUL-70,2227.8,Barail,11.5,14.91,119.1,17.87,2346.3,1.2,0.0,49.6,1808.8,1828.5,normal,154.2,DERIVED
