well_id,MD,X,Y,Z,TVD,inclination,azimuth,section,data_status
15_9-23,0.0,0.0,0.0,0.0,0.0,0.0,45.0,Surface Wellhead,OIL_AUTHORIZED
15_9-23,25.0,0.0,0.0,25.0,25.0,0.01,45.0,Vertical Drift,OIL_AUTHORIZED
15_9-23,50.0,0.01,0.01,50.0,50.0,0.03,45.0,Vertical Drift,OIL_AUTHORIZED
15_9-23,75.0,0.02,0.02,75.0,75.0,0.04,45.0,Vertical Drift,OIL_AUTHORIZED
15_9-23,100.0,0.04,0.04,100.0,100.0,0.05,45.0,Vertical Drift,OIL_AUTHORIZED
15_9-23,125.0,0.06,0.06,125.0,125.0,0.06,45.0,Vertical Drift,OIL_AUTHORIZED
15_9-23,150.0,0.08,0.08,150.0,150.0,0.08,45.0,Vertical Drift,OIL_AUTHORIZED
15_9-23,175.0,0.11,0.11,175.0,175.0,0.09,45.0,Vertical Drift,OIL_AUTHORIZED
15_9-23,200.0,0.14,0.14,200.0,200.0,0.1,45.0,Vertical Drift,OIL_AUTHORIZED
15_9-23,225.0,0.18,0.18,225.0,225.0,0.12,45.0,Vertical Drift,OIL_AUTHORIZED
15_9-23,250.0,0.22,0.22,250.0,250.0,0.13,45.0,Vertical Drift,OIL_AUTHORIZED
15_9-23,275.0,0.26,0.26,275.0,275.0,0.14,45.0,Vertical Drift,OIL_AUTHORIZED
15_9-23,300.0,0.31,0.31,300.0,300.0,0.15,45.0,Vertical Drift,OIL_AUTHORIZED
15_9-23,325.0,0.36,0.36,325.0,325.0,0.17,45.0,Vertical Drift,OIL_AUTHORIZED
15_9-23,350.0,0.42,0.42,350.0,350.0,0.18,45.0,Vertical Drift,OIL_AUTHORIZED
15_9-23,375.0,0.48,0.48,375.0,375.0,0.19,45.0,Vertical Drift,OIL_AUTHORIZED
15_9-23,400.0,0.54,0.54,400.0,400.0,0.21,45.0,Vertical Drift,OIL_AUTHORIZED
15_9-23,425.0,0.61,0.61,425.0,425.0,0.22,45.0,Vertical Drift,OIL_AUTHORIZED
15_9-23,450.0,0.68,0.68,450.0,450.0,0.23,45.0,Vertical Drift,OIL_AUTHORIZED
15_9-23,475.0,0.75,0.75,475.0,475.0,0.24,45.0,Vertical Drift,OIL_AUTHORIZED
15_9-23,500.0,0.83,0.83,500.0,500.0,0.26,45.0,Vertical Drift,OIL_AUTHORIZED
15_9-23,525.0,0.92,0.92,525.0,525.0,0.27,45.0,Vertical Drift,OIL_AUTHORIZED
15_9-23,550.0,1.0,1.0,550.0,550.0,0.28,45.0,Vertical Drift,OIL_AUTHORIZED
15_9-23,575.0,1.09,1.09,575.0,575.0,0.3,45.0,Vertical Drift,OIL_AUTHORIZED
15_9-23,600.0,1.19,1.19,600.0,600.0,0.31,45.0,Vertical Drift,OIL_AUTHORIZED
15_9-23,625.0,1.29,1.29,625.0,625.0,0.32,45.0,Vertical Drift,OIL_AUTHORIZED
15_9-23,650.0,1.39,1.39,650.0,650.0,0.33,45.0,Vertical Drift,OIL_AUTHORIZED
15_9-23,675.0,1.5,1.5,675.0,675.0,0.35,45.0,Vertical Drift,OIL_AUTHORIZED
15_9-23,700.0,1.61,1.61,700.0,700.0,0.36,45.0,Vertical Drift,OIL_AUTHORIZED
15_9-23,725.0,1.73,1.73,724.99,724.99,0.37,45.0,Vertical Drift,OIL_AUTHORIZED
15_9-23,750.0,1.84,1.84,749.99,749.99,0.39,45.0,Vertical Drift,OIL_AUTHORIZED
15_9-23,775.0,1.97,1.97,774.99,774.99,0.4,45.0,Vertical Drift,OIL_AUTHORIZED
15_9-23,800.0,2.09,2.09,799.99,799.99,0.41,45.0,Vertical Drift,OIL_AUTHORIZED
15_9-23,825.0,2.23,2.23,824.99,824.99,0.42,45.0,Vertical Drift,OIL_AUTHORIZED
15_9-23,850.0,2.36,2.36,849.99,849.99,0.44,45.0,Vertical Drift,OIL_AUTHORIZED
15_9-23,875.0,2.5,2.5,874.99,874.99,0.45,45.0,Vertical Drift,OIL_AUTHORIZED
15_9-23,900.0,2.64,2.64,899.99,899.99,0.46,45.0,Vertical Drift,OIL_AUTHORIZED
15_9-23,925.0,2.79,2.79,924.99,924.99,0.48,45.0,Vertical Drift,OIL_AUTHORIZED
15_9-23,950.0,2.94,2.94,949.99,949.99,0.49,45.0,Vertical Drift,OIL_AUTHORIZED
15_9-23,975.0,3.09,3.09,974.99,974.99,0.5,45.0,Vertical Drift,OIL_AUTHORIZED
15_9-23,1000.0,3.25,3.25,999.99,999.99,0.51,45.0,Vertical Drift,OIL_AUTHORIZED
15_9-23,1025.0,3.42,3.42,1024.99,1024.99,0.53,45.0,Vertical Drift,OIL_AUTHORIZED
15_9-23,1050.0,3.58,3.58,1049.98,1049.98,0.54,45.0,Vertical Drift,OIL_AUTHORIZED
15_9-23,1075.0,3.75,3.75,1074.98,1074.98,0.55,45.0,Vertical Drift,OIL_AUTHORIZED
15_9-23,1100.0,3.93,3.93,1099.98,1099.98,0.57,45.0,Vertical Drift,OIL_AUTHORIZED
15_9-23,1125.0,4.11,4.11,1124.98,1124.98,0.58,45.0,Vertical Drift,OIL_AUTHORIZED
15_9-23,1150.0,4.29,4.29,1149.98,1149.98,0.59,45.0,Vertical Drift,OIL_AUTHORIZED
15_9-23,1175.0,4.47,4.47,1174.98,1174.98,0.6,45.0,Vertical Drift,OIL_AUTHORIZED
15_9-23,1200.0,4.66,4.66,1199.98,1199.98,0.62,45.0,Vertical Drift,OIL_AUTHORIZED
15_9-23,1225.0,4.86,4.86,1224.97,1224.97,0.63,45.0,Vertical Drift,OIL_AUTHORIZED
15_9-23,1250.0,5.06,5.06,1249.97,1249.97,0.64,45.0,Vertical Drift,OIL_AUTHORIZED
15_9-23,1275.0,5.26,5.26,1274.97,1274.97,0.66,45.0,Vertical Drift,OIL_AUTHORIZED
15_9-23,1300.0,5.47,5.47,1299.97,1299.97,0.67,45.0,Vertical Drift,OIL_AUTHORIZED
15_9-23,1325.0,5.68,5.68,1324.97,1324.97,0.68,45.0,Vertical Drift,OIL_AUTHORIZED
15_9-23,1350.0,5.89,5.89,1349.97,1349.97,0.69,45.0,Vertical Drift,OIL_AUTHORIZED
15_9-23,1375.0,6.11,6.11,1374.96,1374.96,0.71,45.0,Vertical Drift,OIL_AUTHORIZED
15_9-23,1400.0,6.33,6.33,1399.96,1399.96,0.72,45.0,Vertical Drift,OIL_AUTHORIZED
15_9-23,1425.0,6.56,6.56,1424.96,1424.96,0.73,45.0,Vertical Drift,OIL_AUTHORIZED
15_9-23,1450.0,6.79,6.79,1449.96,1449.96,0.75,45.0,Vertical Drift,OIL_AUTHORIZED
15_9-23,1475.0,7.02,7.02,1474.96,1474.96,0.76,45.0,Vertical Drift,OIL_AUTHORIZED
15_9-23,1500.0,7.26,7.26,1499.95,1499.95,0.77,45.0,Vertical Drift,OIL_AUTHORIZED
15_9-23,1525.0,7.5,7.5,1524.95,1524.95,0.78,45.0,Vertical Drift,OIL_AUTHORIZED
15_9-23,1550.0,7.75,7.75,1549.95,1549.95,0.8,45.0,Vertical Drift,OIL_AUTHORIZED
15_9-23,1575.0,8.0,8.0,1574.95,1574.95,0.81,45.0,Vertical Drift,OIL_AUTHORIZED
15_9-23,1600.0,8.25,8.25,1599.94,1599.94,0.82,45.0,Vertical Drift,OIL_AUTHORIZED
15_9-23,1625.0,8.51,8.51,1624.94,1624.94,0.84,45.0,Vertical Drift,OIL_AUTHORIZED
15_9-23,1650.0,8.77,8.77,1649.94,1649.94,0.85,45.0,Vertical Drift,OIL_AUTHORIZED
15_9-23,1675.0,9.04,9.04,1674.94,1674.94,0.86,45.0,Vertical Drift,OIL_AUTHORIZED
15_9-23,1700.0,9.31,9.31,1699.93,1699.93,0.87,45.0,Vertical Drift,OIL_AUTHORIZED
15_9-23,1725.0,9.58,9.58,1724.93,1724.93,0.89,45.0,Vertical Drift,OIL_AUTHORIZED
15_9-23,1750.0,9.86,9.86,1749.93,1749.93,0.9,45.0,Vertical Drift,OIL_AUTHORIZED
15_9-23,1775.0,10.14,10.14,1774.92,1774.92,0.91,45.0,Vertical Drift,OIL_AUTHORIZED
15_9-23,1800.0,10.42,10.42,1799.92,1799.92,0.93,45.0,Vertical Drift,OIL_AUTHORIZED
15_9-23,1825.0,10.71,10.71,1824.92,1824.92,0.94,45.0,Vertical Drift,OIL_AUTHORIZED
15_9-23,1850.0,11.01,11.01,1849.91,1849.91,0.95,45.0,Vertical Drift,OIL_AUTHORIZED
15_9-23,1875.0,11.31,11.31,1874.91,1874.91,0.96,45.0,Vertical Drift,OIL_AUTHORIZED
15_9-23,1900.0,11.61,11.61,1899.91,1899.91,0.98,45.0,Vertical Drift,OIL_AUTHORIZED
15_9-23,1925.0,11.91,11.91,1924.9,1924.9,0.99,45.0,Vertical Drift,OIL_AUTHORIZED
15_9-23,1950.0,12.22,12.22,1949.9,1949.9,1.0,45.0,Vertical Drift,OIL_AUTHORIZED
15_9-23,1975.0,12.53,12.53,1974.89,1974.89,1.02,45.0,Vertical Drift,OIL_AUTHORIZED
15_9-23,2000.0,12.85,12.85,1999.89,1999.89,1.03,45.0,Vertical Drift,OIL_AUTHORIZED
15_9-23,2025.0,13.17,13.17,2024.89,2024.89,1.04,45.0,Vertical Drift,OIL_AUTHORIZED
15_9-23,2050.0,13.5,13.5,2049.88,2049.88,1.05,45.0,Vertical Drift,OIL_AUTHORIZED
15_9-23,2075.0,13.83,13.83,2074.88,2074.88,1.07,45.0,Vertical Drift,OIL_AUTHORIZED
15_9-23,2100.0,14.16,14.16,2099.87,2099.87,1.08,45.0,Vertical Drift,OIL_AUTHORIZED
15_9-23,2125.0,14.5,14.5,2124.87,2124.87,1.09,45.0,Vertical Drift,OIL_AUTHORIZED
15_9-23,2150.0,14.84,14.84,2149.86,2149.86,1.11,45.0,Vertical Drift,OIL_AUTHORIZED
15_9-23,2175.0,15.18,15.18,2174.86,2174.86,1.12,45.0,Vertical Drift,OIL_AUTHORIZED
15_9-23,2200.0,15.53,15.53,2199.85,2199.85,1.13,45.0,Vertical Drift,OIL_AUTHORIZED
15_9-23,2225.0,15.89,15.89,2224.85,2224.85,1.14,45.0,Vertical Drift,OIL_AUTHORIZED
15_9-23,2250.0,16.24,16.24,2249.84,2249.84,1.16,45.0,Vertical Drift,OIL_AUTHORIZED
15_9-23,2275.0,16.6,16.6,2274.84,2274.84,1.17,45.0,Vertical Drift,OIL_AUTHORIZED
15_9-23,2300.0,16.97,16.97,2299.83,2299.83,1.18,45.0,Vertical Drift,OIL_AUTHORIZED
15_9-23,2325.0,17.34,17.34,2324.83,2324.83,1.2,45.0,Vertical Drift,OIL_AUTHORIZED
15_9-23,2350.0,17.71,17.71,2349.82,2349.82,1.21,45.0,Vertical Drift,OIL_AUTHORIZED
15_9-23,2375.0,18.09,18.09,2374.82,2374.82,1.22,45.0,Vertical Drift,OIL_AUTHORIZED
15_9-23,2400.0,18.47,18.47,2399.81,2399.81,1.23,45.0,Vertical Drift,OIL_AUTHORIZED
15_9-23,2425.0,18.85,18.85,2424.81,2424.81,1.25,45.0,Vertical Drift,OIL_AUTHORIZED
15_9-23,2450.0,19.24,19.24,2449.8,2449.8,1.26,45.0,Vertical Drift,OIL_AUTHORIZED
15_9-23,2475.0,19.64,19.64,2474.79,2474.79,1.27,45.0,Vertical Drift,OIL_AUTHORIZED
15_9-23,2500.0,20.03,20.03,2499.79,2499.79,1.29,45.0,Vertical Drift,OIL_AUTHORIZED
15_9-23,2525.0,20.43,20.43,2524.78,2524.78,1.3,45.0,Vertical Drift,OIL_AUTHORIZED
15_9-23,2550.0,20.84,20.84,2549.77,2549.77,1.31,45.0,Vertical Drift,OIL_AUTHORIZED
15_9-23,2575.0,21.25,21.25,2574.77,2574.77,1.32,45.0,Vertical Drift,OIL_AUTHORIZED
15_9-23,2600.0,21.66,21.66,2599.76,2599.76,1.34,45.0,Vertical Drift,OIL_AUTHORIZED
15_9-23,2625.0,22.07,22.07,2624.75,2624.75,1.35,45.0,Vertical Drift,OIL_AUTHORIZED
15_9-23,2650.0,22.49,22.49,2649.75,2649.75,1.36,45.0,Vertical Drift,OIL_AUTHORIZED
15_9-23,2675.0,22.92,22.92,2674.74,2674.74,1.38,45.0,Vertical Drift,OIL_AUTHORIZED
15_9-23,2700.0,23.35,23.35,2699.73,2699.73,1.39,45.0,Vertical Drift,OIL_AUTHORIZED
15_9-23,2725.0,23.78,23.78,2724.72,2724.72,1.4,45.0,Vertical Drift,OIL_AUTHORIZED
15_9-23,2750.0,24.22,24.22,2749.72,2749.72,1.41,45.0,Vertical Drift,OIL_AUTHORIZED
15_9-23,2775.0,24.66,24.66,2774.71,2774.71,1.43,45.0,Vertical Drift,OIL_AUTHORIZED
15_9-23,2800.0,25.1,25.1,2799.7,2799.7,1.44,45.0,Vertical Drift,OIL_AUTHORIZED
15_9-23,2825.0,25.55,25.55,2824.69,2824.69,1.45,45.0,Vertical Drift,OIL_AUTHORIZED
15_9-23,2850.0,26.0,26.0,2849.69,2849.69,1.47,45.0,Vertical Drift,OIL_AUTHORIZED
15_9-23,2875.0,26.46,26.46,2874.68,2874.68,1.48,45.0,Vertical Drift,OIL_AUTHORIZED
15_9-23,2900.0,26.92,26.92,2899.67,2899.67,1.49,45.0,Vertical Drift,OIL_AUTHORIZED
15_9-23,2925.0,27.38,27.38,2924.66,2924.66,1.5,45.0,Vertical Drift,OIL_AUTHORIZED
15_9-23,2950.0,27.85,27.85,2949.65,2949.65,1.52,45.0,Vertical Drift,OIL_AUTHORIZED
15_9-23,2975.0,28.32,28.32,2974.64,2974.64,1.53,45.0,Vertical Drift,OIL_AUTHORIZED
15_9-23,3000.0,28.8,28.8,2999.63,2999.63,1.54,45.0,Vertical Drift,OIL_AUTHORIZED
15_9-23,3025.0,29.28,29.28,3024.62,3024.62,1.56,45.0,Vertical Drift,OIL_AUTHORIZED
15_9-23,3050.0,29.76,29.76,3049.61,3049.61,1.57,45.0,Vertical Drift,OIL_AUTHORIZED
15_9-23,3075.0,30.25,30.25,3074.6,3074.6,1.58,45.0,Vertical Drift,OIL_AUTHORIZED
15_9-23,3100.0,30.74,30.74,3099.6,3099.6,1.59,45.0,Vertical Drift,OIL_AUTHORIZED
15_9-23,3125.0,31.24,31.24,3124.59,3124.59,1.61,45.0,Vertical Drift,OIL_AUTHORIZED
15_9-23,3150.0,31.74,31.74,3149.58,3149.58,1.62,45.0,Vertical Drift,OIL_AUTHORIZED
15_9-23,3175.0,32.24,32.24,3174.57,3174.57,1.63,45.0,Vertical Drift,OIL_AUTHORIZED
15_9-23,3200.0,32.75,32.75,3199.55,3199.55,1.65,45.0,Vertical Drift,OIL_AUTHORIZED
15_9-23,3225.0,33.26,33.26,3224.54,3224.54,1.66,45.0,Vertical Drift,OIL_AUTHORIZED
15_9-23,3250.0,33.78,33.78,3249.53,3249.53,1.67,45.0,Vertical Drift,OIL_AUTHORIZED
15_9-23,3275.0,34.29,34.29,3274.52,3274.52,1.68,45.0,Vertical Drift,OIL_AUTHORIZED
15_9-23,3300.0,34.82,34.82,3299.51,3299.51,1.7,45.0,Vertical Drift,OIL_AUTHORIZED
15_9-23,3325.0,35.35,35.35,3324.5,3324.5,1.71,45.0,Vertical Drift,OIL_AUTHORIZED
15_9-23,3350.0,35.88,35.88,3349.49,3349.49,1.72,45.0,Vertical Drift,OIL_AUTHORIZED
15_9-23,3375.0,36.41,36.41,3374.48,3374.48,1.74,45.0,Vertical Drift,OIL_AUTHORIZED
15_9-23,3400.0,36.95,36.95,3399.47,3399.47,1.75,45.0,Vertical Drift,OIL_AUTHORIZED
15_9-23,3425.0,37.5,37.5,3424.45,3424.45,1.76,45.0,Vertical Drift,OIL_AUTHORIZED
15_9-23,3450.0,38.04,38.04,3449.44,3449.44,1.77,45.0,Vertical Drift,OIL_AUTHORIZED
15_9-23,3475.0,38.59,38.59,3474.43,3474.43,1.79,45.0,Vertical Drift,OIL_AUTHORIZED
15_9-23,3500.0,39.15,39.15,3499.42,3499.42,1.8,45.0,Total Depth (TD Target),OIL_AUTHORIZED
16_2-7,0.0,0.0,0.0,0.0,0.0,0.0,135.0,Surface Wellhead,OIL_AUTHORIZED
16_2-7,25.0,0.0,-0.0,25.0,25.0,0.01,135.0,Vertical Drift,OIL_AUTHORIZED
16_2-7,50.0,0.01,-0.01,50.0,50.0,0.02,135.0,Vertical Drift,OIL_AUTHORIZED
16_2-7,75.0,0.02,-0.02,75.0,75.0,0.03,135.0,Vertical Drift,OIL_AUTHORIZED
16_2-7,100.0,0.03,-0.03,100.0,100.0,0.04,135.0,Vertical Drift,OIL_AUTHORIZED
16_2-7,125.0,0.05,-0.05,125.0,125.0,0.05,135.0,Vertical Drift,OIL_AUTHORIZED
16_2-7,150.0,0.07,-0.07,150.0,150.0,0.07,135.0,Vertical Drift,OIL_AUTHORIZED
16_2-7,175.0,0.09,-0.09,175.0,175.0,0.08,135.0,Vertical Drift,OIL_AUTHORIZED
16_2-7,200.0,0.12,-0.12,200.0,200.0,0.09,135.0,Vertical Drift,OIL_AUTHORIZED
16_2-7,225.0,0.15,-0.15,225.0,225.0,0.1,135.0,Vertical Drift,OIL_AUTHORIZED
16_2-7,250.0,0.18,-0.18,250.0,250.0,0.11,135.0,Vertical Drift,OIL_AUTHORIZED
16_2-7,275.0,0.22,-0.22,275.0,275.0,0.12,135.0,Vertical Drift,OIL_AUTHORIZED
16_2-7,300.0,0.26,-0.26,300.0,300.0,0.13,135.0,Vertical Drift,OIL_AUTHORIZED
16_2-7,325.0,0.31,-0.31,325.0,325.0,0.14,135.0,Vertical Drift,OIL_AUTHORIZED
16_2-7,350.0,0.35,-0.35,350.0,350.0,0.15,135.0,Vertical Drift,OIL_AUTHORIZED
16_2-7,375.0,0.4,-0.4,375.0,375.0,0.16,135.0,Vertical Drift,OIL_AUTHORIZED
16_2-7,400.0,0.46,-0.46,400.0,400.0,0.17,135.0,Vertical Drift,OIL_AUTHORIZED
16_2-7,425.0,0.51,-0.51,425.0,425.0,0.18,135.0,Vertical Drift,OIL_AUTHORIZED
16_2-7,450.0,0.57,-0.57,450.0,450.0,0.2,135.0,Vertical Drift,OIL_AUTHORIZED
16_2-7,475.0,0.64,-0.64,475.0,475.0,0.21,135.0,Vertical Drift,OIL_AUTHORIZED
16_2-7,500.0,0.7,-0.7,500.0,500.0,0.22,135.0,Vertical Drift,OIL_AUTHORIZED
16_2-7,525.0,0.77,-0.77,525.0,525.0,0.23,135.0,Vertical Drift,OIL_AUTHORIZED
16_2-7,550.0,0.85,-0.85,550.0,550.0,0.24,135.0,Vertical Drift,OIL_AUTHORIZED
16_2-7,575.0,0.93,-0.93,575.0,575.0,0.25,135.0,Vertical Drift,OIL_AUTHORIZED
16_2-7,600.0,1.01,-1.01,600.0,600.0,0.26,135.0,Vertical Drift,OIL_AUTHORIZED
16_2-7,625.0,1.09,-1.09,625.0,625.0,0.27,135.0,Vertical Drift,OIL_AUTHORIZED
16_2-7,650.0,1.18,-1.18,650.0,650.0,0.28,135.0,Vertical Drift,OIL_AUTHORIZED
16_2-7,675.0,1.27,-1.27,675.0,675.0,0.29,135.0,Vertical Drift,OIL_AUTHORIZED
16_2-7,700.0,1.36,-1.36,700.0,700.0,0.3,135.0,Vertical Drift,OIL_AUTHORIZED
16_2-7,725.0,1.46,-1.46,725.0,725.0,0.32,135.0,Vertical Drift,OIL_AUTHORIZED
16_2-7,750.0,1.56,-1.56,750.0,750.0,0.33,135.0,Vertical Drift,OIL_AUTHORIZED
16_2-7,775.0,1.66,-1.66,775.0,775.0,0.34,135.0,Vertical Drift,OIL_AUTHORIZED
16_2-7,800.0,1.77,-1.77,799.99,799.99,0.35,135.0,Vertical Drift,OIL_AUTHORIZED
16_2-7,825.0,1.88,-1.88,824.99,824.99,0.36,135.0,Vertical Drift,OIL_AUTHORIZED
16_2-7,850.0,2.0,-2.0,849.99,849.99,0.37,135.0,Vertical Drift,OIL_AUTHORIZED
16_2-7,875.0,2.11,-2.11,874.99,874.99,0.38,135.0,Vertical Drift,OIL_AUTHORIZED
16_2-7,900.0,2.23,-2.23,899.99,899.99,0.39,135.0,Vertical Drift,OIL_AUTHORIZED
16_2-7,925.0,2.36,-2.36,924.99,924.99,0.4,135.0,Vertical Drift,OIL_AUTHORIZED
16_2-7,950.0,2.49,-2.49,949.99,949.99,0.41,135.0,Vertical Drift,OIL_AUTHORIZED
16_2-7,975.0,2.62,-2.62,974.99,974.99,0.42,135.0,Vertical Drift,OIL_AUTHORIZED
16_2-7,1000.0,2.75,-2.75,999.99,999.99,0.43,135.0,Vertical Drift,OIL_AUTHORIZED
16_2-7,1025.0,2.89,-2.89,1024.99,1024.99,0.45,135.0,Vertical Drift,OIL_AUTHORIZED
16_2-7,1050.0,3.03,-3.03,1049.99,1049.99,0.46,135.0,Vertical Drift,OIL_AUTHORIZED
16_2-7,1075.0,3.17,-3.17,1074.99,1074.99,0.47,135.0,Vertical Drift,OIL_AUTHORIZED
16_2-7,1100.0,3.32,-3.32,1099.99,1099.99,0.48,135.0,Vertical Drift,OIL_AUTHORIZED
16_2-7,1125.0,3.47,-3.47,1124.99,1124.99,0.49,135.0,Vertical Drift,OIL_AUTHORIZED
16_2-7,1150.0,3.63,-3.63,1149.98,1149.98,0.5,135.0,Vertical Drift,OIL_AUTHORIZED
16_2-7,1175.0,3.78,-3.78,1174.98,1174.98,0.51,135.0,Vertical Drift,OIL_AUTHORIZED
16_2-7,1200.0,3.94,-3.94,1199.98,1199.98,0.52,135.0,Vertical Drift,OIL_AUTHORIZED
16_2-7,1225.0,4.11,-4.11,1224.98,1224.98,0.53,135.0,Vertical Drift,OIL_AUTHORIZED
16_2-7,1250.0,4.28,-4.28,1249.98,1249.98,0.54,135.0,Vertical Drift,OIL_AUTHORIZED
16_2-7,1275.0,4.45,-4.45,1274.98,1274.98,0.55,135.0,Vertical Drift,OIL_AUTHORIZED
16_2-7,1300.0,4.62,-4.62,1299.98,1299.98,0.57,135.0,Vertical Drift,OIL_AUTHORIZED
16_2-7,1325.0,4.8,-4.8,1324.98,1324.98,0.58,135.0,Vertical Drift,OIL_AUTHORIZED
16_2-7,1350.0,4.98,-4.98,1349.98,1349.98,0.59,135.0,Vertical Drift,OIL_AUTHORIZED
16_2-7,1375.0,5.16,-5.16,1374.97,1374.97,0.6,135.0,Vertical Drift,OIL_AUTHORIZED
16_2-7,1400.0,5.35,-5.35,1399.97,1399.97,0.61,135.0,Vertical Drift,OIL_AUTHORIZED
16_2-7,1425.0,5.54,-5.54,1424.97,1424.97,0.62,135.0,Vertical Drift,OIL_AUTHORIZED
16_2-7,1450.0,5.74,-5.74,1449.97,1449.97,0.63,135.0,Vertical Drift,OIL_AUTHORIZED
16_2-7,1475.0,5.94,-5.94,1474.97,1474.97,0.64,135.0,Vertical Drift,OIL_AUTHORIZED
16_2-7,1500.0,6.14,-6.14,1499.97,1499.97,0.65,135.0,Vertical Drift,OIL_AUTHORIZED
16_2-7,1525.0,6.34,-6.34,1524.97,1524.97,0.66,135.0,Vertical Drift,OIL_AUTHORIZED
16_2-7,1550.0,6.55,-6.55,1549.96,1549.96,0.67,135.0,Vertical Drift,OIL_AUTHORIZED
16_2-7,1575.0,6.76,-6.76,1574.96,1574.96,0.68,135.0,Vertical Drift,OIL_AUTHORIZED
16_2-7,1600.0,6.98,-6.98,1599.96,1599.96,0.7,135.0,Vertical Drift,OIL_AUTHORIZED
16_2-7,1625.0,7.19,-7.19,1624.96,1624.96,0.71,135.0,Vertical Drift,OIL_AUTHORIZED
16_2-7,1650.0,7.41,-7.41,1649.96,1649.96,0.72,135.0,Vertical Drift,OIL_AUTHORIZED
16_2-7,1675.0,7.64,-7.64,1674.95,1674.95,0.73,135.0,Vertical Drift,OIL_AUTHORIZED
16_2-7,1700.0,7.87,-7.87,1699.95,1699.95,0.74,135.0,Vertical Drift,OIL_AUTHORIZED
16_2-7,1725.0,8.1,-8.1,1724.95,1724.95,0.75,135.0,Vertical Drift,OIL_AUTHORIZED
16_2-7,1750.0,8.33,-8.33,1749.95,1749.95,0.76,135.0,Vertical Drift,OIL_AUTHORIZED
16_2-7,1775.0,8.57,-8.57,1774.95,1774.95,0.77,135.0,Vertical Drift,OIL_AUTHORIZED
16_2-7,1800.0,8.81,-8.81,1799.94,1799.94,0.78,135.0,Vertical Drift,OIL_AUTHORIZED
16_2-7,1825.0,9.06,-9.06,1824.94,1824.94,0.79,135.0,Vertical Drift,OIL_AUTHORIZED
16_2-7,1850.0,9.31,-9.31,1849.94,1849.94,0.8,135.0,Vertical Drift,OIL_AUTHORIZED
16_2-7,1875.0,9.56,-9.56,1874.94,1874.94,0.82,135.0,Vertical Drift,OIL_AUTHORIZED
16_2-7,1900.0,9.81,-9.81,1899.93,1899.93,0.83,135.0,Vertical Drift,OIL_AUTHORIZED
16_2-7,1925.0,10.07,-10.07,1924.93,1924.93,0.84,135.0,Vertical Drift,OIL_AUTHORIZED
16_2-7,1950.0,10.33,-10.33,1949.93,1949.93,0.85,135.0,Vertical Drift,OIL_AUTHORIZED
16_2-7,1975.0,10.6,-10.6,1974.92,1974.92,0.86,135.0,Vertical Drift,OIL_AUTHORIZED
16_2-7,2000.0,10.87,-10.87,1999.92,1999.92,0.87,135.0,Vertical Drift,OIL_AUTHORIZED
16_2-7,2025.0,11.14,-11.14,2024.92,2024.92,0.88,135.0,Vertical Drift,OIL_AUTHORIZED
16_2-7,2050.0,11.41,-11.41,2049.92,2049.92,0.89,135.0,Vertical Drift,OIL_AUTHORIZED
16_2-7,2075.0,11.69,-11.69,2074.91,2074.91,0.9,135.0,Vertical Drift,OIL_AUTHORIZED
16_2-7,2100.0,11.97,-11.97,2099.91,2099.91,0.91,135.0,Vertical Drift,OIL_AUTHORIZED
16_2-7,2125.0,12.26,-12.26,2124.91,2124.91,0.92,135.0,Vertical Drift,OIL_AUTHORIZED
16_2-7,2150.0,12.55,-12.55,2149.9,2149.9,0.93,135.0,Vertical Drift,OIL_AUTHORIZED
16_2-7,2175.0,12.84,-12.84,2174.9,2174.9,0.95,135.0,Vertical Drift,OIL_AUTHORIZED
16_2-7,2200.0,13.13,-13.13,2199.9,2199.9,0.96,135.0,Vertical Drift,OIL_AUTHORIZED
16_2-7,2225.0,13.43,-13.43,2224.89,2224.89,0.97,135.0,Vertical Drift,OIL_AUTHORIZED
16_2-7,2250.0,13.73,-13.73,2249.89,2249.89,0.98,135.0,Vertical Drift,OIL_AUTHORIZED
16_2-7,2275.0,14.04,-14.04,2274.89,2274.89,0.99,135.0,Vertical Drift,OIL_AUTHORIZED
16_2-7,2300.0,14.35,-14.35,2299.88,2299.88,1.0,135.0,Vertical Drift,OIL_AUTHORIZED
16_2-7,2325.0,14.66,-14.66,2324.88,2324.88,1.01,135.0,Vertical Drift,OIL_AUTHORIZED
16_2-7,2350.0,14.97,-14.97,2349.87,2349.87,1.02,135.0,Vertical Drift,OIL_AUTHORIZED
16_2-7,2375.0,15.29,-15.29,2374.87,2374.87,1.03,135.0,Vertical Drift,OIL_AUTHORIZED
16_2-7,2400.0,15.61,-15.61,2399.87,2399.87,1.04,135.0,Vertical Drift,OIL_AUTHORIZED
16_2-7,2425.0,15.94,-15.94,2424.86,2424.86,1.05,135.0,Vertical Drift,OIL_AUTHORIZED
16_2-7,2450.0,16.27,-16.27,2449.86,2449.86,1.07,135.0,Vertical Drift,OIL_AUTHORIZED
16_2-7,2475.0,16.6,-16.6,2474.85,2474.85,1.08,135.0,Vertical Drift,OIL_AUTHORIZED
16_2-7,2500.0,16.94,-16.94,2499.85,2499.85,1.09,135.0,Vertical Drift,OIL_AUTHORIZED
16_2-7,2525.0,17.27,-17.27,2524.84,2524.84,1.1,135.0,Vertical Drift,OIL_AUTHORIZED
16_2-7,2550.0,17.62,-17.62,2549.84,2549.84,1.11,135.0,Vertical Drift,OIL_AUTHORIZED
16_2-7,2575.0,17.96,-17.96,2574.83,2574.83,1.12,135.0,Vertical Drift,OIL_AUTHORIZED
16_2-7,2600.0,18.31,-18.31,2599.83,2599.83,1.13,135.0,Vertical Drift,OIL_AUTHORIZED
16_2-7,2625.0,18.66,-18.66,2624.82,2624.82,1.14,135.0,Vertical Drift,OIL_AUTHORIZED
16_2-7,2650.0,19.02,-19.02,2649.82,2649.82,1.15,135.0,Vertical Drift,OIL_AUTHORIZED
16_2-7,2675.0,19.38,-19.38,2674.81,2674.81,1.16,135.0,Vertical Drift,OIL_AUTHORIZED
16_2-7,2700.0,19.74,-19.74,2699.81,2699.81,1.17,135.0,Vertical Drift,OIL_AUTHORIZED
16_2-7,2725.0,20.1,-20.1,2724.8,2724.8,1.18,135.0,Vertical Drift,OIL_AUTHORIZED
16_2-7,2750.0,20.47,-20.47,2749.8,2749.8,1.2,135.0,Vertical Drift,OIL_AUTHORIZED
16_2-7,2775.0,20.85,-20.85,2774.79,2774.79,1.21,135.0,Vertical Drift,OIL_AUTHORIZED
16_2-7,2800.0,21.22,-21.22,2799.79,2799.79,1.22,135.0,Vertical Drift,OIL_AUTHORIZED
16_2-7,2825.0,21.6,-21.6,2824.78,2824.78,1.23,135.0,Vertical Drift,OIL_AUTHORIZED
16_2-7,2850.0,21.98,-21.98,2849.77,2849.77,1.24,135.0,Vertical Drift,OIL_AUTHORIZED
16_2-7,2875.0,22.37,-22.37,2874.77,2874.77,1.25,135.0,Vertical Drift,OIL_AUTHORIZED
16_2-7,2900.0,22.76,-22.76,2899.76,2899.76,1.26,135.0,Vertical Drift,OIL_AUTHORIZED
16_2-7,2925.0,23.15,-23.15,2924.76,2924.76,1.27,135.0,Vertical Drift,OIL_AUTHORIZED
16_2-7,2950.0,23.54,-23.54,2949.75,2949.75,1.28,135.0,Vertical Drift,OIL_AUTHORIZED
16_2-7,2975.0,23.94,-23.94,2974.74,2974.74,1.29,135.0,Vertical Drift,OIL_AUTHORIZED
16_2-7,3000.0,24.35,-24.35,2999.74,2999.74,1.3,135.0,Vertical Drift,OIL_AUTHORIZED
16_2-7,3025.0,24.75,-24.75,3024.73,3024.73,1.32,135.0,Vertical Drift,OIL_AUTHORIZED
16_2-7,3050.0,25.16,-25.16,3049.72,3049.72,1.33,135.0,Vertical Drift,OIL_AUTHORIZED
16_2-7,3075.0,25.57,-25.57,3074.72,3074.72,1.34,135.0,Vertical Drift,OIL_AUTHORIZED
16_2-7,3100.0,25.99,-25.99,3099.71,3099.71,1.35,135.0,Vertical Drift,OIL_AUTHORIZED
16_2-7,3125.0,26.41,-26.41,3124.7,3124.7,1.36,135.0,Vertical Drift,OIL_AUTHORIZED
16_2-7,3150.0,26.83,-26.83,3149.7,3149.7,1.37,135.0,Vertical Drift,OIL_AUTHORIZED
16_2-7,3175.0,27.26,-27.26,3174.69,3174.69,1.38,135.0,Vertical Drift,OIL_AUTHORIZED
16_2-7,3200.0,27.69,-27.69,3199.68,3199.68,1.39,135.0,Vertical Drift,OIL_AUTHORIZED
16_2-7,3225.0,28.12,-28.12,3224.67,3224.67,1.4,135.0,Vertical Drift,OIL_AUTHORIZED
16_2-7,3250.0,28.55,-28.55,3249.67,3249.67,1.41,135.0,Vertical Drift,OIL_AUTHORIZED
16_2-7,3275.0,28.99,-28.99,3274.66,3274.66,1.42,135.0,Vertical Drift,OIL_AUTHORIZED
16_2-7,3300.0,29.44,-29.44,3299.65,3299.65,1.43,135.0,Vertical Drift,OIL_AUTHORIZED
16_2-7,3325.0,29.88,-29.88,3324.64,3324.64,1.45,135.0,Vertical Drift,OIL_AUTHORIZED
16_2-7,3350.0,30.33,-30.33,3349.64,3349.64,1.46,135.0,Vertical Drift,OIL_AUTHORIZED
16_2-7,3375.0,30.78,-30.78,3374.63,3374.63,1.47,135.0,Vertical Drift,OIL_AUTHORIZED
16_2-7,3400.0,31.24,-31.24,3399.62,3399.62,1.48,135.0,Vertical Drift,OIL_AUTHORIZED
16_2-7,3425.0,31.7,-31.7,3424.61,3424.61,1.49,135.0,Vertical Drift,OIL_AUTHORIZED
16_2-7,3450.0,32.16,-32.16,3449.6,3449.6,1.5,135.0,Total Depth (TD Target),OIL_AUTHORIZED
34_10_16,0.0,0.0,0.0,0.0,0.0,0.0,270.0,Surface Wellhead,OIL_AUTHORIZED
34_10_16,25.0,-0.01,-0.0,25.0,25.0,0.02,270.0,Vertical Drift,OIL_AUTHORIZED
34_10_16,50.0,-0.02,-0.0,50.0,50.0,0.03,270.0,Vertical Drift,OIL_AUTHORIZED
34_10_16,75.0,-0.04,-0.0,75.0,75.0,0.05,270.0,Vertical Drift,OIL_AUTHORIZED
34_10_16,100.0,-0.07,-0.0,100.0,100.0,0.06,270.0,Vertical Drift,OIL_AUTHORIZED
34_10_16,125.0,-0.1,-0.0,125.0,125.0,0.08,270.0,Vertical Drift,OIL_AUTHORIZED
34_10_16,150.0,-0.14,-0.0,150.0,150.0,0.09,270.0,Vertical Drift,OIL_AUTHORIZED
34_10_16,175.0,-0.19,-0.0,175.0,175.0,0.11,270.0,Vertical Drift,OIL_AUTHORIZED
34_10_16,200.0,-0.25,-0.0,200.0,200.0,0.12,270.0,Vertical Drift,OIL_AUTHORIZED
34_10_16,225.0,-0.31,-0.0,225.0,225.0,0.14,270.0,Vertical Drift,OIL_AUTHORIZED
34_10_16,250.0,-0.37,-0.0,250.0,250.0,0.16,270.0,Vertical Drift,OIL_AUTHORIZED
34_10_16,275.0,-0.45,-0.0,275.0,275.0,0.17,270.0,Vertical Drift,OIL_AUTHORIZED
34_10_16,300.0,-0.53,-0.0,300.0,300.0,0.19,270.0,Vertical Drift,OIL_AUTHORIZED
34_10_16,325.0,-0.62,-0.0,325.0,325.0,0.2,270.0,Vertical Drift,OIL_AUTHORIZED
34_10_16,350.0,-0.72,-0.0,350.0,350.0,0.22,270.0,Vertical Drift,OIL_AUTHORIZED
34_10_16,375.0,-0.82,-0.0,375.0,375.0,0.23,270.0,Vertical Drift,OIL_AUTHORIZED
34_10_16,400.0,-0.93,-0.0,400.0,400.0,0.25,270.0,Vertical Drift,OIL_AUTHORIZED
34_10_16,425.0,-1.04,-0.0,425.0,425.0,0.27,270.0,Vertical Drift,OIL_AUTHORIZED
34_10_16,450.0,-1.17,-0.0,450.0,450.0,0.28,270.0,Vertical Drift,OIL_AUTHORIZED
34_10_16,475.0,-1.3,-0.0,475.0,475.0,0.3,270.0,Vertical Drift,OIL_AUTHORIZED
34_10_16,500.0,-1.43,-0.0,500.0,500.0,0.31,270.0,Vertical Drift,OIL_AUTHORIZED
34_10_16,525.0,-1.57,-0.0,525.0,525.0,0.33,270.0,Vertical Drift,OIL_AUTHORIZED
34_10_16,550.0,-1.72,-0.0,550.0,550.0,0.34,270.0,Vertical Drift,OIL_AUTHORIZED
34_10_16,575.0,-1.88,-0.0,575.0,575.0,0.36,270.0,Vertical Drift,OIL_AUTHORIZED
34_10_16,600.0,-2.05,-0.0,600.0,600.0,0.38,270.0,Vertical Drift,OIL_AUTHORIZED
34_10_16,625.0,-2.22,-0.0,624.99,624.99,0.39,270.0,Vertical Drift,OIL_AUTHORIZED
34_10_16,650.0,-2.39,-0.0,649.99,649.99,0.41,270.0,Vertical Drift,OIL_AUTHORIZED
34_10_16,675.0,-2.58,-0.0,674.99,674.99,0.42,270.0,Vertical Drift,OIL_AUTHORIZED
34_10_16,700.0,-2.77,-0.0,699.99,699.99,0.44,270.0,Vertical Drift,OIL_AUTHORIZED
34_10_16,725.0,-2.97,-0.0,724.99,724.99,0.45,270.0,Vertical Drift,OIL_AUTHORIZED
34_10_16,750.0,-3.17,-0.0,749.99,749.99,0.47,270.0,Vertical Drift,OIL_AUTHORIZED
34_10_16,775.0,-3.38,-0.0,774.99,774.99,0.48,270.0,Vertical Drift,OIL_AUTHORIZED
34_10_16,800.0,-3.6,-0.0,799.99,799.99,0.5,270.0,Vertical Drift,OIL_AUTHORIZED
34_10_16,825.0,-3.82,-0.0,824.99,824.99,0.52,270.0,Vertical Drift,OIL_AUTHORIZED
34_10_16,850.0,-4.06,-0.0,849.99,849.99,0.53,270.0,Vertical Drift,OIL_AUTHORIZED
34_10_16,875.0,-4.3,-0.0,874.99,874.99,0.55,270.0,Vertical Drift,OIL_AUTHORIZED
34_10_16,900.0,-4.54,-0.0,899.98,899.98,0.56,270.0,Vertical Drift,OIL_AUTHORIZED
34_10_16,925.0,-4.79,-0.0,924.98,924.98,0.58,270.0,Vertical Drift,OIL_AUTHORIZED
34_10_16,950.0,-5.05,-0.0,949.98,949.98,0.59,270.0,Vertical Drift,OIL_AUTHORIZED
34_10_16,975.0,-5.32,-0.0,974.98,974.98,0.61,270.0,Vertical Drift,OIL_AUTHORIZED
34_10_16,1000.0,-5.59,-0.0,999.98,999.98,0.63,270.0,Vertical Drift,OIL_AUTHORIZED
34_10_16,1025.0,-5.87,-0.0,1024.98,1024.98,0.64,270.0,Vertical Drift,OIL_AUTHORIZED
34_10_16,1050.0,-6.16,-0.0,1049.98,1049.98,0.66,270.0,Vertical Drift,OIL_AUTHORIZED
34_10_16,1075.0,-6.45,-0.0,1074.97,1074.97,0.67,270.0,Vertical Drift,OIL_AUTHORIZED
34_10_16,1100.0,-6.75,-0.0,1099.97,1099.97,0.69,270.0,Vertical Drift,OIL_AUTHORIZED
34_10_16,1125.0,-7.06,-0.0,1124.97,1124.97,0.7,270.0,Vertical Drift,OIL_AUTHORIZED
34_10_16,1150.0,-7.37,-0.0,1149.97,1149.97,0.72,270.0,Vertical Drift,OIL_AUTHORIZED
34_10_16,1175.0,-7.69,-0.0,1174.97,1174.97,0.73,270.0,Vertical Drift,OIL_AUTHORIZED
34_10_16,1200.0,-8.02,-0.0,1199.96,1199.96,0.75,270.0,Vertical Drift,OIL_AUTHORIZED
34_10_16,1225.0,-8.35,-0.0,1224.96,1224.96,0.77,270.0,Vertical Drift,OIL_AUTHORIZED
34_10_16,1250.0,-8.69,-0.0,1249.96,1249.96,0.78,270.0,Vertical Drift,OIL_AUTHORIZED
34_10_16,1275.0,-9.04,-0.0,1274.96,1274.96,0.8,270.0,Vertical Drift,OIL_AUTHORIZED
34_10_16,1300.0,-9.39,-0.0,1299.96,1299.96,0.81,270.0,Vertical Drift,OIL_AUTHORIZED
34_10_16,1325.0,-9.76,-0.0,1324.95,1324.95,0.83,270.0,Vertical Drift,OIL_AUTHORIZED
34_10_16,1350.0,-10.12,-0.0,1349.95,1349.95,0.84,270.0,Vertical Drift,OIL_AUTHORIZED
34_10_16,1375.0,-10.5,-0.0,1374.95,1374.95,0.86,270.0,Vertical Drift,OIL_AUTHORIZED
34_10_16,1400.0,-10.88,-0.0,1399.94,1399.94,0.88,270.0,Vertical Drift,OIL_AUTHORIZED
34_10_16,1425.0,-11.27,-0.0,1424.94,1424.94,0.89,270.0,Vertical Drift,OIL_AUTHORIZED
34_10_16,1450.0,-11.66,-0.0,1449.94,1449.94,0.91,270.0,Vertical Drift,OIL_AUTHORIZED
34_10_16,1475.0,-12.07,-0.0,1474.93,1474.93,0.92,270.0,Vertical Drift,OIL_AUTHORIZED
34_10_16,1500.0,-12.48,-0.0,1499.93,1499.93,0.94,270.0,Vertical Drift,OIL_AUTHORIZED
34_10_16,1525.0,-12.89,-0.0,1524.93,1524.93,0.95,270.0,Vertical Drift,OIL_AUTHORIZED
34_10_16,1550.0,-13.31,-0.0,1549.92,1549.92,0.97,270.0,Vertical Drift,OIL_AUTHORIZED
34_10_16,1575.0,-13.74,-0.0,1574.92,1574.92,0.98,270.0,Vertical Drift,OIL_AUTHORIZED
34_10_16,1600.0,-14.18,-0.0,1599.92,1599.92,1.0,270.0,Vertical Drift,OIL_AUTHORIZED
34_10_16,1625.0,-14.62,-0.0,1624.91,1624.91,1.02,270.0,Vertical Drift,OIL_AUTHORIZED
34_10_16,1650.0,-15.07,-0.0,1649.91,1649.91,1.03,270.0,Vertical Drift,OIL_AUTHORIZED
34_10_16,1675.0,-15.53,-0.0,1674.9,1674.9,1.05,270.0,Vertical Drift,OIL_AUTHORIZED
34_10_16,1700.0,-15.99,-0.0,1699.9,1699.9,1.06,270.0,Vertical Drift,OIL_AUTHORIZED
34_10_16,1725.0,-16.46,-0.0,1724.9,1724.9,1.08,270.0,Vertical Drift,OIL_AUTHORIZED
34_10_16,1750.0,-16.94,-0.0,1749.89,1749.89,1.09,270.0,Vertical Drift,OIL_AUTHORIZED
34_10_16,1775.0,-17.43,-0.0,1774.89,1774.89,1.11,270.0,Vertical Drift,OIL_AUTHORIZED
34_10_16,1800.0,-17.92,-0.0,1799.88,1799.88,1.12,270.0,Vertical Drift,OIL_AUTHORIZED
34_10_16,1825.0,-18.41,-0.0,1824.88,1824.88,1.14,270.0,Vertical Drift,OIL_AUTHORIZED
34_10_16,1850.0,-18.92,-0.0,1849.87,1849.87,1.16,270.0,Vertical Drift,OIL_AUTHORIZED
34_10_16,1875.0,-19.43,-0.0,1874.87,1874.87,1.17,270.0,Vertical Drift,OIL_AUTHORIZED
34_10_16,1900.0,-19.95,-0.0,1899.86,1899.86,1.19,270.0,Vertical Drift,OIL_AUTHORIZED
34_10_16,1925.0,-20.47,-0.0,1924.86,1924.86,1.2,270.0,Vertical Drift,OIL_AUTHORIZED
34_10_16,1950.0,-21.0,-0.0,1949.85,1949.85,1.22,270.0,Vertical Drift,OIL_AUTHORIZED
34_10_16,1975.0,-21.54,-0.0,1974.84,1974.84,1.23,270.0,Vertical Drift,OIL_AUTHORIZED
34_10_16,2000.0,-22.09,-0.0,1999.84,1999.84,1.25,270.0,Vertical Drift,OIL_AUTHORIZED
34_10_16,2025.0,-22.64,-0.0,2024.83,2024.83,1.27,270.0,Vertical Drift,OIL_AUTHORIZED
34_10_16,2050.0,-23.2,-0.0,2049.83,2049.83,1.28,270.0,Vertical Drift,OIL_AUTHORIZED
34_10_16,2075.0,-23.77,-0.0,2074.82,2074.82,1.3,270.0,Vertical Drift,OIL_AUTHORIZED
34_10_16,2100.0,-24.34,-0.0,2099.81,2099.81,1.31,270.0,Vertical Drift,OIL_AUTHORIZED
34_10_16,2125.0,-24.92,-0.0,2124.81,2124.81,1.33,270.0,Vertical Drift,OIL_AUTHORIZED
34_10_16,2150.0,-25.5,-0.0,2149.8,2149.8,1.34,270.0,Vertical Drift,OIL_AUTHORIZED
34_10_16,2175.0,-26.1,-0.0,2174.79,2174.79,1.36,270.0,Vertical Drift,OIL_AUTHORIZED
34_10_16,2200.0,-26.7,-0.0,2199.79,2199.79,1.38,270.0,Vertical Drift,OIL_AUTHORIZED
34_10_16,2225.0,-27.3,-0.0,2224.78,2224.78,1.39,270.0,Vertical Drift,OIL_AUTHORIZED
34_10_16,2250.0,-27.92,-0.0,2249.77,2249.77,1.41,270.0,Vertical Drift,OIL_AUTHORIZED
34_10_16,2275.0,-28.54,-0.0,2274.76,2274.76,1.42,270.0,Vertical Drift,OIL_AUTHORIZED
34_10_16,2300.0,-29.16,-0.0,2299.75,2299.75,1.44,270.0,Vertical Drift,OIL_AUTHORIZED
34_10_16,2325.0,-29.8,-0.0,2324.75,2324.75,1.45,270.0,Vertical Drift,OIL_AUTHORIZED
34_10_16,2350.0,-30.44,-0.0,2349.74,2349.74,1.47,270.0,Vertical Drift,OIL_AUTHORIZED
34_10_16,2375.0,-31.09,-0.0,2374.73,2374.73,1.48,270.0,Vertical Drift,OIL_AUTHORIZED
34_10_16,2400.0,-31.74,-0.0,2399.72,2399.72,1.5,270.0,Vertical Drift,OIL_AUTHORIZED
34_10_16,2425.0,-32.4,-0.0,2424.71,2424.71,1.52,270.0,Vertical Drift,OIL_AUTHORIZED
34_10_16,2450.0,-33.07,-0.0,2449.7,2449.7,1.53,270.0,Vertical Drift,OIL_AUTHORIZED
34_10_16,2475.0,-33.75,-0.0,2474.69,2474.69,1.55,270.0,Vertical Drift,OIL_AUTHORIZED
34_10_16,2500.0,-34.43,-0.0,2499.69,2499.69,1.56,270.0,Vertical Drift,OIL_AUTHORIZED
34_10_16,2525.0,-35.12,-0.0,2524.68,2524.68,1.58,270.0,Vertical Drift,OIL_AUTHORIZED
34_10_16,2550.0,-35.81,-0.0,2549.67,2549.67,1.59,270.0,Vertical Drift,OIL_AUTHORIZED
34_10_16,2575.0,-36.51,-0.0,2574.66,2574.66,1.61,270.0,Vertical Drift,OIL_AUTHORIZED
34_10_16,2600.0,-37.22,-0.0,2599.65,2599.65,1.63,270.0,Vertical Drift,OIL_AUTHORIZED
34_10_16,2625.0,-37.94,-0.0,2624.64,2624.64,1.64,270.0,Vertical Drift,OIL_AUTHORIZED
34_10_16,2650.0,-38.66,-0.0,2649.63,2649.63,1.66,270.0,Vertical Drift,OIL_AUTHORIZED
34_10_16,2675.0,-39.39,-0.0,2674.62,2674.62,1.67,270.0,Vertical Drift,OIL_AUTHORIZED
34_10_16,2700.0,-40.13,-0.0,2699.6,2699.6,1.69,270.0,Vertical Drift,OIL_AUTHORIZED
34_10_16,2725.0,-40.87,-0.0,2724.59,2724.59,1.7,270.0,Vertical Drift,OIL_AUTHORIZED
34_10_16,2750.0,-41.62,-0.0,2749.58,2749.58,1.72,270.0,Vertical Drift,OIL_AUTHORIZED
34_10_16,2775.0,-42.38,-0.0,2774.57,2774.57,1.73,270.0,Vertical Drift,OIL_AUTHORIZED
34_10_16,2800.0,-43.14,-0.0,2799.56,2799.56,1.75,270.0,Vertical Drift,OIL_AUTHORIZED
34_10_16,2825.0,-43.91,-0.0,2824.55,2824.55,1.77,270.0,Vertical Drift,OIL_AUTHORIZED
34_10_16,2850.0,-44.69,-0.0,2849.53,2849.53,1.78,270.0,Vertical Drift,OIL_AUTHORIZED
34_10_16,2875.0,-45.47,-0.0,2874.52,2874.52,1.8,270.0,Vertical Drift,OIL_AUTHORIZED
34_10_16,2900.0,-46.26,-0.0,2899.51,2899.51,1.81,270.0,Vertical Drift,OIL_AUTHORIZED
34_10_16,2925.0,-47.06,-0.0,2924.5,2924.5,1.83,270.0,Vertical Drift,OIL_AUTHORIZED
34_10_16,2950.0,-47.86,-0.0,2949.48,2949.48,1.84,270.0,Vertical Drift,OIL_AUTHORIZED
34_10_16,2975.0,-48.67,-0.0,2974.47,2974.47,1.86,270.0,Vertical Drift,OIL_AUTHORIZED
34_10_16,3000.0,-49.49,-0.0,2999.46,2999.46,1.88,270.0,Vertical Drift,OIL_AUTHORIZED
34_10_16,3025.0,-50.32,-0.0,3024.44,3024.44,1.89,270.0,Vertical Drift,OIL_AUTHORIZED
34_10_16,3050.0,-51.15,-0.0,3049.43,3049.43,1.91,270.0,Vertical Drift,OIL_AUTHORIZED
34_10_16,3075.0,-51.99,-0.0,3074.42,3074.42,1.92,270.0,Vertical Drift,OIL_AUTHORIZED
34_10_16,3100.0,-52.83,-0.0,3099.4,3099.4,1.94,270.0,Vertical Drift,OIL_AUTHORIZED
34_10_16,3125.0,-53.68,-0.0,3124.39,3124.39,1.95,270.0,Vertical Drift,OIL_AUTHORIZED
34_10_16,3150.0,-54.54,-0.0,3149.37,3149.37,1.97,270.0,Vertical Drift,OIL_AUTHORIZED
34_10_16,3175.0,-55.41,-0.0,3174.36,3174.36,1.98,270.0,Vertical Drift,OIL_AUTHORIZED
34_10_16,3200.0,-56.28,-0.0,3199.34,3199.34,2.0,270.0,Vertical Drift,OIL_AUTHORIZED
34_10_16,3225.0,-57.16,-0.0,3224.33,3224.33,2.02,270.0,Vertical Drift,OIL_AUTHORIZED
34_10_16,3250.0,-58.05,-0.0,3249.31,3249.31,2.03,270.0,Vertical Drift,OIL_AUTHORIZED
34_10_16,3275.0,-58.94,-0.0,3274.3,3274.3,2.05,270.0,Vertical Drift,OIL_AUTHORIZED
34_10_16,3300.0,-59.84,-0.0,3299.28,3299.28,2.06,270.0,Vertical Drift,OIL_AUTHORIZED
34_10_16,3325.0,-60.75,-0.0,3324.26,3324.26,2.08,270.0,Vertical Drift,OIL_AUTHORIZED
34_10_16,3350.0,-61.66,-0.0,3349.25,3349.25,2.09,270.0,Vertical Drift,OIL_AUTHORIZED
34_10_16,3375.0,-62.58,-0.0,3374.23,3374.23,2.11,270.0,Vertical Drift,OIL_AUTHORIZED
34_10_16,3400.0,-63.51,-0.0,3399.21,3399.21,2.13,270.0,Vertical Drift,OIL_AUTHORIZED
34_10_16,3425.0,-64.44,-0.0,3424.19,3424.19,2.14,270.0,Vertical Drift,OIL_AUTHORIZED
34_10_16,3450.0,-65.38,-0.0,3449.18,3449.18,2.16,270.0,Vertical Drift,OIL_AUTHORIZED
34_10_16,3475.0,-66.33,-0.0,3474.16,3474.16,2.17,270.0,Vertical Drift,OIL_AUTHORIZED
34_10_16,3500.0,-67.28,-0.0,3499.14,3499.14,2.19,270.0,Vertical Drift,OIL_AUTHORIZED
34_10_16,3525.0,-68.15,-0.0,3524.13,3524.13,2.0,270.0,Total Depth (TD Target),OIL_AUTHORIZED
DIG_04,0.0,0.0,0.0,0.0,0.0,0.0,180.0,Surface Wellhead,OIL_AUTHORIZED
DIG_04,25.0,0.0,-0.0,25.0,25.0,0.01,180.0,Vertical Drift,OIL_AUTHORIZED
DIG_04,50.0,0.0,-0.01,50.0,50.0,0.02,180.0,Vertical Drift,OIL_AUTHORIZED
DIG_04,75.0,0.0,-0.03,75.0,75.0,0.03,180.0,Vertical Drift,OIL_AUTHORIZED
DIG_04,100.0,0.0,-0.04,100.0,100.0,0.04,180.0,Vertical Drift,OIL_AUTHORIZED
DIG_04,125.0,0.0,-0.06,125.0,125.0,0.05,180.0,Vertical Drift,OIL_AUTHORIZED
DIG_04,150.0,0.0,-0.09,150.0,150.0,0.06,180.0,Vertical Drift,OIL_AUTHORIZED
DIG_04,175.0,0.0,-0.12,175.0,175.0,0.07,180.0,Vertical Drift,OIL_AUTHORIZED
DIG_04,200.0,0.0,-0.15,200.0,200.0,0.08,180.0,Vertical Drift,OIL_AUTHORIZED
DIG_04,225.0,0.0,-0.19,225.0,225.0,0.09,180.0,Vertical Drift,OIL_AUTHORIZED
DIG_04,250.0,0.0,-0.23,250.0,250.0,0.1,180.0,Vertical Drift,OIL_AUTHORIZED
DIG_04,275.0,0.0,-0.28,275.0,275.0,0.11,180.0,Vertical Drift,OIL_AUTHORIZED
DIG_04,300.0,0.0,-0.33,300.0,300.0,0.12,180.0,Vertical Drift,OIL_AUTHORIZED
DIG_04,325.0,0.0,-0.38,325.0,325.0,0.13,180.0,Vertical Drift,OIL_AUTHORIZED
DIG_04,350.0,0.0,-0.44,350.0,350.0,0.14,180.0,Vertical Drift,OIL_AUTHORIZED
DIG_04,375.0,0.0,-0.51,375.0,375.0,0.15,180.0,Vertical Drift,OIL_AUTHORIZED
DIG_04,400.0,0.0,-0.57,400.0,400.0,0.15,180.0,Vertical Drift,OIL_AUTHORIZED
DIG_04,425.0,0.0,-0.65,425.0,425.0,0.16,180.0,Vertical Drift,OIL_AUTHORIZED
DIG_04,450.0,0.0,-0.72,450.0,450.0,0.17,180.0,Vertical Drift,OIL_AUTHORIZED
DIG_04,475.0,0.0,-0.8,475.0,475.0,0.18,180.0,Vertical Drift,OIL_AUTHORIZED
DIG_04,500.0,0.0,-0.89,500.0,500.0,0.19,180.0,Vertical Drift,OIL_AUTHORIZED
DIG_04,525.0,0.0,-0.98,525.0,525.0,0.2,180.0,Vertical Drift,OIL_AUTHORIZED
DIG_04,550.0,0.0,-1.07,550.0,550.0,0.21,180.0,Vertical Drift,OIL_AUTHORIZED
DIG_04,575.0,0.0,-1.17,575.0,575.0,0.22,180.0,Vertical Drift,OIL_AUTHORIZED
DIG_04,600.0,0.0,-1.27,600.0,600.0,0.23,180.0,Vertical Drift,OIL_AUTHORIZED
DIG_04,625.0,0.0,-1.37,625.0,625.0,0.24,180.0,Vertical Drift,OIL_AUTHORIZED
DIG_04,650.0,0.0,-1.48,650.0,650.0,0.25,180.0,Vertical Drift,OIL_AUTHORIZED
DIG_04,675.0,0.0,-1.6,675.0,675.0,0.26,180.0,Vertical Drift,OIL_AUTHORIZED
DIG_04,700.0,0.0,-1.71,700.0,700.0,0.27,180.0,Vertical Drift,OIL_AUTHORIZED
DIG_04,725.0,0.0,-1.84,725.0,725.0,0.28,180.0,Vertical Drift,OIL_AUTHORIZED
DIG_04,750.0,0.0,-1.96,750.0,750.0,0.29,180.0,Vertical Drift,OIL_AUTHORIZED
DIG_04,775.0,0.0,-2.09,775.0,775.0,0.3,180.0,Vertical Drift,OIL_AUTHORIZED
DIG_04,800.0,0.0,-2.23,800.0,800.0,0.31,180.0,Vertical Drift,OIL_AUTHORIZED
DIG_04,825.0,0.0,-2.37,825.0,825.0,0.32,180.0,Vertical Drift,OIL_AUTHORIZED
DIG_04,850.0,0.0,-2.51,850.0,850.0,0.33,180.0,Vertical Drift,OIL_AUTHORIZED
DIG_04,875.0,0.0,-2.66,874.99,874.99,0.34,180.0,Vertical Drift,OIL_AUTHORIZED
DIG_04,900.0,0.0,-2.81,899.99,899.99,0.35,180.0,Vertical Drift,OIL_AUTHORIZED
DIG_04,925.0,0.0,-2.97,924.99,924.99,0.36,180.0,Vertical Drift,OIL_AUTHORIZED
DIG_04,950.0,0.0,-3.13,949.99,949.99,0.37,180.0,Vertical Drift,OIL_AUTHORIZED
DIG_04,975.0,0.0,-3.29,974.99,974.99,0.38,180.0,Vertical Drift,OIL_AUTHORIZED
DIG_04,1000.0,0.0,-3.46,999.99,999.99,0.39,180.0,Vertical Drift,OIL_AUTHORIZED
DIG_04,1025.0,0.0,-3.64,1024.99,1024.99,0.4,180.0,Vertical Drift,OIL_AUTHORIZED
DIG_04,1050.0,0.0,-3.81,1049.99,1049.99,0.41,180.0,Vertical Drift,OIL_AUTHORIZED
DIG_04,1075.0,0.0,-3.99,1074.99,1074.99,0.42,180.0,Vertical Drift,OIL_AUTHORIZED
DIG_04,1100.0,0.0,-4.18,1099.99,1099.99,0.43,180.0,Vertical Drift,OIL_AUTHORIZED
DIG_04,1125.0,0.0,-4.37,1124.99,1124.99,0.44,180.0,Vertical Drift,OIL_AUTHORIZED
DIG_04,1150.0,0.0,-4.56,1149.99,1149.99,0.45,180.0,Vertical Drift,OIL_AUTHORIZED
DIG_04,1175.0,0.0,-4.76,1174.99,1174.99,0.45,180.0,Vertical Drift,OIL_AUTHORIZED
DIG_04,1200.0,0.0,-4.97,1199.99,1199.99,0.46,180.0,Vertical Drift,OIL_AUTHORIZED
DIG_04,1225.0,0.0,-5.17,1224.99,1224.99,0.47,180.0,Vertical Drift,OIL_AUTHORIZED
DIG_04,1250.0,0.0,-5.38,1249.98,1249.98,0.48,180.0,Vertical Drift,OIL_AUTHORIZED
DIG_04,1275.0,0.0,-5.6,1274.98,1274.98,0.49,180.0,Vertical Drift,OIL_AUTHORIZED
DIG_04,1300.0,0.0,-5.82,1299.98,1299.98,0.5,180.0,Vertical Drift,OIL_AUTHORIZED
DIG_04,1325.0,0.0,-6.04,1324.98,1324.98,0.51,180.0,Vertical Drift,OIL_AUTHORIZED
DIG_04,1350.0,0.0,-6.27,1349.98,1349.98,0.52,180.0,Vertical Drift,OIL_AUTHORIZED
DIG_04,1375.0,0.0,-6.5,1374.98,1374.98,0.53,180.0,Vertical Drift,OIL_AUTHORIZED
DIG_04,1400.0,0.0,-6.74,1399.98,1399.98,0.54,180.0,Vertical Drift,OIL_AUTHORIZED
DIG_04,1425.0,0.0,-6.98,1424.98,1424.98,0.55,180.0,Vertical Drift,OIL_AUTHORIZED
DIG_04,1450.0,0.0,-7.22,1449.98,1449.98,0.56,180.0,Vertical Drift,OIL_AUTHORIZED
DIG_04,1475.0,0.0,-7.47,1474.97,1474.97,0.57,180.0,Vertical Drift,OIL_AUTHORIZED
DIG_04,1500.0,0.0,-7.73,1499.97,1499.97,0.58,180.0,Vertical Drift,OIL_AUTHORIZED
DIG_04,1525.0,0.0,-7.98,1524.97,1524.97,0.59,180.0,Vertical Drift,OIL_AUTHORIZED
DIG_04,1550.0,0.0,-8.25,1549.97,1549.97,0.6,180.0,Vertical Drift,OIL_AUTHORIZED
DIG_04,1575.0,0.0,-8.51,1574.97,1574.97,0.61,180.0,Vertical Drift,OIL_AUTHORIZED
DIG_04,1600.0,0.0,-8.78,1599.97,1599.97,0.62,180.0,Vertical Drift,OIL_AUTHORIZED
DIG_04,1625.0,0.0,-9.06,1624.97,1624.97,0.63,180.0,Vertical Drift,OIL_AUTHORIZED
DIG_04,1650.0,0.0,-9.34,1649.97,1649.97,0.64,180.0,Vertical Drift,OIL_AUTHORIZED
DIG_04,1675.0,0.0,-9.62,1674.96,1674.96,0.65,180.0,Vertical Drift,OIL_AUTHORIZED
DIG_04,1700.0,0.0,-9.91,1699.96,1699.96,0.66,180.0,Vertical Drift,OIL_AUTHORIZED
DIG_04,1725.0,0.0,-10.2,1724.96,1724.96,0.67,180.0,Vertical Drift,OIL_AUTHORIZED
DIG_04,1750.0,0.0,-10.49,1749.96,1749.96,0.68,180.0,Vertical Drift,OIL_AUTHORIZED
DIG_04,1775.0,0.0,-10.79,1774.96,1774.96,0.69,180.0,Vertical Drift,OIL_AUTHORIZED
DIG_04,1800.0,0.0,-11.1,1799.95,1799.95,0.7,180.0,Vertical Drift,OIL_AUTHORIZED
DIG_04,1825.0,0.0,-11.41,1824.95,1824.95,0.71,180.0,Vertical Drift,OIL_AUTHORIZED
DIG_04,1850.0,0.0,-11.72,1849.95,1849.95,0.72,180.0,Vertical Drift,OIL_AUTHORIZED
DIG_04,1875.0,0.0,-12.03,1874.95,1874.95,0.73,180.0,Vertical Drift,OIL_AUTHORIZED
DIG_04,1900.0,0.0,-12.36,1899.95,1899.95,0.74,180.0,Vertical Drift,OIL_AUTHORIZED
DIG_04,1925.0,0.0,-12.68,1924.94,1924.94,0.75,180.0,Vertical Drift,OIL_AUTHORIZED
DIG_04,1950.0,0.0,-13.01,1949.94,1949.94,0.75,180.0,Vertical Drift,OIL_AUTHORIZED
DIG_04,1975.0,0.0,-13.34,1974.94,1974.94,0.76,180.0,Vertical Drift,OIL_AUTHORIZED
DIG_04,2000.0,0.0,-13.68,1999.94,1999.94,0.77,180.0,Vertical Drift,OIL_AUTHORIZED
DIG_04,2025.0,0.0,-14.02,2024.94,2024.94,0.78,180.0,Vertical Drift,OIL_AUTHORIZED
DIG_04,2050.0,0.0,-14.37,2049.93,2049.93,0.79,180.0,Vertical Drift,OIL_AUTHORIZED
DIG_04,2075.0,0.0,-14.72,2074.93,2074.93,0.8,180.0,Vertical Drift,OIL_AUTHORIZED
DIG_04,2100.0,0.0,-15.07,2099.93,2099.93,0.81,180.0,Vertical Drift,OIL_AUTHORIZED
DIG_04,2125.0,0.0,-15.43,2124.93,2124.93,0.82,180.0,Vertical Drift,OIL_AUTHORIZED
DIG_04,2150.0,0.0,-15.8,2149.92,2149.92,0.83,180.0,Vertical Drift,OIL_AUTHORIZED
DIG_04,2175.0,0.0,-16.16,2174.92,2174.92,0.84,180.0,Vertical Drift,OIL_AUTHORIZED
DIG_04,2200.0,0.0,-16.54,2199.92,2199.92,0.85,180.0,Vertical Drift,OIL_AUTHORIZED
DIG_04,2225.0,0.0,-16.91,2224.91,2224.91,0.86,180.0,Vertical Drift,OIL_AUTHORIZED
DIG_04,2250.0,0.0,-17.29,2249.91,2249.91,0.87,180.0,Vertical Drift,OIL_AUTHORIZED
DIG_04,2275.0,0.0,-17.68,2274.91,2274.91,0.88,180.0,Vertical Drift,OIL_AUTHORIZED
DIG_04,2300.0,0.0,-18.06,2299.91,2299.91,0.89,180.0,Vertical Drift,OIL_AUTHORIZED
DIG_04,2325.0,0.0,-18.46,2324.9,2324.9,0.9,180.0,Vertical Drift,OIL_AUTHORIZED
DIG_04,2350.0,0.0,-18.85,2349.9,2349.9,0.91,180.0,Vertical Drift,OIL_AUTHORIZED
DIG_04,2375.0,0.0,-19.25,2374.9,2374.9,0.92,180.0,Vertical Drift,OIL_AUTHORIZED
DIG_04,2400.0,0.0,-19.66,2399.89,2399.89,0.93,180.0,Vertical Drift,OIL_AUTHORIZED
DIG_04,2425.0,0.0,-20.07,2424.89,2424.89,0.94,180.0,Vertical Drift,OIL_AUTHORIZED
DIG_04,2450.0,0.0,-20.48,2449.89,2449.89,0.95,180.0,Vertical Drift,OIL_AUTHORIZED
DIG_04,2475.0,0.0,-20.9,2474.88,2474.88,0.96,180.0,Vertical Drift,OIL_AUTHORIZED
DIG_04,2500.0,0.0,-21.32,2499.88,2499.88,0.97,180.0,Vertical Drift,OIL_AUTHORIZED
DIG_04,2525.0,0.0,-21.75,2524.88,2524.88,0.98,180.0,Vertical Drift,OIL_AUTHORIZED
DIG_04,2550.0,0.0,-22.18,2549.87,2549.87,0.99,180.0,Vertical Drift,OIL_AUTHORIZED
DIG_04,2575.0,0.0,-22.62,2574.87,2574.87,1.0,180.0,Vertical Drift,OIL_AUTHORIZED
DIG_04,2600.0,0.0,-23.05,2599.86,2599.86,1.01,180.0,Vertical Drift,OIL_AUTHORIZED
DIG_04,2625.0,0.0,-23.5,2624.86,2624.86,1.02,180.0,Vertical Drift,OIL_AUTHORIZED
DIG_04,2650.0,0.0,-23.95,2649.86,2649.86,1.03,180.0,Vertical Drift,OIL_AUTHORIZED
DIG_04,2675.0,0.0,-24.4,2674.85,2674.85,1.04,180.0,Vertical Drift,OIL_AUTHORIZED
DIG_04,2700.0,0.0,-24.85,2699.85,2699.85,1.05,180.0,Vertical Drift,OIL_AUTHORIZED
DIG_04,2725.0,0.0,-25.31,2724.84,2724.84,1.05,180.0,Vertical Drift,OIL_AUTHORIZED
DIG_04,2750.0,0.0,-25.78,2749.84,2749.84,1.06,180.0,Vertical Drift,OIL_AUTHORIZED
DIG_04,2775.0,0.0,-26.25,2774.84,2774.84,1.07,180.0,Vertical Drift,OIL_AUTHORIZED
DIG_04,2800.0,0.0,-26.72,2799.83,2799.83,1.08,180.0,Vertical Drift,OIL_AUTHORIZED
DIG_04,2825.0,0.0,-27.2,2824.83,2824.83,1.09,180.0,Vertical Drift,OIL_AUTHORIZED
DIG_04,2850.0,0.0,-27.68,2849.82,2849.82,1.1,180.0,Vertical Drift,OIL_AUTHORIZED
DIG_04,2875.0,0.0,-28.16,2874.82,2874.82,1.11,180.0,Vertical Drift,OIL_AUTHORIZED
DIG_04,2900.0,0.0,-28.65,2899.81,2899.81,1.12,180.0,Vertical Drift,OIL_AUTHORIZED
DIG_04,2925.0,0.0,-29.15,2924.81,2924.81,1.13,180.0,Vertical Drift,OIL_AUTHORIZED
DIG_04,2950.0,0.0,-29.65,2949.8,2949.8,1.14,180.0,Vertical Drift,OIL_AUTHORIZED
DIG_04,2975.0,0.0,-30.15,2974.8,2974.8,1.15,180.0,Vertical Drift,OIL_AUTHORIZED
DIG_04,3000.0,0.0,-30.65,2999.79,2999.79,1.16,180.0,Vertical Drift,OIL_AUTHORIZED
DIG_04,3025.0,0.0,-31.17,3024.79,3024.79,1.17,180.0,Vertical Drift,OIL_AUTHORIZED
DIG_04,3050.0,0.0,-31.68,3049.78,3049.78,1.18,180.0,Vertical Drift,OIL_AUTHORIZED
DIG_04,3075.0,0.0,-32.2,3074.78,3074.78,1.19,180.0,Vertical Drift,OIL_AUTHORIZED
DIG_04,3100.0,0.0,-32.72,3099.77,3099.77,1.2,180.0,Total Depth (TD Target),OIL_AUTHORIZED
DIG_11,0.0,0.0,0.0,0.0,0.0,0.0,315.0,Surface Wellhead,OIL_AUTHORIZED
DIG_11,25.0,0.0,0.0,25.0,25.0,0.0,315.0,Vertical Section,OIL_AUTHORIZED
DIG_11,50.0,0.0,0.0,50.0,50.0,0.0,315.0,Vertical Section,OIL_AUTHORIZED
DIG_11,75.0,0.0,0.0,75.0,75.0,0.0,315.0,Vertical Section,OIL_AUTHORIZED
DIG_11,100.0,0.0,0.0,100.0,100.0,0.0,315.0,Vertical Section,OIL_AUTHORIZED
DIG_11,125.0,0.0,0.0,125.0,125.0,0.0,315.0,Vertical Section,OIL_AUTHORIZED
DIG_11,150.0,0.0,0.0,150.0,150.0,0.0,315.0,Vertical Section,OIL_AUTHORIZED
DIG_11,175.0,0.0,0.0,175.0,175.0,0.0,315.0,Vertical Section,OIL_AUTHORIZED
DIG_11,200.0,0.0,0.0,200.0,200.0,0.0,315.0,Vertical Section,OIL_AUTHORIZED
DIG_11,225.0,0.0,0.0,225.0,225.0,0.0,315.0,Vertical Section,OIL_AUTHORIZED
DIG_11,250.0,0.0,0.0,250.0,250.0,0.0,315.0,Vertical Section,OIL_AUTHORIZED
DIG_11,275.0,0.0,0.0,275.0,275.0,0.0,315.0,Vertical Section,OIL_AUTHORIZED
DIG_11,300.0,0.0,0.0,300.0,300.0,0.0,315.0,Vertical Section,OIL_AUTHORIZED
DIG_11,325.0,0.0,0.0,325.0,325.0,0.0,315.0,Vertical Section,OIL_AUTHORIZED
DIG_11,350.0,0.0,0.0,350.0,350.0,0.0,315.0,Vertical Section,OIL_AUTHORIZED
DIG_11,375.0,0.0,0.0,375.0,375.0,0.0,315.0,Vertical Section,OIL_AUTHORIZED
DIG_11,400.0,0.0,0.0,400.0,400.0,0.0,315.0,Vertical Section,OIL_AUTHORIZED
DIG_11,425.0,0.0,0.0,425.0,425.0,0.0,315.0,Vertical Section,OIL_AUTHORIZED
DIG_11,450.0,0.0,0.0,450.0,450.0,0.0,315.0,Vertical Section,OIL_AUTHORIZED
DIG_11,475.0,0.0,0.0,475.0,475.0,0.0,315.0,Vertical Section,OIL_AUTHORIZED
DIG_11,500.0,0.0,0.0,500.0,500.0,0.0,315.0,Vertical Section,OIL_AUTHORIZED
DIG_11,525.0,0.0,0.0,525.0,525.0,0.0,315.0,Vertical Section,OIL_AUTHORIZED
DIG_11,550.0,0.0,0.0,550.0,550.0,0.0,315.0,Vertical Section,OIL_AUTHORIZED
DIG_11,575.0,0.0,0.0,575.0,575.0,0.0,315.0,Vertical Section,OIL_AUTHORIZED
DIG_11,600.0,0.0,0.0,600.0,600.0,0.0,315.0,Vertical Section,OIL_AUTHORIZED
DIG_11,625.0,0.0,0.0,625.0,625.0,0.0,315.0,Vertical Section,OIL_AUTHORIZED
DIG_11,650.0,0.0,0.0,650.0,650.0,0.0,315.0,Vertical Section,OIL_AUTHORIZED
DIG_11,675.0,0.0,0.0,675.0,675.0,0.0,315.0,Vertical Section,OIL_AUTHORIZED
DIG_11,700.0,0.0,0.0,700.0,700.0,0.0,315.0,Vertical Section,OIL_AUTHORIZED
DIG_11,725.0,0.0,0.0,725.0,725.0,0.0,315.0,Vertical Section,OIL_AUTHORIZED
DIG_11,750.0,0.0,0.0,750.0,750.0,0.0,315.0,Vertical Section,OIL_AUTHORIZED
DIG_11,775.0,0.0,0.0,775.0,775.0,0.0,315.0,Vertical Section,OIL_AUTHORIZED
DIG_11,800.0,0.0,0.0,800.0,800.0,0.0,315.0,Vertical Section,OIL_AUTHORIZED
DIG_11,825.0,0.0,0.0,825.0,825.0,0.0,315.0,Vertical Section,OIL_AUTHORIZED
DIG_11,850.0,0.0,0.0,850.0,850.0,0.0,315.0,Vertical Section,OIL_AUTHORIZED
DIG_11,875.0,0.0,0.0,875.0,875.0,0.0,315.0,Vertical Section,OIL_AUTHORIZED
DIG_11,900.0,0.0,0.0,900.0,900.0,0.0,315.0,Vertical Section,OIL_AUTHORIZED
DIG_11,925.0,0.0,0.0,925.0,925.0,0.0,315.0,Vertical Section,OIL_AUTHORIZED
DIG_11,950.0,0.0,0.0,950.0,950.0,0.0,315.0,Vertical Section,OIL_AUTHORIZED
DIG_11,975.0,0.0,0.0,975.0,975.0,0.0,315.0,Vertical Section,OIL_AUTHORIZED
DIG_11,1000.0,0.0,0.0,1000.0,1000.0,0.0,315.0,Vertical Section,OIL_AUTHORIZED
DIG_11,1025.0,0.0,0.0,1025.0,1025.0,0.0,315.0,Vertical Section,OIL_AUTHORIZED
DIG_11,1050.0,0.0,0.0,1050.0,1050.0,0.0,315.0,Vertical Section,OIL_AUTHORIZED
DIG_11,1075.0,0.0,0.0,1075.0,1075.0,0.0,315.0,Vertical Section,OIL_AUTHORIZED
DIG_11,1100.0,0.0,0.0,1100.0,1100.0,0.0,315.0,Vertical Section,OIL_AUTHORIZED
DIG_11,1125.0,0.0,0.0,1125.0,1125.0,0.0,315.0,Vertical Section,OIL_AUTHORIZED
DIG_11,1150.0,0.0,0.0,1150.0,1150.0,0.0,315.0,Vertical Section,OIL_AUTHORIZED
DIG_11,1175.0,0.0,0.0,1175.0,1175.0,0.0,315.0,Vertical Section,OIL_AUTHORIZED
DIG_11,1200.0,0.0,0.0,1200.0,1200.0,0.0,315.0,Vertical Section,OIL_AUTHORIZED
DIG_11,1225.0,0.0,0.0,1225.0,1225.0,0.0,315.0,Vertical Section,OIL_AUTHORIZED
DIG_11,1250.0,0.0,0.0,1250.0,1250.0,0.0,315.0,Vertical Section,OIL_AUTHORIZED
DIG_11,1275.0,0.0,0.0,1275.0,1275.0,0.0,315.0,Vertical Section,OIL_AUTHORIZED
DIG_11,1300.0,0.0,0.0,1300.0,1300.0,0.0,315.0,Vertical Section,OIL_AUTHORIZED
DIG_11,1325.0,0.0,0.0,1325.0,1325.0,0.0,315.0,Vertical Section,OIL_AUTHORIZED
DIG_11,1350.0,0.0,0.0,1350.0,1350.0,0.0,315.0,Vertical Section,OIL_AUTHORIZED
DIG_11,1375.0,0.0,0.0,1375.0,1375.0,0.0,315.0,Vertical Section,OIL_AUTHORIZED
DIG_11,1400.0,0.0,0.0,1400.0,1400.0,0.0,315.0,Vertical Section,OIL_AUTHORIZED
DIG_11,1425.0,0.0,0.0,1425.0,1425.0,0.0,315.0,Vertical Section,OIL_AUTHORIZED
DIG_11,1450.0,0.0,0.0,1450.0,1450.0,0.0,315.0,Vertical Section,OIL_AUTHORIZED
DIG_11,1475.0,-1.03,1.03,1474.96,1474.96,3.33,315.0,Build-up Section (KOP),OIL_AUTHORIZED
DIG_11,1500.0,-3.08,3.08,1499.79,1499.79,6.67,315.0,Build-up Section (KOP),OIL_AUTHORIZED
DIG_11,1525.0,-6.15,6.15,1524.41,1524.41,10.0,315.0,Build-up Section (KOP),OIL_AUTHORIZED
DIG_11,1550.0,-10.23,10.23,1548.73,1548.73,13.33,315.0,Build-up Section (KOP),OIL_AUTHORIZED
DIG_11,1575.0,-15.3,15.3,1572.68,1572.68,16.67,315.0,Build-up Section (KOP),OIL_AUTHORIZED
DIG_11,1600.0,-21.34,21.34,1596.18,1596.18,20.0,315.0,Build-up Section (KOP),OIL_AUTHORIZED
DIG_11,1625.0,-28.34,28.34,1619.13,1619.13,23.33,315.0,Build-up Section (KOP),OIL_AUTHORIZED
DIG_11,1650.0,-36.28,36.28,1641.47,1641.47,26.67,315.0,Build-up Section (KOP),OIL_AUTHORIZED
DIG_11,1675.0,-45.12,45.12,1663.12,1663.12,30.0,315.0,Build-up Section (KOP),OIL_AUTHORIZED
DIG_11,1700.0,-54.83,54.83,1684.01,1684.01,33.33,315.0,Build-up Section (KOP),OIL_AUTHORIZED
DIG_11,1725.0,-65.39,65.39,1704.06,1704.06,36.67,315.0,Build-up Section (KOP),OIL_AUTHORIZED
DIG_11,1750.0,-76.75,76.75,1723.22,1723.22,40.0,315.0,Build-up Section (KOP),OIL_AUTHORIZED
DIG_11,1775.0,-88.88,88.88,1741.4,1741.4,43.33,315.0,Build-up Section (KOP),OIL_AUTHORIZED
DIG_11,1800.0,-101.74,101.74,1758.56,1758.56,46.67,315.0,Build-up Section (KOP),OIL_AUTHORIZED
DIG_11,1825.0,-115.28,115.28,1774.63,1774.63,50.0,315.0,Build-up Section (KOP),OIL_AUTHORIZED
DIG_11,1850.0,-129.46,129.46,1789.55,1789.55,53.33,315.0,Build-up Section (KOP),OIL_AUTHORIZED
DIG_11,1875.0,-144.23,144.23,1803.29,1803.29,56.67,315.0,Build-up Section (KOP),OIL_AUTHORIZED
DIG_11,1900.0,-159.54,159.54,1815.79,1815.79,60.0,315.0,Build-up Section (KOP),OIL_AUTHORIZED
DIG_11,1925.0,-175.34,175.34,1827.01,1827.01,63.33,315.0,Build-up Section (KOP),OIL_AUTHORIZED
DIG_11,1950.0,-191.57,191.57,1836.91,1836.91,66.67,315.0,Build-up Section (KOP),OIL_AUTHORIZED
DIG_11,1975.0,-208.18,208.18,1845.46,1845.46,70.0,315.0,Build-up Section (KOP),OIL_AUTHORIZED
DIG_11,2000.0,-224.99,224.99,1853.19,1853.19,72.0,315.0,Build-up Section (KOP),OIL_AUTHORIZED
DIG_11,2025.0,-241.81,241.81,1860.92,1860.92,72.0,315.0,Tangent Hold,OIL_AUTHORIZED
DIG_11,2050.0,-258.62,258.62,1868.64,1868.64,72.0,315.0,Tangent Hold,OIL_AUTHORIZED
DIG_11,2075.0,-275.43,275.43,1876.37,1876.37,72.0,315.0,Tangent Hold,OIL_AUTHORIZED
DIG_11,2100.0,-292.24,292.24,1884.09,1884.09,72.0,315.0,Tangent Hold,OIL_AUTHORIZED
DIG_11,2125.0,-309.06,309.06,1891.82,1891.82,72.0,315.0,Tangent Hold,OIL_AUTHORIZED
DIG_11,2150.0,-325.87,325.87,1899.54,1899.54,72.0,315.0,Tangent Hold,OIL_AUTHORIZED
DIG_11,2175.0,-342.68,342.68,1907.27,1907.27,72.0,315.0,Tangent Hold,OIL_AUTHORIZED
DIG_11,2200.0,-359.49,359.49,1914.99,1914.99,72.0,315.0,Tangent Hold,OIL_AUTHORIZED
DIG_11,2225.0,-376.31,376.31,1922.72,1922.72,72.0,315.0,Tangent Hold,OIL_AUTHORIZED
DIG_11,2250.0,-393.12,393.12,1930.44,1930.44,72.0,315.0,Tangent Hold,OIL_AUTHORIZED
DIG_11,2275.0,-409.93,409.93,1938.17,1938.17,72.0,315.0,Tangent Hold,OIL_AUTHORIZED
DIG_11,2300.0,-426.74,426.74,1945.9,1945.9,72.0,315.0,Tangent Hold,OIL_AUTHORIZED
DIG_11,2325.0,-443.56,443.56,1953.62,1953.62,72.0,315.0,Tangent Hold,OIL_AUTHORIZED
DIG_11,2350.0,-460.37,460.37,1961.35,1961.35,72.0,315.0,Tangent Hold,OIL_AUTHORIZED
DIG_11,2375.0,-477.18,477.18,1969.07,1969.07,72.0,315.0,Tangent Hold,OIL_AUTHORIZED
DIG_11,2400.0,-493.99,493.99,1976.8,1976.8,72.0,315.0,Tangent Hold,OIL_AUTHORIZED
DIG_11,2425.0,-510.81,510.81,1984.52,1984.52,72.0,315.0,Tangent Hold,OIL_AUTHORIZED
DIG_11,2450.0,-527.62,527.62,1992.25,1992.25,72.0,315.0,Tangent Hold,OIL_AUTHORIZED
DIG_11,2475.0,-544.43,544.43,1999.97,1999.97,72.0,315.0,Tangent Hold,OIL_AUTHORIZED
DIG_11,2500.0,-561.24,561.24,2007.7,2007.7,72.0,315.0,Tangent Hold,OIL_AUTHORIZED
DIG_11,2525.0,-578.06,578.06,2015.42,2015.42,72.0,315.0,Tangent Hold,OIL_AUTHORIZED
DIG_11,2550.0,-594.87,594.87,2023.15,2023.15,72.0,315.0,Tangent Hold,OIL_AUTHORIZED
DIG_11,2575.0,-611.68,611.68,2030.87,2030.87,72.0,315.0,Tangent Hold,OIL_AUTHORIZED
DIG_11,2600.0,-628.49,628.49,2038.6,2038.6,72.0,315.0,Tangent Hold,OIL_AUTHORIZED
DIG_11,2625.0,-645.31,645.31,2046.33,2046.33,72.0,315.0,Tangent Hold,OIL_AUTHORIZED
DIG_11,2650.0,-662.12,662.12,2054.05,2054.05,72.0,315.0,Tangent Hold,OIL_AUTHORIZED
DIG_11,2675.0,-678.93,678.93,2061.78,2061.78,72.0,315.0,Tangent Hold,OIL_AUTHORIZED
DIG_11,2700.0,-695.74,695.74,2069.5,2069.5,72.0,315.0,Tangent Hold,OIL_AUTHORIZED
DIG_11,2725.0,-712.55,712.55,2077.23,2077.23,72.0,315.0,Tangent Hold,OIL_AUTHORIZED
DIG_11,2750.0,-729.37,729.37,2084.95,2084.95,72.0,315.0,Tangent Hold,OIL_AUTHORIZED
DIG_11,2775.0,-746.18,746.18,2092.68,2092.68,72.0,315.0,Tangent Hold,OIL_AUTHORIZED
DIG_11,2800.0,-762.99,762.99,2100.4,2100.4,72.0,315.0,Tangent Hold,OIL_AUTHORIZED
DIG_11,2825.0,-779.8,779.8,2108.13,2108.13,72.0,315.0,Tangent Hold,OIL_AUTHORIZED
DIG_11,2850.0,-796.62,796.62,2115.85,2115.85,72.0,315.0,Tangent Hold,OIL_AUTHORIZED
DIG_11,2875.0,-813.43,813.43,2123.58,2123.58,72.0,315.0,Tangent Hold,OIL_AUTHORIZED
DIG_11,2900.0,-830.24,830.24,2131.31,2131.31,72.0,315.0,Tangent Hold,OIL_AUTHORIZED
DIG_11,2925.0,-847.05,847.05,2139.03,2139.03,72.0,315.0,Tangent Hold,OIL_AUTHORIZED
DIG_11,2950.0,-863.87,863.87,2146.76,2146.76,72.0,315.0,Tangent Hold,OIL_AUTHORIZED
DIG_11,2975.0,-880.68,880.68,2154.48,2154.48,72.0,315.0,Tangent Hold,OIL_AUTHORIZED
DIG_11,3000.0,-897.49,897.49,2162.21,2162.21,72.0,315.0,Tangent Hold,OIL_AUTHORIZED
DIG_11,3025.0,-914.3,914.3,2169.93,2169.93,72.0,315.0,Tangent Hold,OIL_AUTHORIZED
DIG_11,3050.0,-931.12,931.12,2177.66,2177.66,72.0,315.0,Tangent Hold,OIL_AUTHORIZED
DIG_11,3075.0,-947.93,947.93,2185.38,2185.38,72.0,315.0,Tangent Hold,OIL_AUTHORIZED
DIG_11,3100.0,-964.74,964.74,2193.11,2193.11,72.0,315.0,Tangent Hold,OIL_AUTHORIZED
DIG_11,3125.0,-981.55,981.55,2200.83,2200.83,72.0,315.0,Tangent Hold,OIL_AUTHORIZED
DIG_11,3150.0,-998.37,998.37,2208.56,2208.56,72.0,315.0,Total Depth (TD Target),OIL_AUTHORIZED
DIG_19,0.0,0.0,0.0,0.0,0.0,0.0,90.0,Surface Wellhead,OIL_AUTHORIZED
DIG_19,25.0,0.0,0.0,25.0,25.0,0.0,90.0,Vertical Section,OIL_AUTHORIZED
DIG_19,50.0,0.0,0.0,50.0,50.0,0.0,90.0,Vertical Section,OIL_AUTHORIZED
DIG_19,75.0,0.0,0.0,75.0,75.0,0.0,90.0,Vertical Section,OIL_AUTHORIZED
DIG_19,100.0,0.0,0.0,100.0,100.0,0.0,90.0,Vertical Section,OIL_AUTHORIZED
DIG_19,125.0,0.0,0.0,125.0,125.0,0.0,90.0,Vertical Section,OIL_AUTHORIZED
DIG_19,150.0,0.0,0.0,150.0,150.0,0.0,90.0,Vertical Section,OIL_AUTHORIZED
DIG_19,175.0,0.0,0.0,175.0,175.0,0.0,90.0,Vertical Section,OIL_AUTHORIZED
DIG_19,200.0,0.0,0.0,200.0,200.0,0.0,90.0,Vertical Section,OIL_AUTHORIZED
DIG_19,225.0,0.0,0.0,225.0,225.0,0.0,90.0,Vertical Section,OIL_AUTHORIZED
DIG_19,250.0,0.0,0.0,250.0,250.0,0.0,90.0,Vertical Section,OIL_AUTHORIZED
DIG_19,275.0,0.0,0.0,275.0,275.0,0.0,90.0,Vertical Section,OIL_AUTHORIZED
DIG_19,300.0,0.0,0.0,300.0,300.0,0.0,90.0,Vertical Section,OIL_AUTHORIZED
DIG_19,325.0,0.0,0.0,325.0,325.0,0.0,90.0,Vertical Section,OIL_AUTHORIZED
DIG_19,350.0,0.0,0.0,350.0,350.0,0.0,90.0,Vertical Section,OIL_AUTHORIZED
DIG_19,375.0,0.0,0.0,375.0,375.0,0.0,90.0,Vertical Section,OIL_AUTHORIZED
DIG_19,400.0,0.0,0.0,400.0,400.0,0.0,90.0,Vertical Section,OIL_AUTHORIZED
DIG_19,425.0,0.0,0.0,425.0,425.0,0.0,90.0,Vertical Section,OIL_AUTHORIZED
DIG_19,450.0,0.0,0.0,450.0,450.0,0.0,90.0,Vertical Section,OIL_AUTHORIZED
DIG_19,475.0,0.0,0.0,475.0,475.0,0.0,90.0,Vertical Section,OIL_AUTHORIZED
DIG_19,500.0,0.0,0.0,500.0,500.0,0.0,90.0,Vertical Section,OIL_AUTHORIZED
DIG_19,525.0,0.0,0.0,525.0,525.0,0.0,90.0,Vertical Section,OIL_AUTHORIZED
DIG_19,550.0,0.0,0.0,550.0,550.0,0.0,90.0,Vertical Section,OIL_AUTHORIZED
DIG_19,575.0,0.0,0.0,575.0,575.0,0.0,90.0,Vertical Section,OIL_AUTHORIZED
DIG_19,600.0,0.0,0.0,600.0,600.0,0.0,90.0,Vertical Section,OIL_AUTHORIZED
DIG_19,625.0,0.0,0.0,625.0,625.0,0.0,90.0,Vertical Section,OIL_AUTHORIZED
DIG_19,650.0,0.0,0.0,650.0,650.0,0.0,90.0,Vertical Section,OIL_AUTHORIZED
DIG_19,675.0,0.0,0.0,675.0,675.0,0.0,90.0,Vertical Section,OIL_AUTHORIZED
DIG_19,700.0,0.0,0.0,700.0,700.0,0.0,90.0,Vertical Section,OIL_AUTHORIZED
DIG_19,725.0,0.0,0.0,725.0,725.0,0.0,90.0,Vertical Section,OIL_AUTHORIZED
DIG_19,750.0,0.0,0.0,750.0,750.0,0.0,90.0,Vertical Section,OIL_AUTHORIZED
DIG_19,775.0,0.0,0.0,775.0,775.0,0.0,90.0,Vertical Section,OIL_AUTHORIZED
DIG_19,800.0,0.0,0.0,800.0,800.0,0.0,90.0,Vertical Section,OIL_AUTHORIZED
DIG_19,825.0,0.0,0.0,825.0,825.0,0.0,90.0,Vertical Section,OIL_AUTHORIZED
DIG_19,850.0,0.0,0.0,850.0,850.0,0.0,90.0,Vertical Section,OIL_AUTHORIZED
DIG_19,875.0,0.0,0.0,875.0,875.0,0.0,90.0,Vertical Section,OIL_AUTHORIZED
DIG_19,900.0,0.0,0.0,900.0,900.0,0.0,90.0,Vertical Section,OIL_AUTHORIZED
DIG_19,925.0,0.0,0.0,925.0,925.0,0.0,90.0,Vertical Section,OIL_AUTHORIZED
DIG_19,950.0,0.0,0.0,950.0,950.0,0.0,90.0,Vertical Section,OIL_AUTHORIZED
DIG_19,975.0,0.0,0.0,975.0,975.0,0.0,90.0,Vertical Section,OIL_AUTHORIZED
DIG_19,1000.0,0.0,0.0,1000.0,1000.0,0.0,90.0,Vertical Section,OIL_AUTHORIZED
DIG_19,1025.0,0.0,0.0,1025.0,1025.0,0.0,90.0,Vertical Section,OIL_AUTHORIZED
DIG_19,1050.0,0.0,0.0,1050.0,1050.0,0.0,90.0,Vertical Section,OIL_AUTHORIZED
DIG_19,1075.0,0.0,0.0,1075.0,1075.0,0.0,90.0,Vertical Section,OIL_AUTHORIZED
DIG_19,1100.0,0.0,0.0,1100.0,1100.0,0.0,90.0,Vertical Section,OIL_AUTHORIZED
DIG_19,1125.0,0.0,0.0,1125.0,1125.0,0.0,90.0,Vertical Section,OIL_AUTHORIZED
DIG_19,1150.0,0.0,0.0,1150.0,1150.0,0.0,90.0,Vertical Section,OIL_AUTHORIZED
DIG_19,1175.0,0.0,0.0,1175.0,1175.0,0.0,90.0,Vertical Section,OIL_AUTHORIZED
DIG_19,1200.0,0.0,0.0,1200.0,1200.0,0.0,90.0,Vertical Section,OIL_AUTHORIZED
DIG_19,1225.0,0.0,0.0,1225.0,1225.0,0.0,90.0,Vertical Section,OIL_AUTHORIZED
DIG_19,1250.0,0.0,0.0,1250.0,1250.0,0.0,90.0,Vertical Section,OIL_AUTHORIZED
DIG_19,1275.0,0.0,0.0,1275.0,1275.0,0.0,90.0,Vertical Section,OIL_AUTHORIZED
DIG_19,1300.0,0.0,0.0,1300.0,1300.0,0.0,90.0,Vertical Section,OIL_AUTHORIZED
DIG_19,1325.0,0.0,0.0,1325.0,1325.0,0.0,90.0,Vertical Section,OIL_AUTHORIZED
DIG_19,1350.0,0.0,0.0,1350.0,1350.0,0.0,90.0,Vertical Section,OIL_AUTHORIZED
DIG_19,1375.0,0.0,0.0,1375.0,1375.0,0.0,90.0,Vertical Section,OIL_AUTHORIZED
DIG_19,1400.0,0.0,0.0,1400.0,1400.0,0.0,90.0,Vertical Section,OIL_AUTHORIZED
DIG_19,1425.0,1.64,0.0,1424.95,1424.95,3.75,90.0,Build-up Section (KOP),OIL_AUTHORIZED
DIG_19,1450.0,4.9,0.0,1449.73,1449.73,7.5,90.0,Build-up Section (KOP),OIL_AUTHORIZED
DIG_19,1475.0,9.78,0.0,1474.25,1474.25,11.25,90.0,Build-up Section (KOP),OIL_AUTHORIZED
DIG_19,1500.0,16.25,0.0,1498.4,1498.4,15.0,90.0,Build-up Section (KOP),OIL_AUTHORIZED
DIG_19,1525.0,24.28,0.0,1522.07,1522.07,18.75,90.0,Build-up Section (KOP),OIL_AUTHORIZED
DIG_19,1550.0,33.85,0.0,1545.17,1545.17,22.5,90.0,Build-up Section (KOP),OIL_AUTHORIZED
DIG_19,1575.0,44.91,0.0,1567.59,1567.59,26.25,90.0,Build-up Section (KOP),OIL_AUTHORIZED
DIG_19,1600.0,57.41,0.0,1589.24,1589.24,30.0,90.0,Build-up Section (KOP),OIL_AUTHORIZED
DIG_19,1625.0,71.3,0.0,1610.03,1610.03,33.75,90.0,Build-up Section (KOP),OIL_AUTHORIZED
DIG_19,1650.0,86.51,0.0,1629.86,1629.86,37.5,90.0,Build-up Section (KOP),OIL_AUTHORIZED
DIG_19,1675.0,103.0,0.0,1648.66,1648.66,41.25,90.0,Build-up Section (KOP),OIL_AUTHORIZED
DIG_19,1700.0,120.68,0.0,1666.34,1666.34,45.0,90.0,Build-up Section (KOP),OIL_AUTHORIZED
DIG_19,1725.0,139.47,0.0,1682.82,1682.82,48.75,90.0,Build-up Section (KOP),OIL_AUTHORIZED
DIG_19,1750.0,159.31,0.0,1698.04,1698.04,52.5,90.0,Build-up Section (KOP),OIL_AUTHORIZED
DIG_19,1775.0,180.09,0.0,1711.93,1711.93,56.25,90.0,Build-up Section (KOP),OIL_AUTHORIZED
DIG_19,1800.0,201.74,0.0,1724.43,1724.43,60.0,90.0,Build-up Section (KOP),OIL_AUTHORIZED
DIG_19,1825.0,224.16,0.0,1735.49,1735.49,63.75,90.0,Build-up Section (KOP),OIL_AUTHORIZED
DIG_19,1850.0,247.26,0.0,1745.05,1745.05,67.5,90.0,Build-up Section (KOP),OIL_AUTHORIZED
DIG_19,1875.0,270.94,0.0,1753.09,1753.09,71.25,90.0,Build-up Section (KOP),OIL_AUTHORIZED
DIG_19,1900.0,295.08,0.0,1759.56,1759.56,75.0,90.0,Build-up Section (KOP),OIL_AUTHORIZED
DIG_19,1925.0,319.58,0.0,1764.54,1764.54,78.5,90.0,Build-up Section (KOP),OIL_AUTHORIZED
DIG_19,1950.0,344.08,0.0,1769.53,1769.53,78.5,90.0,Tangent Hold,OIL_AUTHORIZED
DIG_19,1975.0,368.58,0.0,1774.51,1774.51,78.5,90.0,Tangent Hold,OIL_AUTHORIZED
DIG_19,2000.0,393.08,0.0,1779.5,1779.5,78.5,90.0,Tangent Hold,OIL_AUTHORIZED
DIG_19,2025.0,417.57,0.0,1784.48,1784.48,78.5,90.0,Tangent Hold,OIL_AUTHORIZED
DIG_19,2050.0,442.07,0.0,1789.47,1789.47,78.5,90.0,Tangent Hold,OIL_AUTHORIZED
DIG_19,2075.0,466.57,0.0,1794.45,1794.45,78.5,90.0,Tangent Hold,OIL_AUTHORIZED
DIG_19,2100.0,491.07,0.0,1799.43,1799.43,78.5,90.0,Tangent Hold,OIL_AUTHORIZED
DIG_19,2125.0,515.57,0.0,1804.42,1804.42,78.5,90.0,Tangent Hold,OIL_AUTHORIZED
DIG_19,2150.0,540.06,0.0,1809.4,1809.4,78.5,90.0,Tangent Hold,OIL_AUTHORIZED
DIG_19,2175.0,564.56,0.0,1814.39,1814.39,78.5,90.0,Tangent Hold,OIL_AUTHORIZED
DIG_19,2200.0,589.06,0.0,1819.37,1819.37,78.5,90.0,Tangent Hold,OIL_AUTHORIZED
DIG_19,2225.0,613.56,0.0,1824.35,1824.35,78.5,90.0,Tangent Hold,OIL_AUTHORIZED
DIG_19,2250.0,638.06,0.0,1829.34,1829.34,78.5,90.0,Tangent Hold,OIL_AUTHORIZED
DIG_19,2275.0,662.56,0.0,1834.32,1834.32,78.5,90.0,Tangent Hold,OIL_AUTHORIZED
DIG_19,2300.0,687.05,0.0,1839.31,1839.31,78.5,90.0,Tangent Hold,OIL_AUTHORIZED
DIG_19,2325.0,711.55,0.0,1844.29,1844.29,78.5,90.0,Tangent Hold,OIL_AUTHORIZED
DIG_19,2350.0,736.05,0.0,1849.28,1849.28,78.5,90.0,Tangent Hold,OIL_AUTHORIZED
DIG_19,2375.0,760.55,0.0,1854.26,1854.26,78.5,90.0,Tangent Hold,OIL_AUTHORIZED
DIG_19,2400.0,785.05,0.0,1859.24,1859.24,78.5,90.0,Tangent Hold,OIL_AUTHORIZED
DIG_19,2425.0,809.54,0.0,1864.23,1864.23,78.5,90.0,Tangent Hold,OIL_AUTHORIZED
DIG_19,2450.0,834.04,0.0,1869.21,1869.21,78.5,90.0,Tangent Hold,OIL_AUTHORIZED
DIG_19,2475.0,858.54,0.0,1874.2,1874.2,78.5,90.0,Tangent Hold,OIL_AUTHORIZED
DIG_19,2500.0,883.04,0.0,1879.18,1879.18,78.5,90.0,Tangent Hold,OIL_AUTHORIZED
DIG_19,2525.0,907.54,0.0,1884.16,1884.16,78.5,90.0,Tangent Hold,OIL_AUTHORIZED
DIG_19,2550.0,932.03,0.0,1889.15,1889.15,78.5,90.0,Tangent Hold,OIL_AUTHORIZED
DIG_19,2575.0,956.53,0.0,1894.13,1894.13,78.5,90.0,Tangent Hold,OIL_AUTHORIZED
DIG_19,2600.0,981.03,0.0,1899.12,1899.12,78.5,90.0,Tangent Hold,OIL_AUTHORIZED
DIG_19,2625.0,1005.53,0.0,1904.1,1904.1,78.5,90.0,Tangent Hold,OIL_AUTHORIZED
DIG_19,2650.0,1030.03,0.0,1909.09,1909.09,78.5,90.0,Tangent Hold,OIL_AUTHORIZED
DIG_19,2675.0,1054.52,0.0,1914.07,1914.07,78.5,90.0,Tangent Hold,OIL_AUTHORIZED
DIG_19,2700.0,1079.02,0.0,1919.05,1919.05,78.5,90.0,Tangent Hold,OIL_AUTHORIZED
DIG_19,2725.0,1103.52,0.0,1924.04,1924.04,78.5,90.0,Tangent Hold,OIL_AUTHORIZED
DIG_19,2750.0,1128.02,0.0,1929.02,1929.02,78.5,90.0,Tangent Hold,OIL_AUTHORIZED
DIG_19,2775.0,1152.52,0.0,1934.01,1934.01,78.5,90.0,Tangent Hold,OIL_AUTHORIZED
DIG_19,2800.0,1177.02,0.0,1938.99,1938.99,78.5,90.0,Tangent Hold,OIL_AUTHORIZED
DIG_19,2825.0,1201.51,0.0,1943.98,1943.98,78.5,90.0,Tangent Hold,OIL_AUTHORIZED
DIG_19,2850.0,1226.01,0.0,1948.96,1948.96,78.5,90.0,Tangent Hold,OIL_AUTHORIZED
DIG_19,2875.0,1250.51,0.0,1953.94,1953.94,78.5,90.0,Tangent Hold,OIL_AUTHORIZED
DIG_19,2900.0,1275.01,0.0,1958.93,1958.93,78.5,90.0,Tangent Hold,OIL_AUTHORIZED
DIG_19,2925.0,1299.51,0.0,1963.91,1963.91,78.5,90.0,Tangent Hold,OIL_AUTHORIZED
DIG_19,2950.0,1324.0,0.0,1968.9,1968.9,78.5,90.0,Tangent Hold,OIL_AUTHORIZED
DIG_19,2975.0,1348.5,0.0,1973.88,1973.88,78.5,90.0,Tangent Hold,OIL_AUTHORIZED
DIG_19,3000.0,1373.0,0.0,1978.86,1978.86,78.5,90.0,Tangent Hold,OIL_AUTHORIZED
DIG_19,3025.0,1397.5,0.0,1983.85,1983.85,78.5,90.0,Tangent Hold,OIL_AUTHORIZED
DIG_19,3050.0,1422.0,0.0,1988.83,1988.83,78.5,90.0,Tangent Hold,OIL_AUTHORIZED
DIG_19,3075.0,1446.49,0.0,1993.82,1993.82,78.5,90.0,Tangent Hold,OIL_AUTHORIZED
DIG_19,3100.0,1470.99,0.0,1998.8,1998.8,78.5,90.0,Tangent Hold,OIL_AUTHORIZED
DIG_19,3125.0,1495.49,0.0,2003.79,2003.79,78.5,90.0,Tangent Hold,OIL_AUTHORIZED
DIG_19,3150.0,1519.99,0.0,2008.77,2008.77,78.5,90.0,Tangent Hold,OIL_AUTHORIZED
DIG_19,3175.0,1544.49,0.0,2013.75,2013.75,78.5,90.0,Tangent Hold,OIL_AUTHORIZED
DIG_19,3200.0,1568.99,0.0,2018.74,2018.74,78.5,90.0,Total Depth (TD Target),OIL_AUTHORIZED
DUL_104,0.0,0.0,0.0,0.0,0.0,0.0,65.0,Surface Wellhead,OIL_AUTHORIZED
DUL_104,25.0,0.0,0.0,25.0,25.0,0.0,65.0,Vertical Section,OIL_AUTHORIZED
DUL_104,50.0,0.0,0.0,50.0,50.0,0.0,65.0,Vertical Section,OIL_AUTHORIZED
DUL_104,75.0,0.0,0.0,75.0,75.0,0.0,65.0,Vertical Section,OIL_AUTHORIZED
DUL_104,100.0,0.0,0.0,100.0,100.0,0.0,65.0,Vertical Section,OIL_AUTHORIZED
DUL_104,125.0,0.0,0.0,125.0,125.0,0.0,65.0,Vertical Section,OIL_AUTHORIZED
DUL_104,150.0,0.0,0.0,150.0,150.0,0.0,65.0,Vertical Section,OIL_AUTHORIZED
DUL_104,175.0,0.0,0.0,175.0,175.0,0.0,65.0,Vertical Section,OIL_AUTHORIZED
DUL_104,200.0,0.0,0.0,200.0,200.0,0.0,65.0,Vertical Section,OIL_AUTHORIZED
DUL_104,225.0,0.0,0.0,225.0,225.0,0.0,65.0,Vertical Section,OIL_AUTHORIZED
DUL_104,250.0,0.0,0.0,250.0,250.0,0.0,65.0,Vertical Section,OIL_AUTHORIZED
DUL_104,275.0,0.0,0.0,275.0,275.0,0.0,65.0,Vertical Section,OIL_AUTHORIZED
DUL_104,300.0,0.0,0.0,300.0,300.0,0.0,65.0,Vertical Section,OIL_AUTHORIZED
DUL_104,325.0,0.0,0.0,325.0,325.0,0.0,65.0,Vertical Section,OIL_AUTHORIZED
DUL_104,350.0,0.0,0.0,350.0,350.0,0.0,65.0,Vertical Section,OIL_AUTHORIZED
DUL_104,375.0,0.0,0.0,375.0,375.0,0.0,65.0,Vertical Section,OIL_AUTHORIZED
DUL_104,400.0,0.0,0.0,400.0,400.0,0.0,65.0,Vertical Section,OIL_AUTHORIZED
DUL_104,425.0,0.0,0.0,425.0,425.0,0.0,65.0,Vertical Section,OIL_AUTHORIZED
DUL_104,450.0,0.0,0.0,450.0,450.0,0.0,65.0,Vertical Section,OIL_AUTHORIZED
DUL_104,475.0,0.0,0.0,475.0,475.0,0.0,65.0,Vertical Section,OIL_AUTHORIZED
DUL_104,500.0,0.0,0.0,500.0,500.0,0.0,65.0,Vertical Section,OIL_AUTHORIZED
DUL_104,525.0,0.0,0.0,525.0,525.0,0.0,65.0,Vertical Section,OIL_AUTHORIZED
DUL_104,550.0,0.0,0.0,550.0,550.0,0.0,65.0,Vertical Section,OIL_AUTHORIZED
DUL_104,575.0,0.0,0.0,575.0,575.0,0.0,65.0,Vertical Section,OIL_AUTHORIZED
DUL_104,600.0,0.0,0.0,600.0,600.0,0.0,65.0,Vertical Section,OIL_AUTHORIZED
DUL_104,625.0,0.0,0.0,625.0,625.0,0.0,65.0,Vertical Section,OIL_AUTHORIZED
DUL_104,650.0,0.0,0.0,650.0,650.0,0.0,65.0,Vertical Section,OIL_AUTHORIZED
DUL_104,675.0,0.0,0.0,675.0,675.0,0.0,65.0,Vertical Section,OIL_AUTHORIZED
DUL_104,700.0,0.0,0.0,700.0,700.0,0.0,65.0,Vertical Section,OIL_AUTHORIZED
DUL_104,725.0,0.0,0.0,725.0,725.0,0.0,65.0,Vertical Section,OIL_AUTHORIZED
DUL_104,750.0,0.0,0.0,750.0,750.0,0.0,65.0,Vertical Section,OIL_AUTHORIZED
DUL_104,775.0,0.0,0.0,775.0,775.0,0.0,65.0,Vertical Section,OIL_AUTHORIZED
DUL_104,800.0,0.0,0.0,800.0,800.0,0.0,65.0,Vertical Section,OIL_AUTHORIZED
DUL_104,825.0,0.0,0.0,825.0,825.0,0.0,65.0,Vertical Section,OIL_AUTHORIZED
DUL_104,850.0,0.0,0.0,850.0,850.0,0.0,65.0,Vertical Section,OIL_AUTHORIZED
DUL_104,875.0,0.72,0.34,874.99,874.99,1.83,65.0,Build-up Section (KOP),OIL_AUTHORIZED
DUL_104,900.0,2.17,1.01,899.94,899.94,3.67,65.0,Build-up Section (KOP),OIL_AUTHORIZED
DUL_104,925.0,4.35,2.03,924.82,924.82,5.5,65.0,Build-up Section (KOP),OIL_AUTHORIZED
DUL_104,950.0,7.24,3.37,949.62,949.62,7.33,65.0,Build-up Section (KOP),OIL_AUTHORIZED
DUL_104,975.0,10.85,5.06,974.3,974.3,9.17,65.0,Build-up Section (KOP),OIL_AUTHORIZED
DUL_104,1000.0,15.17,7.07,998.84,998.84,11.0,65.0,Build-up Section (KOP),OIL_AUTHORIZED
DUL_104,1025.0,20.2,9.42,1023.21,1023.21,12.83,65.0,Build-up Section (KOP),OIL_AUTHORIZED
DUL_104,1050.0,25.94,12.1,1047.4,1047.4,14.67,65.0,Build-up Section (KOP),OIL_AUTHORIZED
DUL_104,1075.0,32.37,15.1,1071.37,1071.37,16.5,65.0,Build-up Section (KOP),OIL_AUTHORIZED
DUL_104,1100.0,39.5,18.42,1095.1,1095.1,18.33,65.0,Build-up Section (KOP),OIL_AUTHORIZED
DUL_104,1125.0,47.31,22.06,1118.57,1118.57,20.17,65.0,Build-up Section (KOP),OIL_AUTHORIZED
DUL_104,1150.0,55.8,26.02,1141.75,1141.75,22.0,65.0,Build-up Section (KOP),OIL_AUTHORIZED
DUL_104,1175.0,64.96,30.29,1164.62,1164.62,23.83,65.0,Build-up Section (KOP),OIL_AUTHORIZED
DUL_104,1200.0,74.77,34.87,1187.15,1187.15,25.67,65.0,Build-up Section (KOP),OIL_AUTHORIZED
DUL_104,1225.0,85.23,39.74,1209.32,1209.32,27.5,65.0,Build-up Section (KOP),OIL_AUTHORIZED
DUL_104,1250.0,96.33,44.92,1231.12,1231.12,29.33,65.0,Build-up Section (KOP),OIL_AUTHORIZED
DUL_104,1275.0,108.06,50.39,1252.51,1252.51,31.17,65.0,Build-up Section (KOP),OIL_AUTHORIZED
DUL_104,1300.0,120.06,55.99,1273.71,1273.71,32.0,65.0,Build-up Section (KOP),OIL_AUTHORIZED
DUL_104,1325.0,132.07,61.59,1294.91,1294.91,32.0,65.0,Tangent Hold,OIL_AUTHORIZED
DUL_104,1350.0,144.08,67.18,1316.11,1316.11,32.0,65.0,Tangent Hold,OIL_AUTHORIZED
DUL_104,1375.0,156.09,72.78,1337.31,1337.31,32.0,65.0,Tangent Hold,OIL_AUTHORIZED
DUL_104,1400.0,168.09,78.38,1358.52,1358.52,32.0,65.0,Tangent Hold,OIL_AUTHORIZED
DUL_104,1425.0,180.1,83.98,1379.72,1379.72,32.0,65.0,Tangent Hold,OIL_AUTHORIZED
DUL_104,1450.0,192.11,89.58,1400.92,1400.92,32.0,65.0,Tangent Hold,OIL_AUTHORIZED
DUL_104,1475.0,204.11,95.18,1422.12,1422.12,32.0,65.0,Tangent Hold,OIL_AUTHORIZED
DUL_104,1500.0,216.12,100.78,1443.32,1443.32,32.0,65.0,Tangent Hold,OIL_AUTHORIZED
DUL_104,1525.0,228.13,106.38,1464.52,1464.52,32.0,65.0,Tangent Hold,OIL_AUTHORIZED
DUL_104,1550.0,240.13,111.98,1485.72,1485.72,32.0,65.0,Tangent Hold,OIL_AUTHORIZED
DUL_104,1575.0,252.14,117.57,1506.92,1506.92,32.0,65.0,Tangent Hold,OIL_AUTHORIZED
DUL_104,1600.0,264.15,123.17,1528.13,1528.13,32.0,65.0,Tangent Hold,OIL_AUTHORIZED
DUL_104,1625.0,276.15,128.77,1549.33,1549.33,32.0,65.0,Tangent Hold,OIL_AUTHORIZED
DUL_104,1650.0,288.16,134.37,1570.53,1570.53,32.0,65.0,Tangent Hold,OIL_AUTHORIZED
DUL_104,1675.0,300.17,139.97,1591.73,1591.73,32.0,65.0,Tangent Hold,OIL_AUTHORIZED
DUL_104,1700.0,312.17,145.57,1612.93,1612.93,32.0,65.0,Tangent Hold,OIL_AUTHORIZED
DUL_104,1725.0,324.18,151.17,1634.13,1634.13,32.0,65.0,Tangent Hold,OIL_AUTHORIZED
DUL_104,1750.0,336.19,156.77,1655.33,1655.33,32.0,65.0,Tangent Hold,OIL_AUTHORIZED
DUL_104,1775.0,348.19,162.37,1676.53,1676.53,32.0,65.0,Tangent Hold,OIL_AUTHORIZED
DUL_104,1800.0,360.2,167.96,1697.74,1697.74,32.0,65.0,Tangent Hold,OIL_AUTHORIZED
DUL_104,1825.0,372.21,173.56,1718.94,1718.94,32.0,65.0,Tangent Hold,OIL_AUTHORIZED
DUL_104,1850.0,384.21,179.16,1740.14,1740.14,32.0,65.0,Tangent Hold,OIL_AUTHORIZED
DUL_104,1875.0,396.22,184.76,1761.34,1761.34,32.0,65.0,Tangent Hold,OIL_AUTHORIZED
DUL_104,1900.0,408.23,190.36,1782.54,1782.54,32.0,65.0,Tangent Hold,OIL_AUTHORIZED
DUL_104,1925.0,420.23,195.96,1803.74,1803.74,32.0,65.0,Tangent Hold,OIL_AUTHORIZED
DUL_104,1950.0,432.24,201.56,1824.94,1824.94,32.0,65.0,Tangent Hold,OIL_AUTHORIZED
DUL_104,1975.0,444.25,207.16,1846.14,1846.14,32.0,65.0,Tangent Hold,OIL_AUTHORIZED
DUL_104,2000.0,456.25,212.75,1867.34,1867.34,32.0,65.0,Tangent Hold,OIL_AUTHORIZED
DUL_104,2025.0,468.26,218.35,1888.55,1888.55,32.0,65.0,Tangent Hold,OIL_AUTHORIZED
DUL_104,2050.0,480.27,223.95,1909.75,1909.75,32.0,65.0,Tangent Hold,OIL_AUTHORIZED
DUL_104,2075.0,492.27,229.55,1930.95,1930.95,32.0,65.0,Tangent Hold,OIL_AUTHORIZED
DUL_104,2100.0,504.28,235.15,1952.15,1952.15,32.0,65.0,Tangent Hold,OIL_AUTHORIZED
DUL_104,2125.0,516.29,240.75,1973.35,1973.35,32.0,65.0,Tangent Hold,OIL_AUTHORIZED
DUL_104,2150.0,528.29,246.35,1994.55,1994.55,32.0,65.0,Tangent Hold,OIL_AUTHORIZED
DUL_104,2175.0,540.3,251.95,2015.75,2015.75,32.0,65.0,Tangent Hold,OIL_AUTHORIZED
DUL_104,2200.0,552.31,257.55,2036.95,2036.95,32.0,65.0,Tangent Hold,OIL_AUTHORIZED
DUL_104,2225.0,564.31,263.14,2058.16,2058.16,32.0,65.0,Tangent Hold,OIL_AUTHORIZED
DUL_104,2250.0,576.32,268.74,2079.36,2079.36,32.0,65.0,Tangent Hold,OIL_AUTHORIZED
DUL_104,2275.0,588.33,274.34,2100.56,2100.56,32.0,65.0,Tangent Hold,OIL_AUTHORIZED
DUL_104,2300.0,600.33,279.94,2121.76,2121.76,32.0,65.0,Tangent Hold,OIL_AUTHORIZED
DUL_104,2325.0,612.34,285.54,2142.96,2142.96,32.0,65.0,Tangent Hold,OIL_AUTHORIZED
DUL_104,2350.0,624.35,291.14,2164.16,2164.16,32.0,65.0,Tangent Hold,OIL_AUTHORIZED
DUL_104,2375.0,636.36,296.74,2185.36,2185.36,32.0,65.0,Tangent Hold,OIL_AUTHORIZED
DUL_104,2400.0,648.36,302.34,2206.56,2206.56,32.0,65.0,Tangent Hold,OIL_AUTHORIZED
DUL_104,2425.0,660.37,307.93,2227.77,2227.77,32.0,65.0,Tangent Hold,OIL_AUTHORIZED
DUL_104,2450.0,672.38,313.53,2248.97,2248.97,32.0,65.0,Tangent Hold,OIL_AUTHORIZED
DUL_104,2475.0,684.38,319.13,2270.17,2270.17,32.0,65.0,Tangent Hold,OIL_AUTHORIZED
DUL_104,2500.0,696.39,324.73,2291.37,2291.37,32.0,65.0,Tangent Hold,OIL_AUTHORIZED
DUL_104,2525.0,708.4,330.33,2312.57,2312.57,32.0,65.0,Tangent Hold,OIL_AUTHORIZED
DUL_104,2550.0,720.4,335.93,2333.77,2333.77,32.0,65.0,Tangent Hold,OIL_AUTHORIZED
DUL_104,2575.0,732.41,341.53,2354.97,2354.97,32.0,65.0,Tangent Hold,OIL_AUTHORIZED
DUL_104,2600.0,744.42,347.13,2376.17,2376.17,32.0,65.0,Tangent Hold,OIL_AUTHORIZED
DUL_104,2625.0,756.42,352.73,2397.38,2397.38,32.0,65.0,Tangent Hold,OIL_AUTHORIZED
DUL_104,2650.0,768.43,358.32,2418.58,2418.58,32.0,65.0,Tangent Hold,OIL_AUTHORIZED
DUL_104,2675.0,780.44,363.92,2439.78,2439.78,32.0,65.0,Tangent Hold,OIL_AUTHORIZED
DUL_104,2700.0,792.44,369.52,2460.98,2460.98,32.0,65.0,Tangent Hold,OIL_AUTHORIZED
DUL_104,2725.0,804.45,375.12,2482.18,2482.18,32.0,65.0,Tangent Hold,OIL_AUTHORIZED
DUL_104,2750.0,816.46,380.72,2503.38,2503.38,32.0,65.0,Tangent Hold,OIL_AUTHORIZED
DUL_104,2775.0,828.46,386.32,2524.58,2524.58,32.0,65.0,Tangent Hold,OIL_AUTHORIZED
DUL_104,2800.0,840.47,391.92,2545.78,2545.78,32.0,65.0,Tangent Hold,OIL_AUTHORIZED
DUL_104,2825.0,852.48,397.52,2566.98,2566.98,32.0,65.0,Tangent Hold,OIL_AUTHORIZED
DUL_104,2850.0,864.48,403.12,2588.19,2588.19,32.0,65.0,Tangent Hold,OIL_AUTHORIZED
DUL_104,2875.0,876.49,408.71,2609.39,2609.39,32.0,65.0,Tangent Hold,OIL_AUTHORIZED
DUL_104,2900.0,888.5,414.31,2630.59,2630.59,32.0,65.0,Tangent Hold,OIL_AUTHORIZED
DUL_104,2925.0,900.5,419.91,2651.79,2651.79,32.0,65.0,Tangent Hold,OIL_AUTHORIZED
DUL_104,2950.0,912.51,425.51,2672.99,2672.99,32.0,65.0,Tangent Hold,OIL_AUTHORIZED
DUL_104,2975.0,924.52,431.11,2694.19,2694.19,32.0,65.0,Tangent Hold,OIL_AUTHORIZED
DUL_104,3000.0,936.52,436.71,2715.39,2715.39,32.0,65.0,Tangent Hold,OIL_AUTHORIZED
DUL_104,3025.0,948.53,442.31,2736.59,2736.59,32.0,65.0,Tangent Hold,OIL_AUTHORIZED
DUL_104,3050.0,960.54,447.91,2757.8,2757.8,32.0,65.0,Tangent Hold,OIL_AUTHORIZED
DUL_104,3075.0,972.54,453.5,2779.0,2779.0,32.0,65.0,Tangent Hold,OIL_AUTHORIZED
DUL_104,3100.0,984.55,459.1,2800.2,2800.2,32.0,65.0,Tangent Hold,OIL_AUTHORIZED
DUL_104,3125.0,996.56,464.7,2821.4,2821.4,32.0,65.0,Tangent Hold,OIL_AUTHORIZED
DUL_104,3150.0,1008.56,470.3,2842.6,2842.6,32.0,65.0,Tangent Hold,OIL_AUTHORIZED
DUL_104,3175.0,1020.57,475.9,2863.8,2863.8,32.0,65.0,Tangent Hold,OIL_AUTHORIZED
DUL_104,3200.0,1032.58,481.5,2885.0,2885.0,32.0,65.0,Tangent Hold,OIL_AUTHORIZED
DUL_104,3225.0,1044.58,487.1,2906.2,2906.2,32.0,65.0,Tangent Hold,OIL_AUTHORIZED
DUL_104,3250.0,1056.59,492.7,2927.41,2927.41,32.0,65.0,Tangent Hold,OIL_AUTHORIZED
DUL_104,3275.0,1068.6,498.3,2948.61,2948.61,32.0,65.0,Tangent Hold,OIL_AUTHORIZED
DUL_104,3300.0,1080.6,503.89,2969.81,2969.81,32.0,65.0,Tangent Hold,OIL_AUTHORIZED
DUL_104,3325.0,1092.61,509.49,2991.01,2991.01,32.0,65.0,Tangent Hold,OIL_AUTHORIZED
DUL_104,3350.0,1104.62,515.09,3012.21,3012.21,32.0,65.0,Tangent Hold,OIL_AUTHORIZED
DUL_104,3375.0,1116.63,520.69,3033.41,3033.41,32.0,65.0,Tangent Hold,OIL_AUTHORIZED
DUL_104,3400.0,1128.63,526.29,3054.61,3054.61,32.0,65.0,Tangent Hold,OIL_AUTHORIZED
DUL_104,3425.0,1140.64,531.89,3075.81,3075.81,32.0,65.0,Tangent Hold,OIL_AUTHORIZED
DUL_104,3450.0,1152.65,537.49,3097.01,3097.01,32.0,65.0,Tangent Hold,OIL_AUTHORIZED
DUL_104,3475.0,1164.65,543.09,3118.22,3118.22,32.0,65.0,Tangent Hold,OIL_AUTHORIZED
DUL_104,3500.0,1176.66,548.68,3139.42,3139.42,32.0,65.0,Tangent Hold,OIL_AUTHORIZED
DUL_104,3525.0,1188.67,554.28,3160.62,3160.62,32.0,65.0,Total Depth (TD Target),OIL_AUTHORIZED
DUL_88,0.0,0.0,0.0,0.0,0.0,0.0,280.0,Surface Wellhead,OIL_AUTHORIZED
DUL_88,25.0,0.0,0.0,25.0,25.0,0.0,280.0,Vertical Section,OIL_AUTHORIZED
DUL_88,50.0,0.0,0.0,50.0,50.0,0.0,280.0,Vertical Section,OIL_AUTHORIZED
DUL_88,75.0,0.0,0.0,75.0,75.0,0.0,280.0,Vertical Section,OIL_AUTHORIZED
DUL_88,100.0,0.0,0.0,100.0,100.0,0.0,280.0,Vertical Section,OIL_AUTHORIZED
DUL_88,125.0,0.0,0.0,125.0,125.0,0.0,280.0,Vertical Section,OIL_AUTHORIZED
DUL_88,150.0,0.0,0.0,150.0,150.0,0.0,280.0,Vertical Section,OIL_AUTHORIZED
DUL_88,175.0,0.0,0.0,175.0,175.0,0.0,280.0,Vertical Section,OIL_AUTHORIZED
DUL_88,200.0,0.0,0.0,200.0,200.0,0.0,280.0,Vertical Section,OIL_AUTHORIZED
DUL_88,225.0,0.0,0.0,225.0,225.0,0.0,280.0,Vertical Section,OIL_AUTHORIZED
DUL_88,250.0,0.0,0.0,250.0,250.0,0.0,280.0,Vertical Section,OIL_AUTHORIZED
DUL_88,275.0,0.0,0.0,275.0,275.0,0.0,280.0,Vertical Section,OIL_AUTHORIZED
DUL_88,300.0,0.0,0.0,300.0,300.0,0.0,280.0,Vertical Section,OIL_AUTHORIZED
DUL_88,325.0,0.0,0.0,325.0,325.0,0.0,280.0,Vertical Section,OIL_AUTHORIZED
DUL_88,350.0,0.0,0.0,350.0,350.0,0.0,280.0,Vertical Section,OIL_AUTHORIZED
DUL_88,375.0,0.0,0.0,375.0,375.0,0.0,280.0,Vertical Section,OIL_AUTHORIZED
DUL_88,400.0,0.0,0.0,400.0,400.0,0.0,280.0,Vertical Section,OIL_AUTHORIZED
DUL_88,425.0,0.0,0.0,425.0,425.0,0.0,280.0,Vertical Section,OIL_AUTHORIZED
DUL_88,450.0,0.0,0.0,450.0,450.0,0.0,280.0,Vertical Section,OIL_AUTHORIZED
DUL_88,475.0,0.0,0.0,475.0,475.0,0.0,280.0,Vertical Section,OIL_AUTHORIZED
DUL_88,500.0,0.0,0.0,500.0,500.0,0.0,280.0,Vertical Section,OIL_AUTHORIZED
DUL_88,525.0,0.0,0.0,525.0,525.0,0.0,280.0,Vertical Section,OIL_AUTHORIZED
DUL_88,550.0,0.0,0.0,550.0,550.0,0.0,280.0,Vertical Section,OIL_AUTHORIZED
DUL_88,575.0,0.0,0.0,575.0,575.0,0.0,280.0,Vertical Section,OIL_AUTHORIZED
DUL_88,600.0,0.0,0.0,600.0,600.0,0.0,280.0,Vertical Section,OIL_AUTHORIZED
DUL_88,625.0,0.0,0.0,625.0,625.0,0.0,280.0,Vertical Section,OIL_AUTHORIZED
DUL_88,650.0,0.0,0.0,650.0,650.0,0.0,280.0,Vertical Section,OIL_AUTHORIZED
DUL_88,675.0,0.0,0.0,675.0,675.0,0.0,280.0,Vertical Section,OIL_AUTHORIZED
DUL_88,700.0,0.0,0.0,700.0,700.0,0.0,280.0,Vertical Section,OIL_AUTHORIZED
DUL_88,725.0,0.0,0.0,725.0,725.0,0.0,280.0,Vertical Section,OIL_AUTHORIZED
DUL_88,750.0,0.0,0.0,750.0,750.0,0.0,280.0,Vertical Section,OIL_AUTHORIZED
DUL_88,775.0,0.0,0.0,775.0,775.0,0.0,280.0,Vertical Section,OIL_AUTHORIZED
DUL_88,800.0,0.0,0.0,800.0,800.0,0.0,280.0,Vertical Section,OIL_AUTHORIZED
DUL_88,825.0,-1.15,0.2,824.97,824.97,2.67,280.0,Build-up Section (KOP),OIL_AUTHORIZED
DUL_88,850.0,-3.43,0.61,849.86,849.86,5.33,280.0,Build-up Section (KOP),OIL_AUTHORIZED
DUL_88,875.0,-6.86,1.21,874.62,874.62,8.0,280.0,Build-up Section (KOP),OIL_AUTHORIZED
DUL_88,900.0,-11.42,2.01,899.19,899.19,10.67,280.0,Build-up Section (KOP),OIL_AUTHORIZED
DUL_88,925.0,-17.1,3.01,923.52,923.52,13.33,280.0,Build-up Section (KOP),OIL_AUTHORIZED
DUL_88,950.0,-23.88,4.21,947.55,947.55,16.0,280.0,Build-up Section (KOP),OIL_AUTHORIZED
DUL_88,975.0,-31.76,5.6,971.23,971.23,18.67,280.0,Build-up Section (KOP),OIL_AUTHORIZED
DUL_88,1000.0,-40.72,7.18,994.52,994.52,21.33,280.0,Build-up Section (KOP),OIL_AUTHORIZED
DUL_88,1025.0,-50.73,8.95,1017.36,1017.36,24.0,280.0,Build-up Section (KOP),OIL_AUTHORIZED
DUL_88,1050.0,-61.78,10.89,1039.7,1039.7,26.67,280.0,Build-up Section (KOP),OIL_AUTHORIZED
DUL_88,1075.0,-73.84,13.02,1061.49,1061.49,29.33,280.0,Build-up Section (KOP),OIL_AUTHORIZED
DUL_88,1100.0,-86.89,15.32,1082.69,1082.69,32.0,280.0,Build-up Section (KOP),OIL_AUTHORIZED
DUL_88,1125.0,-100.89,17.79,1103.26,1103.26,34.67,280.0,Build-up Section (KOP),OIL_AUTHORIZED
DUL_88,1150.0,-115.36,20.34,1123.48,1123.48,36.0,280.0,Build-up Section (KOP),OIL_AUTHORIZED
DUL_88,1175.0,-129.84,22.89,1143.71,1143.71,36.0,280.0,Tangent Hold,OIL_AUTHORIZED
DUL_88,1200.0,-144.31,25.45,1163.93,1163.93,36.0,280.0,Tangent Hold,OIL_AUTHORIZED
DUL_88,1225.0,-158.78,28.0,1184.16,1184.16,36.0,280.0,Tangent Hold,OIL_AUTHORIZED
DUL_88,1250.0,-173.25,30.55,1204.38,1204.38,36.0,280.0,Tangent Hold,OIL_AUTHORIZED
DUL_88,1275.0,-187.72,33.1,1224.61,1224.61,36.0,280.0,Tangent Hold,OIL_AUTHORIZED
DUL_88,1300.0,-202.19,35.65,1244.83,1244.83,36.0,280.0,Tangent Hold,OIL_AUTHORIZED
DUL_88,1325.0,-216.66,38.2,1265.06,1265.06,36.0,280.0,Tangent Hold,OIL_AUTHORIZED
DUL_88,1350.0,-231.14,40.76,1285.28,1285.28,36.0,280.0,Tangent Hold,OIL_AUTHORIZED
DUL_88,1375.0,-245.61,43.31,1305.51,1305.51,36.0,280.0,Tangent Hold,OIL_AUTHORIZED
DUL_88,1400.0,-260.08,45.86,1325.74,1325.74,36.0,280.0,Tangent Hold,OIL_AUTHORIZED
DUL_88,1425.0,-274.55,48.41,1345.96,1345.96,36.0,280.0,Tangent Hold,OIL_AUTHORIZED
DUL_88,1450.0,-289.02,50.96,1366.19,1366.19,36.0,280.0,Tangent Hold,OIL_AUTHORIZED
DUL_88,1475.0,-303.49,53.51,1386.41,1386.41,36.0,280.0,Tangent Hold,OIL_AUTHORIZED
DUL_88,1500.0,-317.96,56.07,1406.64,1406.64,36.0,280.0,Tangent Hold,OIL_AUTHORIZED
DUL_88,1525.0,-332.44,58.62,1426.86,1426.86,36.0,280.0,Tangent Hold,OIL_AUTHORIZED
DUL_88,1550.0,-346.91,61.17,1447.09,1447.09,36.0,280.0,Tangent Hold,OIL_AUTHORIZED
DUL_88,1575.0,-361.38,63.72,1467.31,1467.31,36.0,280.0,Tangent Hold,OIL_AUTHORIZED
DUL_88,1600.0,-375.85,66.27,1487.54,1487.54,36.0,280.0,Tangent Hold,OIL_AUTHORIZED
DUL_88,1625.0,-390.32,68.82,1507.76,1507.76,36.0,280.0,Tangent Hold,OIL_AUTHORIZED
DUL_88,1650.0,-404.79,71.38,1527.99,1527.99,36.0,280.0,Tangent Hold,OIL_AUTHORIZED
DUL_88,1675.0,-419.26,73.93,1548.22,1548.22,36.0,280.0,Tangent Hold,OIL_AUTHORIZED
DUL_88,1700.0,-433.74,76.48,1568.44,1568.44,36.0,280.0,Tangent Hold,OIL_AUTHORIZED
DUL_88,1725.0,-448.21,79.03,1588.67,1588.67,36.0,280.0,Tangent Hold,OIL_AUTHORIZED
DUL_88,1750.0,-462.68,81.58,1608.89,1608.89,36.0,280.0,Tangent Hold,OIL_AUTHORIZED
DUL_88,1775.0,-477.15,84.13,1629.12,1629.12,36.0,280.0,Tangent Hold,OIL_AUTHORIZED
DUL_88,1800.0,-491.62,86.69,1649.34,1649.34,36.0,280.0,Tangent Hold,OIL_AUTHORIZED
DUL_88,1825.0,-506.09,89.24,1669.57,1669.57,36.0,280.0,Tangent Hold,OIL_AUTHORIZED
DUL_88,1850.0,-520.56,91.79,1689.79,1689.79,36.0,280.0,Tangent Hold,OIL_AUTHORIZED
DUL_88,1875.0,-535.04,94.34,1710.02,1710.02,36.0,280.0,Tangent Hold,OIL_AUTHORIZED
DUL_88,1900.0,-549.51,96.89,1730.24,1730.24,36.0,280.0,Tangent Hold,OIL_AUTHORIZED
DUL_88,1925.0,-563.98,99.44,1750.47,1750.47,36.0,280.0,Tangent Hold,OIL_AUTHORIZED
DUL_88,1950.0,-578.45,102.0,1770.7,1770.7,36.0,280.0,Tangent Hold,OIL_AUTHORIZED
DUL_88,1975.0,-592.92,104.55,1790.92,1790.92,36.0,280.0,Tangent Hold,OIL_AUTHORIZED
DUL_88,2000.0,-607.39,107.1,1811.15,1811.15,36.0,280.0,Tangent Hold,OIL_AUTHORIZED
DUL_88,2025.0,-621.86,109.65,1831.37,1831.37,36.0,280.0,Tangent Hold,OIL_AUTHORIZED
DUL_88,2050.0,-636.33,112.2,1851.6,1851.6,36.0,280.0,Tangent Hold,OIL_AUTHORIZED
DUL_88,2075.0,-650.81,114.75,1871.82,1871.82,36.0,280.0,Tangent Hold,OIL_AUTHORIZED
DUL_88,2100.0,-665.28,117.31,1892.05,1892.05,36.0,280.0,Tangent Hold,OIL_AUTHORIZED
DUL_88,2125.0,-679.75,119.86,1912.27,1912.27,36.0,280.0,Tangent Hold,OIL_AUTHORIZED
DUL_88,2150.0,-694.22,122.41,1932.5,1932.5,36.0,280.0,Tangent Hold,OIL_AUTHORIZED
DUL_88,2175.0,-708.69,124.96,1952.72,1952.72,36.0,280.0,Tangent Hold,OIL_AUTHORIZED
DUL_88,2200.0,-723.16,127.51,1972.95,1972.95,36.0,280.0,Tangent Hold,OIL_AUTHORIZED
DUL_88,2225.0,-737.63,130.06,1993.17,1993.17,36.0,280.0,Tangent Hold,OIL_AUTHORIZED
DUL_88,2250.0,-752.11,132.62,2013.4,2013.4,36.0,280.0,Tangent Hold,OIL_AUTHORIZED
DUL_88,2275.0,-766.58,135.17,2033.63,2033.63,36.0,280.0,Tangent Hold,OIL_AUTHORIZED
DUL_88,2300.0,-781.05,137.72,2053.85,2053.85,36.0,280.0,Tangent Hold,OIL_AUTHORIZED
DUL_88,2325.0,-794.64,140.12,2074.7,2074.7,33.5,280.0,Drop-off Section,OIL_AUTHORIZED
DUL_88,2350.0,-807.32,142.35,2096.13,2096.13,31.0,280.0,Drop-off Section,OIL_AUTHORIZED
DUL_88,2375.0,-819.07,144.42,2118.1,2118.1,28.5,280.0,Drop-off Section,OIL_AUTHORIZED
DUL_88,2400.0,-829.86,146.33,2140.57,2140.57,26.0,280.0,Drop-off Section,OIL_AUTHORIZED
DUL_88,2425.0,-839.68,148.06,2163.49,2163.49,23.5,280.0,Drop-off Section,OIL_AUTHORIZED
DUL_88,2450.0,-848.5,149.61,2186.83,2186.83,21.0,280.0,Drop-off Section,OIL_AUTHORIZED
DUL_88,2475.0,-856.31,150.99,2210.54,2210.54,18.5,280.0,Drop-off Section,OIL_AUTHORIZED
DUL_88,2500.0,-863.1,152.19,2234.57,2234.57,16.0,280.0,Drop-off Section,OIL_AUTHORIZED
DUL_88,2525.0,-868.84,153.2,2258.88,2258.88,13.5,280.0,Drop-off Section,OIL_AUTHORIZED
DUL_88,2550.0,-873.54,154.03,2283.42,2283.42,11.0,280.0,Drop-off Section,OIL_AUTHORIZED
DUL_88,2575.0,-877.18,154.67,2308.15,2308.15,8.5,280.0,Drop-off Section,OIL_AUTHORIZED
DUL_88,2600.0,-879.75,155.12,2333.01,2333.01,6.0,280.0,Drop-off Section,OIL_AUTHORIZED
DUL_88,2625.0,-881.26,155.39,2357.97,2357.97,3.5,280.0,Drop-off Section,OIL_AUTHORIZED
DUL_88,2650.0,-882.12,155.54,2382.95,2382.95,2.0,280.0,Drop-off Section,OIL_AUTHORIZED
DUL_88,2675.0,-882.98,155.69,2407.93,2407.93,2.0,280.0,Vertical Landing,OIL_AUTHORIZED
DUL_88,2700.0,-883.84,155.84,2432.92,2432.92,2.0,280.0,Vertical Landing,OIL_AUTHORIZED
DUL_88,2725.0,-884.69,156.0,2457.9,2457.9,2.0,280.0,Vertical Landing,OIL_AUTHORIZED
DUL_88,2750.0,-885.55,156.15,2482.89,2482.89,2.0,280.0,Vertical Landing,OIL_AUTHORIZED
DUL_88,2775.0,-886.41,156.3,2507.87,2507.87,2.0,280.0,Vertical Landing,OIL_AUTHORIZED
DUL_88,2800.0,-887.27,156.45,2532.86,2532.86,2.0,280.0,Vertical Landing,OIL_AUTHORIZED
DUL_88,2825.0,-888.13,156.6,2557.84,2557.84,2.0,280.0,Vertical Landing,OIL_AUTHORIZED
DUL_88,2850.0,-888.99,156.75,2582.83,2582.83,2.0,280.0,Vertical Landing,OIL_AUTHORIZED
DUL_88,2875.0,-889.85,156.9,2607.81,2607.81,2.0,280.0,Vertical Landing,OIL_AUTHORIZED
DUL_88,2900.0,-890.71,157.06,2632.8,2632.8,2.0,280.0,Vertical Landing,OIL_AUTHORIZED
DUL_88,2925.0,-891.57,157.21,2657.78,2657.78,2.0,280.0,Vertical Landing,OIL_AUTHORIZED
DUL_88,2950.0,-892.43,157.36,2682.77,2682.77,2.0,280.0,Vertical Landing,OIL_AUTHORIZED
DUL_88,2975.0,-893.29,157.51,2707.75,2707.75,2.0,280.0,Vertical Landing,OIL_AUTHORIZED
DUL_88,3000.0,-894.15,157.66,2732.74,2732.74,2.0,280.0,Vertical Landing,OIL_AUTHORIZED
DUL_88,3025.0,-895.01,157.81,2757.72,2757.72,2.0,280.0,Vertical Landing,OIL_AUTHORIZED
DUL_88,3050.0,-895.86,157.97,2782.71,2782.71,2.0,280.0,Vertical Landing,OIL_AUTHORIZED
DUL_88,3075.0,-896.72,158.12,2807.69,2807.69,2.0,280.0,Vertical Landing,OIL_AUTHORIZED
DUL_88,3100.0,-897.58,158.27,2832.68,2832.68,2.0,280.0,Vertical Landing,OIL_AUTHORIZED
DUL_88,3125.0,-898.44,158.42,2857.66,2857.66,2.0,280.0,Vertical Landing,OIL_AUTHORIZED
DUL_88,3150.0,-899.3,158.57,2882.65,2882.65,2.0,280.0,Vertical Landing,OIL_AUTHORIZED
DUL_88,3175.0,-900.16,158.72,2907.63,2907.63,2.0,280.0,Vertical Landing,OIL_AUTHORIZED
DUL_88,3200.0,-901.02,158.87,2932.61,2932.61,2.0,280.0,Vertical Landing,OIL_AUTHORIZED
DUL_88,3225.0,-901.88,159.03,2957.6,2957.6,2.0,280.0,Vertical Landing,OIL_AUTHORIZED
DUL_88,3250.0,-902.74,159.18,2982.58,2982.58,2.0,280.0,Vertical Landing,OIL_AUTHORIZED
DUL_88,3275.0,-903.6,159.33,3007.57,3007.57,2.0,280.0,Vertical Landing,OIL_AUTHORIZED
DUL_88,3300.0,-904.46,159.48,3032.55,3032.55,2.0,280.0,Vertical Landing,OIL_AUTHORIZED
DUL_88,3325.0,-905.32,159.63,3057.54,3057.54,2.0,280.0,Vertical Landing,OIL_AUTHORIZED
DUL_88,3350.0,-906.18,159.78,3082.52,3082.52,2.0,280.0,Vertical Landing,OIL_AUTHORIZED
DUL_88,3375.0,-907.03,159.93,3107.51,3107.51,2.0,280.0,Vertical Landing,OIL_AUTHORIZED
DUL_88,3400.0,-907.89,160.09,3132.49,3132.49,2.0,280.0,Vertical Landing,OIL_AUTHORIZED
DUL_88,3425.0,-908.75,160.24,3157.48,3157.48,2.0,280.0,Vertical Landing,OIL_AUTHORIZED
DUL_88,3450.0,-909.61,160.39,3182.46,3182.46,2.0,280.0,Vertical Landing,OIL_AUTHORIZED
DUL_88,3475.0,-910.47,160.54,3207.45,3207.45,2.0,280.0,Vertical Landing,OIL_AUTHORIZED
DUL_88,3500.0,-911.33,160.69,3232.43,3232.43,2.0,280.0,Vertical Landing,OIL_AUTHORIZED
DUL_88,3525.0,-912.19,160.84,3257.42,3257.42,2.0,280.0,Vertical Landing,OIL_AUTHORIZED
DUL_88,3550.0,-913.05,161.0,3282.4,3282.4,2.0,280.0,Vertical Landing,OIL_AUTHORIZED
DUL_88,3575.0,-913.91,161.15,3307.39,3307.39,2.0,280.0,Vertical Landing,OIL_AUTHORIZED
DUL_88,3600.0,-914.77,161.3,3332.37,3332.37,2.0,280.0,Vertical Landing,OIL_AUTHORIZED
DUL_88,3625.0,-915.63,161.45,3357.36,3357.36,2.0,280.0,Vertical Landing,OIL_AUTHORIZED
DUL_88,3650.0,-916.49,161.6,3382.34,3382.34,2.0,280.0,Vertical Landing,OIL_AUTHORIZED
DUL_88,3675.0,-917.35,161.75,3407.33,3407.33,2.0,280.0,Vertical Landing,OIL_AUTHORIZED
DUL_88,3700.0,-918.2,161.9,3432.31,3432.31,2.0,280.0,Total Depth (TD Target),OIL_AUTHORIZED
DUL_92,0.0,0.0,0.0,0.0,0.0,0.0,135.0,Surface Wellhead,OIL_AUTHORIZED
DUL_92,25.0,0.0,0.0,25.0,25.0,0.0,135.0,Vertical Section,OIL_AUTHORIZED
DUL_92,50.0,0.0,0.0,50.0,50.0,0.0,135.0,Vertical Section,OIL_AUTHORIZED
DUL_92,75.0,0.0,0.0,75.0,75.0,0.0,135.0,Vertical Section,OIL_AUTHORIZED
DUL_92,100.0,0.0,0.0,100.0,100.0,0.0,135.0,Vertical Section,OIL_AUTHORIZED
DUL_92,125.0,0.0,0.0,125.0,125.0,0.0,135.0,Vertical Section,OIL_AUTHORIZED
DUL_92,150.0,0.0,0.0,150.0,150.0,0.0,135.0,Vertical Section,OIL_AUTHORIZED
DUL_92,175.0,0.0,0.0,175.0,175.0,0.0,135.0,Vertical Section,OIL_AUTHORIZED
DUL_92,200.0,0.0,0.0,200.0,200.0,0.0,135.0,Vertical Section,OIL_AUTHORIZED
DUL_92,225.0,0.0,0.0,225.0,225.0,0.0,135.0,Vertical Section,OIL_AUTHORIZED
DUL_92,250.0,0.0,0.0,250.0,250.0,0.0,135.0,Vertical Section,OIL_AUTHORIZED
DUL_92,275.0,0.0,0.0,275.0,275.0,0.0,135.0,Vertical Section,OIL_AUTHORIZED
DUL_92,300.0,0.0,0.0,300.0,300.0,0.0,135.0,Vertical Section,OIL_AUTHORIZED
DUL_92,325.0,0.0,0.0,325.0,325.0,0.0,135.0,Vertical Section,OIL_AUTHORIZED
DUL_92,350.0,0.0,0.0,350.0,350.0,0.0,135.0,Vertical Section,OIL_AUTHORIZED
DUL_92,375.0,0.0,0.0,375.0,375.0,0.0,135.0,Vertical Section,OIL_AUTHORIZED
DUL_92,400.0,0.0,0.0,400.0,400.0,0.0,135.0,Vertical Section,OIL_AUTHORIZED
DUL_92,425.0,0.0,0.0,425.0,425.0,0.0,135.0,Vertical Section,OIL_AUTHORIZED
DUL_92,450.0,0.0,0.0,450.0,450.0,0.0,135.0,Vertical Section,OIL_AUTHORIZED
DUL_92,475.0,0.0,0.0,475.0,475.0,0.0,135.0,Vertical Section,OIL_AUTHORIZED
DUL_92,500.0,0.0,0.0,500.0,500.0,0.0,135.0,Vertical Section,OIL_AUTHORIZED
DUL_92,525.0,0.0,0.0,525.0,525.0,0.0,135.0,Vertical Section,OIL_AUTHORIZED
DUL_92,550.0,0.0,0.0,550.0,550.0,0.0,135.0,Vertical Section,OIL_AUTHORIZED
DUL_92,575.0,0.0,0.0,575.0,575.0,0.0,135.0,Vertical Section,OIL_AUTHORIZED
DUL_92,600.0,0.0,0.0,600.0,600.0,0.0,135.0,Vertical Section,OIL_AUTHORIZED
DUL_92,625.0,0.0,0.0,625.0,625.0,0.0,135.0,Vertical Section,OIL_AUTHORIZED
DUL_92,650.0,0.0,0.0,650.0,650.0,0.0,135.0,Vertical Section,OIL_AUTHORIZED
DUL_92,675.0,0.0,0.0,675.0,675.0,0.0,135.0,Vertical Section,OIL_AUTHORIZED
DUL_92,700.0,0.0,0.0,700.0,700.0,0.0,135.0,Vertical Section,OIL_AUTHORIZED
DUL_92,725.0,0.0,0.0,725.0,725.0,0.0,135.0,Vertical Section,OIL_AUTHORIZED
DUL_92,750.0,0.0,0.0,750.0,750.0,0.0,135.0,Vertical Section,OIL_AUTHORIZED
DUL_92,775.0,0.64,-0.64,774.98,774.98,2.08,135.0,Build-up Section (KOP),OIL_AUTHORIZED
DUL_92,800.0,1.93,-1.93,799.92,799.92,4.17,135.0,Build-up Section (KOP),OIL_AUTHORIZED
DUL_92,825.0,3.85,-3.85,824.77,824.77,6.25,135.0,Build-up Section (KOP),OIL_AUTHORIZED
DUL_92,850.0,6.41,-6.41,849.5,849.5,8.33,135.0,Build-up Section (KOP),OIL_AUTHORIZED
DUL_92,875.0,9.61,-9.61,874.09,874.09,10.42,135.0,Build-up Section (KOP),OIL_AUTHORIZED
DUL_92,900.0,13.44,-13.44,898.5,898.5,12.5,135.0,Build-up Section (KOP),OIL_AUTHORIZED
DUL_92,925.0,17.89,-17.89,922.69,922.69,14.58,135.0,Build-up Section (KOP),OIL_AUTHORIZED
DUL_92,950.0,22.96,-22.96,946.64,946.64,16.67,135.0,Build-up Section (KOP),OIL_AUTHORIZED
DUL_92,975.0,28.64,-28.64,970.32,970.32,18.75,135.0,Build-up Section (KOP),OIL_AUTHORIZED
DUL_92,1000.0,34.93,-34.93,993.68,993.68,20.83,135.0,Build-up Section (KOP),OIL_AUTHORIZED
DUL_92,1025.0,41.81,-41.81,1016.71,1016.71,22.92,135.0,Build-up Section (KOP),OIL_AUTHORIZED
DUL_92,1050.0,49.28,-49.28,1039.37,1039.37,25.0,135.0,Build-up Section (KOP),OIL_AUTHORIZED
DUL_92,1075.0,57.33,-57.33,1061.63,1061.63,27.08,135.0,Build-up Section (KOP),OIL_AUTHORIZED
DUL_92,1100.0,65.76,-65.76,1083.6,1083.6,28.5,135.0,Build-up Section (KOP),OIL_AUTHORIZED
DUL_92,1125.0,74.2,-74.2,1105.57,1105.57,28.5,135.0,Tangent Hold,OIL_AUTHORIZED
DUL_92,1150.0,82.63,-82.63,1127.54,1127.54,28.5,135.0,Tangent Hold,OIL_AUTHORIZED
DUL_92,1175.0,91.07,-91.07,1149.51,1149.51,28.5,135.0,Tangent Hold,OIL_AUTHORIZED
DUL_92,1200.0,99.5,-99.5,1171.48,1171.48,28.5,135.0,Tangent Hold,OIL_AUTHORIZED
DUL_92,1225.0,107.94,-107.94,1193.45,1193.45,28.5,135.0,Tangent Hold,OIL_AUTHORIZED
DUL_92,1250.0,116.37,-116.37,1215.42,1215.42,28.5,135.0,Tangent Hold,OIL_AUTHORIZED
DUL_92,1275.0,124.81,-124.81,1237.39,1237.39,28.5,135.0,Tangent Hold,OIL_AUTHORIZED
DUL_92,1300.0,133.24,-133.24,1259.36,1259.36,28.5,135.0,Tangent Hold,OIL_AUTHORIZED
DUL_92,1325.0,141.68,-141.68,1281.33,1281.33,28.5,135.0,Tangent Hold,OIL_AUTHORIZED
DUL_92,1350.0,150.11,-150.11,1303.3,1303.3,28.5,135.0,Tangent Hold,OIL_AUTHORIZED
DUL_92,1375.0,158.55,-158.55,1325.27,1325.27,28.5,135.0,Tangent Hold,OIL_AUTHORIZED
DUL_92,1400.0,166.98,-166.98,1347.24,1347.24,28.5,135.0,Tangent Hold,OIL_AUTHORIZED
DUL_92,1425.0,175.42,-175.42,1369.21,1369.21,28.5,135.0,Tangent Hold,OIL_AUTHORIZED
DUL_92,1450.0,183.86,-183.86,1391.18,1391.18,28.5,135.0,Tangent Hold,OIL_AUTHORIZED
DUL_92,1475.0,192.29,-192.29,1413.15,1413.15,28.5,135.0,Tangent Hold,OIL_AUTHORIZED
DUL_92,1500.0,200.73,-200.73,1435.12,1435.12,28.5,135.0,Tangent Hold,OIL_AUTHORIZED
DUL_92,1525.0,209.16,-209.16,1457.09,1457.09,28.5,135.0,Tangent Hold,OIL_AUTHORIZED
DUL_92,1550.0,217.6,-217.6,1479.06,1479.06,28.5,135.0,Tangent Hold,OIL_AUTHORIZED
DUL_92,1575.0,226.03,-226.03,1501.03,1501.03,28.5,135.0,Tangent Hold,OIL_AUTHORIZED
DUL_92,1600.0,234.47,-234.47,1523.01,1523.01,28.5,135.0,Tangent Hold,OIL_AUTHORIZED
DUL_92,1625.0,242.9,-242.9,1544.98,1544.98,28.5,135.0,Tangent Hold,OIL_AUTHORIZED
DUL_92,1650.0,251.34,-251.34,1566.95,1566.95,28.5,135.0,Tangent Hold,OIL_AUTHORIZED
DUL_92,1675.0,259.77,-259.77,1588.92,1588.92,28.5,135.0,Tangent Hold,OIL_AUTHORIZED
DUL_92,1700.0,268.21,-268.21,1610.89,1610.89,28.5,135.0,Tangent Hold,OIL_AUTHORIZED
DUL_92,1725.0,276.64,-276.64,1632.86,1632.86,28.5,135.0,Tangent Hold,OIL_AUTHORIZED
DUL_92,1750.0,285.08,-285.08,1654.83,1654.83,28.5,135.0,Tangent Hold,OIL_AUTHORIZED
DUL_92,1775.0,293.51,-293.51,1676.8,1676.8,28.5,135.0,Tangent Hold,OIL_AUTHORIZED
DUL_92,1800.0,301.95,-301.95,1698.77,1698.77,28.5,135.0,Tangent Hold,OIL_AUTHORIZED
DUL_92,1825.0,310.38,-310.38,1720.74,1720.74,28.5,135.0,Tangent Hold,OIL_AUTHORIZED
DUL_92,1850.0,318.82,-318.82,1742.71,1742.71,28.5,135.0,Tangent Hold,OIL_AUTHORIZED
DUL_92,1875.0,327.25,-327.25,1764.68,1764.68,28.5,135.0,Tangent Hold,OIL_AUTHORIZED
DUL_92,1900.0,335.69,-335.69,1786.65,1786.65,28.5,135.0,Tangent Hold,OIL_AUTHORIZED
DUL_92,1925.0,344.12,-344.12,1808.62,1808.62,28.5,135.0,Tangent Hold,OIL_AUTHORIZED
DUL_92,1950.0,352.56,-352.56,1830.59,1830.59,28.5,135.0,Tangent Hold,OIL_AUTHORIZED
DUL_92,1975.0,360.99,-360.99,1852.56,1852.56,28.5,135.0,Tangent Hold,OIL_AUTHORIZED
DUL_92,2000.0,369.43,-369.43,1874.53,1874.53,28.5,135.0,Tangent Hold,OIL_AUTHORIZED
DUL_92,2025.0,377.86,-377.86,1896.5,1896.5,28.5,135.0,Tangent Hold,OIL_AUTHORIZED
DUL_92,2050.0,386.3,-386.3,1918.47,1918.47,28.5,135.0,Tangent Hold,OIL_AUTHORIZED
DUL_92,2075.0,394.73,-394.73,1940.44,1940.44,28.5,135.0,Tangent Hold,OIL_AUTHORIZED
DUL_92,2100.0,403.17,-403.17,1962.41,1962.41,28.5,135.0,Tangent Hold,OIL_AUTHORIZED
DUL_92,2125.0,411.6,-411.6,1984.38,1984.38,28.5,135.0,Tangent Hold,OIL_AUTHORIZED
DUL_92,2150.0,420.04,-420.04,2006.35,2006.35,28.5,135.0,Tangent Hold,OIL_AUTHORIZED
DUL_92,2175.0,428.47,-428.47,2028.33,2028.33,28.5,135.0,Tangent Hold,OIL_AUTHORIZED
DUL_92,2200.0,436.91,-436.91,2050.3,2050.3,28.5,135.0,Tangent Hold,OIL_AUTHORIZED
DUL_92,2225.0,445.34,-445.34,2072.27,2072.27,28.5,135.0,Tangent Hold,OIL_AUTHORIZED
DUL_92,2250.0,453.78,-453.78,2094.24,2094.24,28.5,135.0,Tangent Hold,OIL_AUTHORIZED
DUL_92,2275.0,462.21,-462.21,2116.21,2116.21,28.5,135.0,Tangent Hold,OIL_AUTHORIZED
DUL_92,2300.0,470.65,-470.65,2138.18,2138.18,28.5,135.0,Tangent Hold,OIL_AUTHORIZED
DUL_92,2325.0,479.08,-479.08,2160.15,2160.15,28.5,135.0,Tangent Hold,OIL_AUTHORIZED
DUL_92,2350.0,487.52,-487.52,2182.12,2182.12,28.5,135.0,Tangent Hold,OIL_AUTHORIZED
DUL_92,2375.0,495.95,-495.95,2204.09,2204.09,28.5,135.0,Tangent Hold,OIL_AUTHORIZED
DUL_92,2400.0,504.39,-504.39,2226.06,2226.06,28.5,135.0,Tangent Hold,OIL_AUTHORIZED
DUL_92,2425.0,512.82,-512.82,2248.03,2248.03,28.5,135.0,Tangent Hold,OIL_AUTHORIZED
DUL_92,2450.0,521.26,-521.26,2270.0,2270.0,28.5,135.0,Tangent Hold,OIL_AUTHORIZED
DUL_92,2475.0,529.69,-529.69,2291.97,2291.97,28.5,135.0,Tangent Hold,OIL_AUTHORIZED
DUL_92,2500.0,538.13,-538.13,2313.94,2313.94,28.5,135.0,Tangent Hold,OIL_AUTHORIZED
DUL_92,2525.0,546.56,-546.56,2335.91,2335.91,28.5,135.0,Tangent Hold,OIL_AUTHORIZED
DUL_92,2550.0,555.0,-555.0,2357.88,2357.88,28.5,135.0,Tangent Hold,OIL_AUTHORIZED
DUL_92,2575.0,563.43,-563.43,2379.85,2379.85,28.5,135.0,Tangent Hold,OIL_AUTHORIZED
DUL_92,2600.0,571.87,-571.87,2401.82,2401.82,28.5,135.0,Tangent Hold,OIL_AUTHORIZED
DUL_92,2625.0,580.3,-580.3,2423.79,2423.79,28.5,135.0,Tangent Hold,OIL_AUTHORIZED
DUL_92,2650.0,588.74,-588.74,2445.76,2445.76,28.5,135.0,Tangent Hold,OIL_AUTHORIZED
DUL_92,2675.0,597.17,-597.17,2467.73,2467.73,28.5,135.0,Tangent Hold,OIL_AUTHORIZED
DUL_92,2700.0,605.61,-605.61,2489.7,2489.7,28.5,135.0,Tangent Hold,OIL_AUTHORIZED
DUL_92,2725.0,614.04,-614.04,2511.67,2511.67,28.5,135.0,Tangent Hold,OIL_AUTHORIZED
DUL_92,2750.0,622.48,-622.48,2533.65,2533.65,28.5,135.0,Tangent Hold,OIL_AUTHORIZED
DUL_92,2775.0,630.91,-630.91,2555.62,2555.62,28.5,135.0,Tangent Hold,OIL_AUTHORIZED
DUL_92,2800.0,639.35,-639.35,2577.59,2577.59,28.5,135.0,Tangent Hold,OIL_AUTHORIZED
DUL_92,2825.0,647.78,-647.78,2599.56,2599.56,28.5,135.0,Tangent Hold,OIL_AUTHORIZED
DUL_92,2850.0,656.22,-656.22,2621.53,2621.53,28.5,135.0,Tangent Hold,OIL_AUTHORIZED
DUL_92,2875.0,664.65,-664.65,2643.5,2643.5,28.5,135.0,Tangent Hold,OIL_AUTHORIZED
DUL_92,2900.0,673.09,-673.09,2665.47,2665.47,28.5,135.0,Tangent Hold,OIL_AUTHORIZED
DUL_92,2925.0,681.52,-681.52,2687.44,2687.44,28.5,135.0,Tangent Hold,OIL_AUTHORIZED
DUL_92,2950.0,689.96,-689.96,2709.41,2709.41,28.5,135.0,Tangent Hold,OIL_AUTHORIZED
DUL_92,2975.0,698.39,-698.39,2731.38,2731.38,28.5,135.0,Tangent Hold,OIL_AUTHORIZED
DUL_92,3000.0,706.83,-706.83,2753.35,2753.35,28.5,135.0,Tangent Hold,OIL_AUTHORIZED
DUL_92,3025.0,715.26,-715.26,2775.32,2775.32,28.5,135.0,Tangent Hold,OIL_AUTHORIZED
DUL_92,3050.0,723.7,-723.7,2797.29,2797.29,28.5,135.0,Tangent Hold,OIL_AUTHORIZED
DUL_92,3075.0,732.13,-732.13,2819.26,2819.26,28.5,135.0,Tangent Hold,OIL_AUTHORIZED
DUL_92,3100.0,740.57,-740.57,2841.23,2841.23,28.5,135.0,Tangent Hold,OIL_AUTHORIZED
DUL_92,3125.0,749.0,-749.0,2863.2,2863.2,28.5,135.0,Tangent Hold,OIL_AUTHORIZED
DUL_92,3150.0,757.44,-757.44,2885.17,2885.17,28.5,135.0,Tangent Hold,OIL_AUTHORIZED
DUL_92,3175.0,765.87,-765.87,2907.14,2907.14,28.5,135.0,Tangent Hold,OIL_AUTHORIZED
DUL_92,3200.0,774.31,-774.31,2929.11,2929.11,28.5,135.0,Tangent Hold,OIL_AUTHORIZED
DUL_92,3225.0,782.74,-782.74,2951.08,2951.08,28.5,135.0,Tangent Hold,OIL_AUTHORIZED
DUL_92,3250.0,791.18,-791.18,2973.05,2973.05,28.5,135.0,Tangent Hold,OIL_AUTHORIZED
DUL_92,3275.0,799.61,-799.61,2995.02,2995.02,28.5,135.0,Tangent Hold,OIL_AUTHORIZED
DUL_92,3300.0,808.05,-808.05,3016.99,3016.99,28.5,135.0,Tangent Hold,OIL_AUTHORIZED
DUL_92,3325.0,816.48,-816.48,3038.96,3038.96,28.5,135.0,Tangent Hold,OIL_AUTHORIZED
DUL_92,3350.0,824.92,-824.92,3060.94,3060.94,28.5,135.0,Tangent Hold,OIL_AUTHORIZED
DUL_92,3375.0,833.35,-833.35,3082.91,3082.91,28.5,135.0,Tangent Hold,OIL_AUTHORIZED
DUL_92,3400.0,841.79,-841.79,3104.88,3104.88,28.5,135.0,Tangent Hold,OIL_AUTHORIZED
DUL_92,3425.0,850.22,-850.22,3126.85,3126.85,28.5,135.0,Tangent Hold,OIL_AUTHORIZED
DUL_92,3450.0,858.66,-858.66,3148.82,3148.82,28.5,135.0,Tangent Hold,OIL_AUTHORIZED
DUL_92,3475.0,867.09,-867.09,3170.79,3170.79,28.5,135.0,Tangent Hold,OIL_AUTHORIZED
DUL_92,3500.0,875.53,-875.53,3192.76,3192.76,28.5,135.0,Tangent Hold,OIL_AUTHORIZED
DUL_92,3525.0,883.96,-883.96,3214.73,3214.73,28.5,135.0,Tangent Hold,OIL_AUTHORIZED
DUL_92,3550.0,892.4,-892.4,3236.7,3236.7,28.5,135.0,Tangent Hold,OIL_AUTHORIZED
DUL_92,3575.0,900.83,-900.83,3258.67,3258.67,28.5,135.0,Tangent Hold,OIL_AUTHORIZED
DUL_92,3600.0,909.27,-909.27,3280.64,3280.64,28.5,135.0,Tangent Hold,OIL_AUTHORIZED
DUL_92,3625.0,917.7,-917.7,3302.61,3302.61,28.5,135.0,Tangent Hold,OIL_AUTHORIZED
DUL_92,3650.0,926.14,-926.14,3324.58,3324.58,28.5,135.0,Tangent Hold,OIL_AUTHORIZED
DUL_92,3675.0,934.57,-934.57,3346.55,3346.55,28.5,135.0,Tangent Hold,OIL_AUTHORIZED
DUL_92,3700.0,943.01,-943.01,3368.52,3368.52,28.5,135.0,Tangent Hold,OIL_AUTHORIZED
DUL_92,3725.0,951.45,-951.45,3390.49,3390.49,28.5,135.0,Tangent Hold,OIL_AUTHORIZED
DUL_92,3750.0,959.88,-959.88,3412.46,3412.46,28.5,135.0,Tangent Hold,OIL_AUTHORIZED
DUL_92,3775.0,968.32,-968.32,3434.43,3434.43,28.5,135.0,Tangent Hold,OIL_AUTHORIZED
DUL_92,3800.0,976.75,-976.75,3456.4,3456.4,28.5,135.0,Total Depth (TD Target),OIL_AUTHORIZED
DUL_99,0.0,0.0,0.0,0.0,0.0,0.0,110.0,Surface Wellhead,OIL_AUTHORIZED
DUL_99,25.0,0.0,0.0,25.0,25.0,0.0,110.0,Vertical Section,OIL_AUTHORIZED
DUL_99,50.0,0.0,0.0,50.0,50.0,0.0,110.0,Vertical Section,OIL_AUTHORIZED
DUL_99,75.0,0.0,0.0,75.0,75.0,0.0,110.0,Vertical Section,OIL_AUTHORIZED
DUL_99,100.0,0.0,0.0,100.0,100.0,0.0,110.0,Vertical Section,OIL_AUTHORIZED
DUL_99,125.0,0.0,0.0,125.0,125.0,0.0,110.0,Vertical Section,OIL_AUTHORIZED
DUL_99,150.0,0.0,0.0,150.0,150.0,0.0,110.0,Vertical Section,OIL_AUTHORIZED
DUL_99,175.0,0.0,0.0,175.0,175.0,0.0,110.0,Vertical Section,OIL_AUTHORIZED
DUL_99,200.0,0.0,0.0,200.0,200.0,0.0,110.0,Vertical Section,OIL_AUTHORIZED
DUL_99,225.0,0.0,0.0,225.0,225.0,0.0,110.0,Vertical Section,OIL_AUTHORIZED
DUL_99,250.0,0.0,0.0,250.0,250.0,0.0,110.0,Vertical Section,OIL_AUTHORIZED
DUL_99,275.0,0.0,0.0,275.0,275.0,0.0,110.0,Vertical Section,OIL_AUTHORIZED
DUL_99,300.0,0.0,0.0,300.0,300.0,0.0,110.0,Vertical Section,OIL_AUTHORIZED
DUL_99,325.0,0.0,0.0,325.0,325.0,0.0,110.0,Vertical Section,OIL_AUTHORIZED
DUL_99,350.0,0.0,0.0,350.0,350.0,0.0,110.0,Vertical Section,OIL_AUTHORIZED
DUL_99,375.0,0.0,0.0,375.0,375.0,0.0,110.0,Vertical Section,OIL_AUTHORIZED
DUL_99,400.0,0.0,0.0,400.0,400.0,0.0,110.0,Vertical Section,OIL_AUTHORIZED
DUL_99,425.0,0.0,0.0,425.0,425.0,0.0,110.0,Vertical Section,OIL_AUTHORIZED
DUL_99,450.0,0.0,0.0,450.0,450.0,0.0,110.0,Vertical Section,OIL_AUTHORIZED
DUL_99,475.0,0.0,0.0,475.0,475.0,0.0,110.0,Vertical Section,OIL_AUTHORIZED
DUL_99,500.0,0.0,0.0,500.0,500.0,0.0,110.0,Vertical Section,OIL_AUTHORIZED
DUL_99,525.0,0.0,0.0,525.0,525.0,0.0,110.0,Vertical Section,OIL_AUTHORIZED
DUL_99,550.0,0.0,0.0,550.0,550.0,0.0,110.0,Vertical Section,OIL_AUTHORIZED
DUL_99,575.0,0.0,0.0,575.0,575.0,0.0,110.0,Vertical Section,OIL_AUTHORIZED
DUL_99,600.0,0.0,0.0,600.0,600.0,0.0,110.0,Vertical Section,OIL_AUTHORIZED
DUL_99,625.0,0.0,0.0,625.0,625.0,0.0,110.0,Vertical Section,OIL_AUTHORIZED
DUL_99,650.0,0.0,0.0,650.0,650.0,0.0,110.0,Vertical Section,OIL_AUTHORIZED
DUL_99,675.0,0.0,0.0,675.0,675.0,0.0,110.0,Vertical Section,OIL_AUTHORIZED
DUL_99,700.0,0.0,0.0,700.0,700.0,0.0,110.0,Vertical Section,OIL_AUTHORIZED
DUL_99,725.0,0.0,0.0,725.0,725.0,0.0,110.0,Vertical Section,OIL_AUTHORIZED
DUL_99,750.0,0.0,0.0,750.0,750.0,0.0,110.0,Vertical Section,OIL_AUTHORIZED
DUL_99,775.0,0.0,0.0,775.0,775.0,0.0,110.0,Vertical Section,OIL_AUTHORIZED
DUL_99,800.0,0.0,0.0,800.0,800.0,0.0,110.0,Vertical Section,OIL_AUTHORIZED
DUL_99,825.0,0.0,0.0,825.0,825.0,0.0,110.0,Vertical Section,OIL_AUTHORIZED
DUL_99,850.0,0.0,0.0,850.0,850.0,0.0,110.0,Vertical Section,OIL_AUTHORIZED
DUL_99,875.0,0.0,0.0,875.0,875.0,0.0,110.0,Vertical Section,OIL_AUTHORIZED
DUL_99,900.0,0.0,0.0,900.0,900.0,0.0,110.0,Vertical Section,OIL_AUTHORIZED
DUL_99,925.0,0.0,0.0,925.0,925.0,0.0,110.0,Vertical Section,OIL_AUTHORIZED
DUL_99,950.0,0.0,0.0,950.0,950.0,0.0,110.0,Vertical Section,OIL_AUTHORIZED
DUL_99,975.0,0.0,0.0,975.0,975.0,0.0,110.0,Vertical Section,OIL_AUTHORIZED
DUL_99,1000.0,0.0,0.0,1000.0,1000.0,0.0,110.0,Vertical Section,OIL_AUTHORIZED
DUL_99,1025.0,0.0,0.0,1025.0,1025.0,0.0,110.0,Vertical Section,OIL_AUTHORIZED
DUL_99,1050.0,0.0,0.0,1050.0,1050.0,0.0,110.0,Vertical Section,OIL_AUTHORIZED
DUL_99,1075.0,0.0,0.0,1075.0,1075.0,0.0,110.0,Vertical Section,OIL_AUTHORIZED
DUL_99,1100.0,0.0,0.0,1100.0,1100.0,0.0,110.0,Vertical Section,OIL_AUTHORIZED
DUL_99,1125.0,0.0,0.0,1125.0,1125.0,0.0,110.0,Vertical Section,OIL_AUTHORIZED
DUL_99,1150.0,0.0,0.0,1150.0,1150.0,0.0,110.0,Vertical Section,OIL_AUTHORIZED
DUL_99,1175.0,0.0,0.0,1175.0,1175.0,0.0,110.0,Vertical Section,OIL_AUTHORIZED
DUL_99,1200.0,0.0,0.0,1200.0,1200.0,0.0,110.0,Vertical Section,OIL_AUTHORIZED
DUL_99,1225.0,0.0,0.0,1225.0,1225.0,0.0,110.0,Vertical Section,OIL_AUTHORIZED
DUL_99,1250.0,0.0,0.0,1250.0,1250.0,0.0,110.0,Vertical Section,OIL_AUTHORIZED
DUL_99,1275.0,0.0,0.0,1275.0,1275.0,0.0,110.0,Vertical Section,OIL_AUTHORIZED
DUL_99,1300.0,0.0,0.0,1300.0,1300.0,0.0,110.0,Vertical Section,OIL_AUTHORIZED
DUL_99,1325.0,0.0,0.0,1325.0,1325.0,0.0,110.0,Vertical Section,OIL_AUTHORIZED
DUL_99,1350.0,0.0,0.0,1350.0,1350.0,0.0,110.0,Vertical Section,OIL_AUTHORIZED
DUL_99,1375.0,0.0,0.0,1375.0,1375.0,0.0,110.0,Vertical Section,OIL_AUTHORIZED
DUL_99,1400.0,0.0,0.0,1400.0,1400.0,0.0,110.0,Vertical Section,OIL_AUTHORIZED
DUL_99,1425.0,0.0,0.0,1425.0,1425.0,0.0,110.0,Vertical Section,OIL_AUTHORIZED
DUL_99,1450.0,0.0,0.0,1450.0,1450.0,0.0,110.0,Vertical Section,OIL_AUTHORIZED
DUL_99,1475.0,0.0,0.0,1475.0,1475.0,0.0,110.0,Vertical Section,OIL_AUTHORIZED
DUL_99,1500.0,0.0,0.0,1500.0,1500.0,0.0,110.0,Vertical Section,OIL_AUTHORIZED
DUL_99,1525.0,0.0,0.0,1525.0,1525.0,0.0,110.0,Vertical Section,OIL_AUTHORIZED
DUL_99,1550.0,0.0,0.0,1550.0,1550.0,0.0,110.0,Vertical Section,OIL_AUTHORIZED
DUL_99,1575.0,1.78,-0.65,1574.93,1574.93,4.33,110.0,Build-up Section (KOP),OIL_AUTHORIZED
DUL_99,1600.0,5.32,-1.93,1599.64,1599.64,8.67,110.0,Build-up Section (KOP),OIL_AUTHORIZED
DUL_99,1625.0,10.6,-3.86,1624.0,1624.0,13.0,110.0,Build-up Section (KOP),OIL_AUTHORIZED
DUL_99,1650.0,17.6,-6.41,1647.87,1647.87,17.33,110.0,Build-up Section (KOP),OIL_AUTHORIZED
DUL_99,1675.0,26.27,-9.56,1671.1,1671.1,21.67,110.0,Build-up Section (KOP),OIL_AUTHORIZED
DUL_99,1700.0,36.57,-13.31,1693.57,1693.57,26.0,110.0,Build-up Section (KOP),OIL_AUTHORIZED
DUL_99,1725.0,48.43,-17.63,1715.15,1715.15,30.33,110.0,Build-up Section (KOP),OIL_AUTHORIZED
DUL_99,1750.0,61.8,-22.49,1735.71,1735.71,34.67,110.0,Build-up Section (KOP),OIL_AUTHORIZED
DUL_99,1775.0,76.58,-27.87,1755.14,1755.14,39.0,110.0,Build-up Section (KOP),OIL_AUTHORIZED
DUL_99,1800.0,92.7,-33.74,1773.32,1773.32,43.33,110.0,Build-up Section (KOP),OIL_AUTHORIZED
DUL_99,1825.0,110.07,-40.06,1790.16,1790.16,47.67,110.0,Build-up Section (KOP),OIL_AUTHORIZED
DUL_99,1850.0,128.58,-46.8,1805.55,1805.55,52.0,110.0,Build-up Section (KOP),OIL_AUTHORIZED
DUL_99,1875.0,148.13,-53.92,1819.41,1819.41,56.33,110.0,Build-up Section (KOP),OIL_AUTHORIZED
DUL_99,1900.0,168.61,-61.37,1831.66,1831.66,60.67,110.0,Build-up Section (KOP),OIL_AUTHORIZED
DUL_99,1925.0,189.91,-69.12,1842.22,1842.22,65.0,110.0,Build-up Section (KOP),OIL_AUTHORIZED
DUL_99,1950.0,211.89,-77.12,1851.05,1851.05,69.33,110.0,Build-up Section (KOP),OIL_AUTHORIZED
DUL_99,1975.0,234.43,-85.33,1858.08,1858.08,73.67,110.0,Build-up Section (KOP),OIL_AUTHORIZED
DUL_99,2000.0,257.41,-93.69,1863.27,1863.27,78.0,110.0,Build-up Section (KOP),OIL_AUTHORIZED
DUL_99,2025.0,280.69,-102.16,1866.61,1866.61,82.33,110.0,Build-up Section (KOP),OIL_AUTHORIZED
DUL_99,2050.0,304.13,-110.69,1868.35,1868.35,86.0,110.0,Build-up Section (KOP),OIL_AUTHORIZED
DUL_99,2075.0,327.56,-119.22,1870.1,1870.1,86.0,110.0,Tangent Hold,OIL_AUTHORIZED
DUL_99,2100.0,351.0,-127.75,1871.84,1871.84,86.0,110.0,Tangent Hold,OIL_AUTHORIZED
DUL_99,2125.0,374.43,-136.28,1873.58,1873.58,86.0,110.0,Tangent Hold,OIL_AUTHORIZED
DUL_99,2150.0,397.87,-144.81,1875.33,1875.33,86.0,110.0,Tangent Hold,OIL_AUTHORIZED
DUL_99,2175.0,421.3,-153.34,1877.07,1877.07,86.0,110.0,Tangent Hold,OIL_AUTHORIZED
DUL_99,2200.0,444.74,-161.87,1878.82,1878.82,86.0,110.0,Tangent Hold,OIL_AUTHORIZED
DUL_99,2225.0,468.17,-170.4,1880.56,1880.56,86.0,110.0,Tangent Hold,OIL_AUTHORIZED
DUL_99,2250.0,491.61,-178.93,1882.3,1882.3,86.0,110.0,Tangent Hold,OIL_AUTHORIZED
DUL_99,2275.0,515.04,-187.46,1884.05,1884.05,86.0,110.0,Tangent Hold,OIL_AUTHORIZED
DUL_99,2300.0,538.48,-195.99,1885.79,1885.79,86.0,110.0,Tangent Hold,OIL_AUTHORIZED
DUL_99,2325.0,561.91,-204.52,1887.54,1887.54,86.0,110.0,Tangent Hold,OIL_AUTHORIZED
DUL_99,2350.0,585.35,-213.05,1889.28,1889.28,86.0,110.0,Tangent Hold,OIL_AUTHORIZED
DUL_99,2375.0,608.78,-221.58,1891.02,1891.02,86.0,110.0,Tangent Hold,OIL_AUTHORIZED
DUL_99,2400.0,632.22,-230.11,1892.77,1892.77,86.0,110.0,Tangent Hold,OIL_AUTHORIZED
DUL_99,2425.0,655.65,-238.64,1894.51,1894.51,86.0,110.0,Tangent Hold,OIL_AUTHORIZED
DUL_99,2450.0,679.09,-247.17,1896.26,1896.26,86.0,110.0,Tangent Hold,OIL_AUTHORIZED
DUL_99,2475.0,702.52,-255.7,1898.0,1898.0,86.0,110.0,Tangent Hold,OIL_AUTHORIZED
DUL_99,2500.0,725.96,-264.23,1899.74,1899.74,86.0,110.0,Tangent Hold,OIL_AUTHORIZED
DUL_99,2525.0,749.39,-272.76,1901.49,1901.49,86.0,110.0,Tangent Hold,OIL_AUTHORIZED
DUL_99,2550.0,772.83,-281.29,1903.23,1903.23,86.0,110.0,Tangent Hold,OIL_AUTHORIZED
DUL_99,2575.0,796.26,-289.82,1904.98,1904.98,86.0,110.0,Tangent Hold,OIL_AUTHORIZED
DUL_99,2600.0,819.7,-298.35,1906.72,1906.72,86.0,110.0,Tangent Hold,OIL_AUTHORIZED
DUL_99,2625.0,843.13,-306.88,1908.46,1908.46,86.0,110.0,Tangent Hold,OIL_AUTHORIZED
DUL_99,2650.0,866.57,-315.41,1910.21,1910.21,86.0,110.0,Tangent Hold,OIL_AUTHORIZED
DUL_99,2675.0,890.0,-323.93,1911.95,1911.95,86.0,110.0,Tangent Hold,OIL_AUTHORIZED
DUL_99,2700.0,913.44,-332.46,1913.69,1913.69,86.0,110.0,Tangent Hold,OIL_AUTHORIZED
DUL_99,2725.0,936.87,-340.99,1915.44,1915.44,86.0,110.0,Tangent Hold,OIL_AUTHORIZED
DUL_99,2750.0,960.31,-349.52,1917.18,1917.18,86.0,110.0,Tangent Hold,OIL_AUTHORIZED
DUL_99,2775.0,983.74,-358.05,1918.93,1918.93,86.0,110.0,Tangent Hold,OIL_AUTHORIZED
DUL_99,2800.0,1007.18,-366.58,1920.67,1920.67,86.0,110.0,Tangent Hold,OIL_AUTHORIZED
DUL_99,2825.0,1030.61,-375.11,1922.41,1922.41,86.0,110.0,Tangent Hold,OIL_AUTHORIZED
DUL_99,2850.0,1054.05,-383.64,1924.16,1924.16,86.0,110.0,Tangent Hold,OIL_AUTHORIZED
DUL_99,2875.0,1077.48,-392.17,1925.9,1925.9,86.0,110.0,Tangent Hold,OIL_AUTHORIZED
DUL_99,2900.0,1100.92,-400.7,1927.65,1927.65,86.0,110.0,Tangent Hold,OIL_AUTHORIZED
DUL_99,2925.0,1124.35,-409.23,1929.39,1929.39,86.0,110.0,Tangent Hold,OIL_AUTHORIZED
DUL_99,2950.0,1147.79,-417.76,1931.13,1931.13,86.0,110.0,Tangent Hold,OIL_AUTHORIZED
DUL_99,2975.0,1171.22,-426.29,1932.88,1932.88,86.0,110.0,Tangent Hold,OIL_AUTHORIZED
DUL_99,3000.0,1194.66,-434.82,1934.62,1934.62,86.0,110.0,Tangent Hold,OIL_AUTHORIZED
DUL_99,3025.0,1218.09,-443.35,1936.37,1936.37,86.0,110.0,Tangent Hold,OIL_AUTHORIZED
DUL_99,3050.0,1241.53,-451.88,1938.11,1938.11,86.0,110.0,Tangent Hold,OIL_AUTHORIZED
DUL_99,3075.0,1264.96,-460.41,1939.85,1939.85,86.0,110.0,Tangent Hold,OIL_AUTHORIZED
DUL_99,3100.0,1288.4,-468.94,1941.6,1941.6,86.0,110.0,Tangent Hold,OIL_AUTHORIZED
DUL_99,3125.0,1311.84,-477.47,1943.34,1943.34,86.0,110.0,Tangent Hold,OIL_AUTHORIZED
DUL_99,3150.0,1335.27,-486.0,1945.09,1945.09,86.0,110.0,Tangent Hold,OIL_AUTHORIZED
DUL_99,3175.0,1358.71,-494.53,1946.83,1946.83,86.0,110.0,Tangent Hold,OIL_AUTHORIZED
DUL_99,3200.0,1382.14,-503.06,1948.57,1948.57,86.0,110.0,Tangent Hold,OIL_AUTHORIZED
DUL_99,3225.0,1405.58,-511.59,1950.32,1950.32,86.0,110.0,Tangent Hold,OIL_AUTHORIZED
DUL_99,3250.0,1429.01,-520.12,1952.06,1952.06,86.0,110.0,Tangent Hold,OIL_AUTHORIZED
DUL_99,3275.0,1452.45,-528.65,1953.8,1953.8,86.0,110.0,Tangent Hold,OIL_AUTHORIZED
DUL_99,3300.0,1475.88,-537.18,1955.55,1955.55,86.0,110.0,Tangent Hold,OIL_AUTHORIZED
DUL_99,3325.0,1499.32,-545.71,1957.29,1957.29,86.0,110.0,Tangent Hold,OIL_AUTHORIZED
DUL_99,3350.0,1522.75,-554.24,1959.04,1959.04,86.0,110.0,Tangent Hold,OIL_AUTHORIZED
DUL_99,3375.0,1546.19,-562.77,1960.78,1960.78,86.0,110.0,Tangent Hold,OIL_AUTHORIZED
DUL_99,3400.0,1569.62,-571.3,1962.52,1962.52,86.0,110.0,Tangent Hold,OIL_AUTHORIZED
DUL_99,3425.0,1593.06,-579.83,1964.27,1964.27,86.0,110.0,Tangent Hold,OIL_AUTHORIZED
DUL_99,3450.0,1616.49,-588.35,1966.01,1966.01,86.0,110.0,Tangent Hold,OIL_AUTHORIZED
DUL_99,3475.0,1639.93,-596.88,1967.76,1967.76,86.0,110.0,Tangent Hold,OIL_AUTHORIZED
DUL_99,3500.0,1663.36,-605.41,1969.5,1969.5,86.0,110.0,Tangent Hold,OIL_AUTHORIZED
DUL_99,3525.0,1686.8,-613.94,1971.24,1971.24,86.0,110.0,Tangent Hold,OIL_AUTHORIZED
DUL_99,3550.0,1710.23,-622.47,1972.99,1972.99,86.0,110.0,Total Depth (TD Target),OIL_AUTHORIZED
JOR_03,0.0,0.0,0.0,0.0,0.0,0.0,225.0,Surface Wellhead,OIL_AUTHORIZED
JOR_03,25.0,0.0,0.0,25.0,25.0,0.0,225.0,Vertical Section,OIL_AUTHORIZED
JOR_03,50.0,0.0,0.0,50.0,50.0,0.0,225.0,Vertical Section,OIL_AUTHORIZED
JOR_03,75.0,0.0,0.0,75.0,75.0,0.0,225.0,Vertical Section,OIL_AUTHORIZED
JOR_03,100.0,0.0,0.0,100.0,100.0,0.0,225.0,Vertical Section,OIL_AUTHORIZED
JOR_03,125.0,0.0,0.0,125.0,125.0,0.0,225.0,Vertical Section,OIL_AUTHORIZED
JOR_03,150.0,0.0,0.0,150.0,150.0,0.0,225.0,Vertical Section,OIL_AUTHORIZED
JOR_03,175.0,0.0,0.0,175.0,175.0,0.0,225.0,Vertical Section,OIL_AUTHORIZED
JOR_03,200.0,0.0,0.0,200.0,200.0,0.0,225.0,Vertical Section,OIL_AUTHORIZED
JOR_03,225.0,0.0,0.0,225.0,225.0,0.0,225.0,Vertical Section,OIL_AUTHORIZED
JOR_03,250.0,0.0,0.0,250.0,250.0,0.0,225.0,Vertical Section,OIL_AUTHORIZED
JOR_03,275.0,0.0,0.0,275.0,275.0,0.0,225.0,Vertical Section,OIL_AUTHORIZED
JOR_03,300.0,0.0,0.0,300.0,300.0,0.0,225.0,Vertical Section,OIL_AUTHORIZED
JOR_03,325.0,0.0,0.0,325.0,325.0,0.0,225.0,Vertical Section,OIL_AUTHORIZED
JOR_03,350.0,0.0,0.0,350.0,350.0,0.0,225.0,Vertical Section,OIL_AUTHORIZED
JOR_03,375.0,0.0,0.0,375.0,375.0,0.0,225.0,Vertical Section,OIL_AUTHORIZED
JOR_03,400.0,0.0,0.0,400.0,400.0,0.0,225.0,Vertical Section,OIL_AUTHORIZED
JOR_03,425.0,0.0,0.0,425.0,425.0,0.0,225.0,Vertical Section,OIL_AUTHORIZED
JOR_03,450.0,0.0,0.0,450.0,450.0,0.0,225.0,Vertical Section,OIL_AUTHORIZED
JOR_03,475.0,0.0,0.0,475.0,475.0,0.0,225.0,Vertical Section,OIL_AUTHORIZED
JOR_03,500.0,0.0,0.0,500.0,500.0,0.0,225.0,Vertical Section,OIL_AUTHORIZED
JOR_03,525.0,0.0,0.0,525.0,525.0,0.0,225.0,Vertical Section,OIL_AUTHORIZED
JOR_03,550.0,0.0,0.0,550.0,550.0,0.0,225.0,Vertical Section,OIL_AUTHORIZED
JOR_03,575.0,0.0,0.0,575.0,575.0,0.0,225.0,Vertical Section,OIL_AUTHORIZED
JOR_03,600.0,0.0,0.0,600.0,600.0,0.0,225.0,Vertical Section,OIL_AUTHORIZED
JOR_03,625.0,-0.77,-0.77,624.98,624.98,2.5,225.0,Build-up Section (KOP),OIL_AUTHORIZED
JOR_03,650.0,-2.31,-2.31,649.88,649.88,5.0,225.0,Build-up Section (KOP),OIL_AUTHORIZED
JOR_03,675.0,-4.62,-4.62,674.67,674.67,7.5,225.0,Build-up Section (KOP),OIL_AUTHORIZED
JOR_03,700.0,-7.69,-7.69,699.29,699.29,10.0,225.0,Build-up Section (KOP),OIL_AUTHORIZED
JOR_03,725.0,-11.52,-11.52,723.69,723.69,12.5,225.0,Build-up Section (KOP),OIL_AUTHORIZED
JOR_03,750.0,-16.09,-16.09,747.84,747.84,15.0,225.0,Build-up Section (KOP),OIL_AUTHORIZED
JOR_03,775.0,-21.41,-21.41,771.69,771.69,17.5,225.0,Build-up Section (KOP),OIL_AUTHORIZED
JOR_03,800.0,-27.45,-27.45,795.18,795.18,20.0,225.0,Build-up Section (KOP),OIL_AUTHORIZED
JOR_03,825.0,-34.22,-34.22,818.28,818.28,22.5,225.0,Build-up Section (KOP),OIL_AUTHORIZED
JOR_03,850.0,-41.41,-41.41,841.11,841.11,24.0,225.0,Build-up Section (KOP),OIL_AUTHORIZED
JOR_03,875.0,-48.6,-48.6,863.95,863.95,24.0,225.0,Tangent Hold,OIL_AUTHORIZED
JOR_03,900.0,-55.79,-55.79,886.79,886.79,24.0,225.0,Tangent Hold,OIL_AUTHORIZED
JOR_03,925.0,-62.98,-62.98,909.63,909.63,24.0,225.0,Tangent Hold,OIL_AUTHORIZED
JOR_03,950.0,-70.17,-70.17,932.47,932.47,24.0,225.0,Tangent Hold,OIL_AUTHORIZED
JOR_03,975.0,-77.36,-77.36,955.31,955.31,24.0,225.0,Tangent Hold,OIL_AUTHORIZED
JOR_03,1000.0,-84.55,-84.55,978.15,978.15,24.0,225.0,Tangent Hold,OIL_AUTHORIZED
JOR_03,1025.0,-91.74,-91.74,1000.98,1000.98,24.0,225.0,Tangent Hold,OIL_AUTHORIZED
JOR_03,1050.0,-98.93,-98.93,1023.82,1023.82,24.0,225.0,Tangent Hold,OIL_AUTHORIZED
JOR_03,1075.0,-106.12,-106.12,1046.66,1046.66,24.0,225.0,Tangent Hold,OIL_AUTHORIZED
JOR_03,1100.0,-113.31,-113.31,1069.5,1069.5,24.0,225.0,Tangent Hold,OIL_AUTHORIZED
JOR_03,1125.0,-120.5,-120.5,1092.34,1092.34,24.0,225.0,Tangent Hold,OIL_AUTHORIZED
JOR_03,1150.0,-127.69,-127.69,1115.18,1115.18,24.0,225.0,Tangent Hold,OIL_AUTHORIZED
JOR_03,1175.0,-134.88,-134.88,1138.02,1138.02,24.0,225.0,Tangent Hold,OIL_AUTHORIZED
JOR_03,1200.0,-142.07,-142.07,1160.85,1160.85,24.0,225.0,Tangent Hold,OIL_AUTHORIZED
JOR_03,1225.0,-149.26,-149.26,1183.69,1183.69,24.0,225.0,Tangent Hold,OIL_AUTHORIZED
JOR_03,1250.0,-156.45,-156.45,1206.53,1206.53,24.0,225.0,Tangent Hold,OIL_AUTHORIZED
JOR_03,1275.0,-163.64,-163.64,1229.37,1229.37,24.0,225.0,Tangent Hold,OIL_AUTHORIZED
JOR_03,1300.0,-170.83,-170.83,1252.21,1252.21,24.0,225.0,Tangent Hold,OIL_AUTHORIZED
JOR_03,1325.0,-178.02,-178.02,1275.05,1275.05,24.0,225.0,Tangent Hold,OIL_AUTHORIZED
JOR_03,1350.0,-185.21,-185.21,1297.89,1297.89,24.0,225.0,Tangent Hold,OIL_AUTHORIZED
JOR_03,1375.0,-192.4,-192.4,1320.73,1320.73,24.0,225.0,Tangent Hold,OIL_AUTHORIZED
JOR_03,1400.0,-199.59,-199.59,1343.56,1343.56,24.0,225.0,Tangent Hold,OIL_AUTHORIZED
JOR_03,1425.0,-206.78,-206.78,1366.4,1366.4,24.0,225.0,Tangent Hold,OIL_AUTHORIZED
JOR_03,1450.0,-213.97,-213.97,1389.24,1389.24,24.0,225.0,Tangent Hold,OIL_AUTHORIZED
JOR_03,1475.0,-221.16,-221.16,1412.08,1412.08,24.0,225.0,Tangent Hold,OIL_AUTHORIZED
JOR_03,1500.0,-228.35,-228.35,1434.92,1434.92,24.0,225.0,Tangent Hold,OIL_AUTHORIZED
JOR_03,1525.0,-235.54,-235.54,1457.76,1457.76,24.0,225.0,Tangent Hold,OIL_AUTHORIZED
JOR_03,1550.0,-242.73,-242.73,1480.6,1480.6,24.0,225.0,Tangent Hold,OIL_AUTHORIZED
JOR_03,1575.0,-249.92,-249.92,1503.43,1503.43,24.0,225.0,Tangent Hold,OIL_AUTHORIZED
JOR_03,1600.0,-257.11,-257.11,1526.27,1526.27,24.0,225.0,Tangent Hold,OIL_AUTHORIZED
JOR_03,1625.0,-264.3,-264.3,1549.11,1549.11,24.0,225.0,Tangent Hold,OIL_AUTHORIZED
JOR_03,1650.0,-271.49,-271.49,1571.95,1571.95,24.0,225.0,Tangent Hold,OIL_AUTHORIZED
JOR_03,1675.0,-278.68,-278.68,1594.79,1594.79,24.0,225.0,Tangent Hold,OIL_AUTHORIZED
JOR_03,1700.0,-285.87,-285.87,1617.63,1617.63,24.0,225.0,Tangent Hold,OIL_AUTHORIZED
JOR_03,1725.0,-293.06,-293.06,1640.47,1640.47,24.0,225.0,Tangent Hold,OIL_AUTHORIZED
JOR_03,1750.0,-300.25,-300.25,1663.3,1663.3,24.0,225.0,Tangent Hold,OIL_AUTHORIZED
JOR_03,1775.0,-307.44,-307.44,1686.14,1686.14,24.0,225.0,Tangent Hold,OIL_AUTHORIZED
JOR_03,1800.0,-314.63,-314.63,1708.98,1708.98,24.0,225.0,Tangent Hold,OIL_AUTHORIZED
JOR_03,1825.0,-321.82,-321.82,1731.82,1731.82,24.0,225.0,Tangent Hold,OIL_AUTHORIZED
JOR_03,1850.0,-329.01,-329.01,1754.66,1754.66,24.0,225.0,Tangent Hold,OIL_AUTHORIZED
JOR_03,1875.0,-336.2,-336.2,1777.5,1777.5,24.0,225.0,Tangent Hold,OIL_AUTHORIZED
JOR_03,1900.0,-343.39,-343.39,1800.34,1800.34,24.0,225.0,Tangent Hold,OIL_AUTHORIZED
JOR_03,1925.0,-350.58,-350.58,1823.18,1823.18,24.0,225.0,Tangent Hold,OIL_AUTHORIZED
JOR_03,1950.0,-357.77,-357.77,1846.01,1846.01,24.0,225.0,Tangent Hold,OIL_AUTHORIZED
JOR_03,1975.0,-364.96,-364.96,1868.85,1868.85,24.0,225.0,Tangent Hold,OIL_AUTHORIZED
JOR_03,2000.0,-372.15,-372.15,1891.69,1891.69,24.0,225.0,Tangent Hold,OIL_AUTHORIZED
JOR_03,2025.0,-379.34,-379.34,1914.53,1914.53,24.0,225.0,Tangent Hold,OIL_AUTHORIZED
JOR_03,2050.0,-386.53,-386.53,1937.37,1937.37,24.0,225.0,Tangent Hold,OIL_AUTHORIZED
JOR_03,2075.0,-393.73,-393.73,1960.21,1960.21,24.0,225.0,Tangent Hold,OIL_AUTHORIZED
JOR_03,2100.0,-400.92,-400.92,1983.05,1983.05,24.0,225.0,Tangent Hold,OIL_AUTHORIZED
JOR_03,2125.0,-408.11,-408.11,2005.88,2005.88,24.0,225.0,Tangent Hold,OIL_AUTHORIZED
JOR_03,2150.0,-415.3,-415.3,2028.72,2028.72,24.0,225.0,Tangent Hold,OIL_AUTHORIZED
JOR_03,2175.0,-422.49,-422.49,2051.56,2051.56,24.0,225.0,Tangent Hold,OIL_AUTHORIZED
JOR_03,2200.0,-429.68,-429.68,2074.4,2074.4,24.0,225.0,Tangent Hold,OIL_AUTHORIZED
JOR_03,2225.0,-436.87,-436.87,2097.24,2097.24,24.0,225.0,Tangent Hold,OIL_AUTHORIZED
JOR_03,2250.0,-444.06,-444.06,2120.08,2120.08,24.0,225.0,Tangent Hold,OIL_AUTHORIZED
JOR_03,2275.0,-451.25,-451.25,2142.92,2142.92,24.0,225.0,Tangent Hold,OIL_AUTHORIZED
JOR_03,2300.0,-458.44,-458.44,2165.75,2165.75,24.0,225.0,Tangent Hold,OIL_AUTHORIZED
JOR_03,2325.0,-465.63,-465.63,2188.59,2188.59,24.0,225.0,Tangent Hold,OIL_AUTHORIZED
JOR_03,2350.0,-472.82,-472.82,2211.43,2211.43,24.0,225.0,Tangent Hold,OIL_AUTHORIZED
JOR_03,2375.0,-480.01,-480.01,2234.27,2234.27,24.0,225.0,Tangent Hold,OIL_AUTHORIZED
JOR_03,2400.0,-487.2,-487.2,2257.11,2257.11,24.0,225.0,Tangent Hold,OIL_AUTHORIZED
JOR_03,2425.0,-494.39,-494.39,2279.95,2279.95,24.0,225.0,Tangent Hold,OIL_AUTHORIZED
JOR_03,2450.0,-501.58,-501.58,2302.79,2302.79,24.0,225.0,Tangent Hold,OIL_AUTHORIZED
JOR_03,2475.0,-508.77,-508.77,2325.63,2325.63,24.0,225.0,Tangent Hold,OIL_AUTHORIZED
JOR_03,2500.0,-515.96,-515.96,2348.46,2348.46,24.0,225.0,Tangent Hold,OIL_AUTHORIZED
JOR_03,2525.0,-523.15,-523.15,2371.3,2371.3,24.0,225.0,Tangent Hold,OIL_AUTHORIZED
JOR_03,2550.0,-530.34,-530.34,2394.14,2394.14,24.0,225.0,Tangent Hold,OIL_AUTHORIZED
JOR_03,2575.0,-537.53,-537.53,2416.98,2416.98,24.0,225.0,Tangent Hold,OIL_AUTHORIZED
JOR_03,2600.0,-544.72,-544.72,2439.82,2439.82,24.0,225.0,Tangent Hold,OIL_AUTHORIZED
JOR_03,2625.0,-551.91,-551.91,2462.66,2462.66,24.0,225.0,Tangent Hold,OIL_AUTHORIZED
JOR_03,2650.0,-559.1,-559.1,2485.5,2485.5,24.0,225.0,Tangent Hold,OIL_AUTHORIZED
JOR_03,2675.0,-566.29,-566.29,2508.33,2508.33,24.0,225.0,Tangent Hold,OIL_AUTHORIZED
JOR_03,2700.0,-573.48,-573.48,2531.17,2531.17,24.0,225.0,Tangent Hold,OIL_AUTHORIZED
JOR_03,2725.0,-580.67,-580.67,2554.01,2554.01,24.0,225.0,Tangent Hold,OIL_AUTHORIZED
JOR_03,2750.0,-587.86,-587.86,2576.85,2576.85,24.0,225.0,Tangent Hold,OIL_AUTHORIZED
JOR_03,2775.0,-595.05,-595.05,2599.69,2599.69,24.0,225.0,Tangent Hold,OIL_AUTHORIZED
JOR_03,2800.0,-602.24,-602.24,2622.53,2622.53,24.0,225.0,Tangent Hold,OIL_AUTHORIZED
JOR_03,2825.0,-609.43,-609.43,2645.37,2645.37,24.0,225.0,Tangent Hold,OIL_AUTHORIZED
JOR_03,2850.0,-616.62,-616.62,2668.2,2668.2,24.0,225.0,Tangent Hold,OIL_AUTHORIZED
JOR_03,2875.0,-623.81,-623.81,2691.04,2691.04,24.0,225.0,Tangent Hold,OIL_AUTHORIZED
JOR_03,2900.0,-631.0,-631.0,2713.88,2713.88,24.0,225.0,Tangent Hold,OIL_AUTHORIZED
JOR_03,2925.0,-638.19,-638.19,2736.72,2736.72,24.0,225.0,Tangent Hold,OIL_AUTHORIZED
JOR_03,2950.0,-645.38,-645.38,2759.56,2759.56,24.0,225.0,Tangent Hold,OIL_AUTHORIZED
JOR_03,2975.0,-652.57,-652.57,2782.4,2782.4,24.0,225.0,Tangent Hold,OIL_AUTHORIZED
JOR_03,3000.0,-659.76,-659.76,2805.24,2805.24,24.0,225.0,Tangent Hold,OIL_AUTHORIZED
JOR_03,3025.0,-666.95,-666.95,2828.08,2828.08,24.0,225.0,Tangent Hold,OIL_AUTHORIZED
JOR_03,3050.0,-674.14,-674.14,2850.91,2850.91,24.0,225.0,Tangent Hold,OIL_AUTHORIZED
JOR_03,3075.0,-681.33,-681.33,2873.75,2873.75,24.0,225.0,Tangent Hold,OIL_AUTHORIZED
JOR_03,3100.0,-688.52,-688.52,2896.59,2896.59,24.0,225.0,Tangent Hold,OIL_AUTHORIZED
JOR_03,3125.0,-695.71,-695.71,2919.43,2919.43,24.0,225.0,Tangent Hold,OIL_AUTHORIZED
JOR_03,3150.0,-702.9,-702.9,2942.27,2942.27,24.0,225.0,Tangent Hold,OIL_AUTHORIZED
JOR_03,3175.0,-710.09,-710.09,2965.11,2965.11,24.0,225.0,Tangent Hold,OIL_AUTHORIZED
JOR_03,3200.0,-717.28,-717.28,2987.95,2987.95,24.0,225.0,Tangent Hold,OIL_AUTHORIZED
JOR_03,3225.0,-724.47,-724.47,3010.78,3010.78,24.0,225.0,Tangent Hold,OIL_AUTHORIZED
JOR_03,3250.0,-731.66,-731.66,3033.62,3033.62,24.0,225.0,Total Depth (TD Target),OIL_AUTHORIZED
MOR_12,0.0,0.0,0.0,0.0,0.0,0.0,90.0,Surface Wellhead,OIL_AUTHORIZED
MOR_12,25.0,0.0,0.0,25.0,25.0,0.0,90.0,Vertical Section,OIL_AUTHORIZED
MOR_12,50.0,0.0,0.0,50.0,50.0,0.0,90.0,Vertical Section,OIL_AUTHORIZED
MOR_12,75.0,0.0,0.0,75.0,75.0,0.0,90.0,Vertical Section,OIL_AUTHORIZED
MOR_12,100.0,0.0,0.0,100.0,100.0,0.0,90.0,Vertical Section,OIL_AUTHORIZED
MOR_12,125.0,0.0,0.0,125.0,125.0,0.0,90.0,Vertical Section,OIL_AUTHORIZED
MOR_12,150.0,0.0,0.0,150.0,150.0,0.0,90.0,Vertical Section,OIL_AUTHORIZED
MOR_12,175.0,0.0,0.0,175.0,175.0,0.0,90.0,Vertical Section,OIL_AUTHORIZED
MOR_12,200.0,0.0,0.0,200.0,200.0,0.0,90.0,Vertical Section,OIL_AUTHORIZED
MOR_12,225.0,0.0,0.0,225.0,225.0,0.0,90.0,Vertical Section,OIL_AUTHORIZED
MOR_12,250.0,0.0,0.0,250.0,250.0,0.0,90.0,Vertical Section,OIL_AUTHORIZED
MOR_12,275.0,0.0,0.0,275.0,275.0,0.0,90.0,Vertical Section,OIL_AUTHORIZED
MOR_12,300.0,0.0,0.0,300.0,300.0,0.0,90.0,Vertical Section,OIL_AUTHORIZED
MOR_12,325.0,0.0,0.0,325.0,325.0,0.0,90.0,Vertical Section,OIL_AUTHORIZED
MOR_12,350.0,0.0,0.0,350.0,350.0,0.0,90.0,Vertical Section,OIL_AUTHORIZED
MOR_12,375.0,0.0,0.0,375.0,375.0,0.0,90.0,Vertical Section,OIL_AUTHORIZED
MOR_12,400.0,0.0,0.0,400.0,400.0,0.0,90.0,Vertical Section,OIL_AUTHORIZED
MOR_12,425.0,0.0,0.0,425.0,425.0,0.0,90.0,Vertical Section,OIL_AUTHORIZED
MOR_12,450.0,0.0,0.0,450.0,450.0,0.0,90.0,Vertical Section,OIL_AUTHORIZED
MOR_12,475.0,0.0,0.0,475.0,475.0,0.0,90.0,Vertical Section,OIL_AUTHORIZED
MOR_12,500.0,0.0,0.0,500.0,500.0,0.0,90.0,Vertical Section,OIL_AUTHORIZED
MOR_12,525.0,0.0,0.0,525.0,525.0,0.0,90.0,Vertical Section,OIL_AUTHORIZED
MOR_12,550.0,0.0,0.0,550.0,550.0,0.0,90.0,Vertical Section,OIL_AUTHORIZED
MOR_12,575.0,0.0,0.0,575.0,575.0,0.0,90.0,Vertical Section,OIL_AUTHORIZED
MOR_12,600.0,0.0,0.0,600.0,600.0,0.0,90.0,Vertical Section,OIL_AUTHORIZED
MOR_12,625.0,0.0,0.0,625.0,625.0,0.0,90.0,Vertical Section,OIL_AUTHORIZED
MOR_12,650.0,0.0,0.0,650.0,650.0,0.0,90.0,Vertical Section,OIL_AUTHORIZED
MOR_12,675.0,0.0,0.0,675.0,675.0,0.0,90.0,Vertical Section,OIL_AUTHORIZED
MOR_12,700.0,0.0,0.0,700.0,700.0,0.0,90.0,Vertical Section,OIL_AUTHORIZED
MOR_12,725.0,0.73,0.0,724.99,724.99,1.67,90.0,Build-up Section (KOP),OIL_AUTHORIZED
MOR_12,750.0,2.18,0.0,749.95,749.95,3.33,90.0,Build-up Section (KOP),OIL_AUTHORIZED
MOR_12,775.0,4.36,0.0,774.85,774.85,5.0,90.0,Build-up Section (KOP),OIL_AUTHORIZED
MOR_12,800.0,7.26,0.0,799.68,799.68,6.67,90.0,Build-up Section (KOP),OIL_AUTHORIZED
MOR_12,825.0,10.89,0.0,824.42,824.42,8.33,90.0,Build-up Section (KOP),OIL_AUTHORIZED
MOR_12,850.0,15.23,0.0,849.04,849.04,10.0,90.0,Build-up Section (KOP),OIL_AUTHORIZED
MOR_12,875.0,20.28,0.0,873.52,873.52,11.67,90.0,Build-up Section (KOP),OIL_AUTHORIZED
MOR_12,900.0,26.05,0.0,897.85,897.85,13.33,90.0,Build-up Section (KOP),OIL_AUTHORIZED
MOR_12,925.0,32.52,0.0,922.0,922.0,15.0,90.0,Build-up Section (KOP),OIL_AUTHORIZED
MOR_12,950.0,39.69,0.0,945.95,945.95,16.67,90.0,Build-up Section (KOP),OIL_AUTHORIZED
MOR_12,975.0,47.55,0.0,969.68,969.68,18.33,90.0,Build-up Section (KOP),OIL_AUTHORIZED
MOR_12,1000.0,56.1,0.0,993.17,993.17,20.0,90.0,Build-up Section (KOP),OIL_AUTHORIZED
MOR_12,1025.0,65.33,0.0,1016.4,1016.4,21.67,90.0,Build-up Section (KOP),OIL_AUTHORIZED
MOR_12,1050.0,75.23,0.0,1039.36,1039.36,23.33,90.0,Build-up Section (KOP),OIL_AUTHORIZED
MOR_12,1075.0,85.8,0.0,1062.02,1062.02,25.0,90.0,Build-up Section (KOP),OIL_AUTHORIZED
MOR_12,1100.0,96.76,0.0,1084.49,1084.49,26.0,90.0,Build-up Section (KOP),OIL_AUTHORIZED
MOR_12,1125.0,107.72,0.0,1106.96,1106.96,26.0,90.0,Tangent Hold,OIL_AUTHORIZED
MOR_12,1150.0,118.68,0.0,1129.43,1129.43,26.0,90.0,Tangent Hold,OIL_AUTHORIZED
MOR_12,1175.0,129.64,0.0,1151.9,1151.9,26.0,90.0,Tangent Hold,OIL_AUTHORIZED
MOR_12,1200.0,140.6,0.0,1174.37,1174.37,26.0,90.0,Tangent Hold,OIL_AUTHORIZED
MOR_12,1225.0,151.56,0.0,1196.84,1196.84,26.0,90.0,Tangent Hold,OIL_AUTHORIZED
MOR_12,1250.0,162.51,0.0,1219.31,1219.31,26.0,90.0,Tangent Hold,OIL_AUTHORIZED
MOR_12,1275.0,173.47,0.0,1241.78,1241.78,26.0,90.0,Tangent Hold,OIL_AUTHORIZED
MOR_12,1300.0,184.43,0.0,1264.25,1264.25,26.0,90.0,Tangent Hold,OIL_AUTHORIZED
MOR_12,1325.0,195.39,0.0,1286.72,1286.72,26.0,90.0,Tangent Hold,OIL_AUTHORIZED
MOR_12,1350.0,206.35,0.0,1309.19,1309.19,26.0,90.0,Tangent Hold,OIL_AUTHORIZED
MOR_12,1375.0,217.31,0.0,1331.66,1331.66,26.0,90.0,Tangent Hold,OIL_AUTHORIZED
MOR_12,1400.0,228.27,0.0,1354.12,1354.12,26.0,90.0,Tangent Hold,OIL_AUTHORIZED
MOR_12,1425.0,239.23,0.0,1376.59,1376.59,26.0,90.0,Tangent Hold,OIL_AUTHORIZED
MOR_12,1450.0,250.19,0.0,1399.06,1399.06,26.0,90.0,Tangent Hold,OIL_AUTHORIZED
MOR_12,1475.0,261.15,0.0,1421.53,1421.53,26.0,90.0,Tangent Hold,OIL_AUTHORIZED
MOR_12,1500.0,272.11,0.0,1444.0,1444.0,26.0,90.0,Tangent Hold,OIL_AUTHORIZED
MOR_12,1525.0,283.07,0.0,1466.47,1466.47,26.0,90.0,Tangent Hold,OIL_AUTHORIZED
MOR_12,1550.0,294.03,0.0,1488.94,1488.94,26.0,90.0,Tangent Hold,OIL_AUTHORIZED
MOR_12,1575.0,304.99,0.0,1511.41,1511.41,26.0,90.0,Tangent Hold,OIL_AUTHORIZED
MOR_12,1600.0,315.94,0.0,1533.88,1533.88,26.0,90.0,Tangent Hold,OIL_AUTHORIZED
MOR_12,1625.0,326.9,0.0,1556.35,1556.35,26.0,90.0,Tangent Hold,OIL_AUTHORIZED
MOR_12,1650.0,337.86,0.0,1578.82,1578.82,26.0,90.0,Tangent Hold,OIL_AUTHORIZED
MOR_12,1675.0,348.82,0.0,1601.29,1601.29,26.0,90.0,Tangent Hold,OIL_AUTHORIZED
MOR_12,1700.0,359.78,0.0,1623.76,1623.76,26.0,90.0,Tangent Hold,OIL_AUTHORIZED
MOR_12,1725.0,370.74,0.0,1646.23,1646.23,26.0,90.0,Tangent Hold,OIL_AUTHORIZED
MOR_12,1750.0,381.7,0.0,1668.7,1668.7,26.0,90.0,Tangent Hold,OIL_AUTHORIZED
MOR_12,1775.0,392.66,0.0,1691.17,1691.17,26.0,90.0,Tangent Hold,OIL_AUTHORIZED
MOR_12,1800.0,403.62,0.0,1713.64,1713.64,26.0,90.0,Tangent Hold,OIL_AUTHORIZED
MOR_12,1825.0,414.58,0.0,1736.11,1736.11,26.0,90.0,Tangent Hold,OIL_AUTHORIZED
MOR_12,1850.0,425.54,0.0,1758.58,1758.58,26.0,90.0,Tangent Hold,OIL_AUTHORIZED
MOR_12,1875.0,436.5,0.0,1781.05,1781.05,26.0,90.0,Tangent Hold,OIL_AUTHORIZED
MOR_12,1900.0,447.46,0.0,1803.52,1803.52,26.0,90.0,Tangent Hold,OIL_AUTHORIZED
MOR_12,1925.0,458.42,0.0,1825.99,1825.99,26.0,90.0,Tangent Hold,OIL_AUTHORIZED
MOR_12,1950.0,469.37,0.0,1848.46,1848.46,26.0,90.0,Tangent Hold,OIL_AUTHORIZED
MOR_12,1975.0,480.33,0.0,1870.93,1870.93,26.0,90.0,Tangent Hold,OIL_AUTHORIZED
MOR_12,2000.0,491.29,0.0,1893.4,1893.4,26.0,90.0,Tangent Hold,OIL_AUTHORIZED
MOR_12,2025.0,502.25,0.0,1915.87,1915.87,26.0,90.0,Tangent Hold,OIL_AUTHORIZED
MOR_12,2050.0,513.21,0.0,1938.34,1938.34,26.0,90.0,Tangent Hold,OIL_AUTHORIZED
MOR_12,2075.0,524.17,0.0,1960.81,1960.81,26.0,90.0,Tangent Hold,OIL_AUTHORIZED
MOR_12,2100.0,535.13,0.0,1983.28,1983.28,26.0,90.0,Tangent Hold,OIL_AUTHORIZED
MOR_12,2125.0,546.09,0.0,2005.75,2005.75,26.0,90.0,Tangent Hold,OIL_AUTHORIZED
MOR_12,2150.0,557.05,0.0,2028.22,2028.22,26.0,90.0,Tangent Hold,OIL_AUTHORIZED
MOR_12,2175.0,568.01,0.0,2050.69,2050.69,26.0,90.0,Tangent Hold,OIL_AUTHORIZED
MOR_12,2200.0,578.97,0.0,2073.16,2073.16,26.0,90.0,Tangent Hold,OIL_AUTHORIZED
MOR_12,2225.0,589.93,0.0,2095.63,2095.63,26.0,90.0,Tangent Hold,OIL_AUTHORIZED
MOR_12,2250.0,600.89,0.0,2118.1,2118.1,26.0,90.0,Tangent Hold,OIL_AUTHORIZED
MOR_12,2275.0,611.84,0.0,2140.57,2140.57,26.0,90.0,Tangent Hold,OIL_AUTHORIZED
MOR_12,2300.0,622.8,0.0,2163.04,2163.04,26.0,90.0,Tangent Hold,OIL_AUTHORIZED
MOR_12,2325.0,633.76,0.0,2185.51,2185.51,26.0,90.0,Tangent Hold,OIL_AUTHORIZED
MOR_12,2350.0,644.72,0.0,2207.98,2207.98,26.0,90.0,Tangent Hold,OIL_AUTHORIZED
MOR_12,2375.0,655.68,0.0,2230.45,2230.45,26.0,90.0,Tangent Hold,OIL_AUTHORIZED
MOR_12,2400.0,666.64,0.0,2252.92,2252.92,26.0,90.0,Tangent Hold,OIL_AUTHORIZED
MOR_12,2425.0,677.6,0.0,2275.39,2275.39,26.0,90.0,Tangent Hold,OIL_AUTHORIZED
MOR_12,2450.0,688.56,0.0,2297.86,2297.86,26.0,90.0,Tangent Hold,OIL_AUTHORIZED
MOR_12,2475.0,699.52,0.0,2320.33,2320.33,26.0,90.0,Tangent Hold,OIL_AUTHORIZED
MOR_12,2500.0,710.48,0.0,2342.8,2342.8,26.0,90.0,Tangent Hold,OIL_AUTHORIZED
MOR_12,2525.0,721.44,0.0,2365.27,2365.27,26.0,90.0,Tangent Hold,OIL_AUTHORIZED
MOR_12,2550.0,732.4,0.0,2387.74,2387.74,26.0,90.0,Tangent Hold,OIL_AUTHORIZED
MOR_12,2575.0,743.36,0.0,2410.21,2410.21,26.0,90.0,Tangent Hold,OIL_AUTHORIZED
MOR_12,2600.0,754.32,0.0,2432.68,2432.68,26.0,90.0,Tangent Hold,OIL_AUTHORIZED
MOR_12,2625.0,765.27,0.0,2455.15,2455.15,26.0,90.0,Tangent Hold,OIL_AUTHORIZED
MOR_12,2650.0,776.23,0.0,2477.62,2477.62,26.0,90.0,Tangent Hold,OIL_AUTHORIZED
MOR_12,2675.0,787.19,0.0,2500.09,2500.09,26.0,90.0,Tangent Hold,OIL_AUTHORIZED
MOR_12,2700.0,798.15,0.0,2522.56,2522.56,26.0,90.0,Tangent Hold,OIL_AUTHORIZED
MOR_12,2725.0,809.11,0.0,2545.03,2545.03,26.0,90.0,Tangent Hold,OIL_AUTHORIZED
MOR_12,2750.0,820.07,0.0,2567.5,2567.5,26.0,90.0,Tangent Hold,OIL_AUTHORIZED
MOR_12,2775.0,831.03,0.0,2589.97,2589.97,26.0,90.0,Tangent Hold,OIL_AUTHORIZED
MOR_12,2800.0,841.99,0.0,2612.44,2612.44,26.0,90.0,Tangent Hold,OIL_AUTHORIZED
MOR_12,2825.0,852.95,0.0,2634.91,2634.91,26.0,90.0,Tangent Hold,OIL_AUTHORIZED
MOR_12,2850.0,863.91,0.0,2657.38,2657.38,26.0,90.0,Tangent Hold,OIL_AUTHORIZED
MOR_12,2875.0,874.87,0.0,2679.85,2679.85,26.0,90.0,Tangent Hold,OIL_AUTHORIZED
MOR_12,2900.0,885.83,0.0,2702.32,2702.32,26.0,90.0,Tangent Hold,OIL_AUTHORIZED
MOR_12,2925.0,896.79,0.0,2724.79,2724.79,26.0,90.0,Tangent Hold,OIL_AUTHORIZED
MOR_12,2950.0,907.75,0.0,2747.26,2747.26,26.0,90.0,Tangent Hold,OIL_AUTHORIZED
MOR_12,2975.0,918.7,0.0,2769.73,2769.73,26.0,90.0,Tangent Hold,OIL_AUTHORIZED
MOR_12,3000.0,929.66,0.0,2792.2,2792.2,26.0,90.0,Tangent Hold,OIL_AUTHORIZED
MOR_12,3025.0,940.62,0.0,2814.67,2814.67,26.0,90.0,Tangent Hold,OIL_AUTHORIZED
MOR_12,3050.0,951.58,0.0,2837.14,2837.14,26.0,90.0,Tangent Hold,OIL_AUTHORIZED
MOR_12,3075.0,962.54,0.0,2859.6,2859.6,26.0,90.0,Tangent Hold,OIL_AUTHORIZED
MOR_12,3100.0,973.5,0.0,2882.07,2882.07,26.0,90.0,Tangent Hold,OIL_AUTHORIZED
MOR_12,3125.0,984.46,0.0,2904.54,2904.54,26.0,90.0,Tangent Hold,OIL_AUTHORIZED
MOR_12,3150.0,995.42,0.0,2927.01,2927.01,26.0,90.0,Tangent Hold,OIL_AUTHORIZED
MOR_12,3175.0,1006.38,0.0,2949.48,2949.48,26.0,90.0,Tangent Hold,OIL_AUTHORIZED
MOR_12,3200.0,1017.34,0.0,2971.95,2971.95,26.0,90.0,Tangent Hold,OIL_AUTHORIZED
MOR_12,3225.0,1028.3,0.0,2994.42,2994.42,26.0,90.0,Tangent Hold,OIL_AUTHORIZED
MOR_12,3250.0,1039.26,0.0,3016.89,3016.89,26.0,90.0,Tangent Hold,OIL_AUTHORIZED
MOR_12,3275.0,1050.22,0.0,3039.36,3039.36,26.0,90.0,Tangent Hold,OIL_AUTHORIZED
MOR_12,3300.0,1061.18,0.0,3061.83,3061.83,26.0,90.0,Tangent Hold,OIL_AUTHORIZED
MOR_12,3325.0,1072.13,0.0,3084.3,3084.3,26.0,90.0,Tangent Hold,OIL_AUTHORIZED
MOR_12,3350.0,1083.09,0.0,3106.77,3106.77,26.0,90.0,Tangent Hold,OIL_AUTHORIZED
MOR_12,3375.0,1094.05,0.0,3129.24,3129.24,26.0,90.0,Tangent Hold,OIL_AUTHORIZED
MOR_12,3400.0,1105.01,0.0,3151.71,3151.71,26.0,90.0,Tangent Hold,OIL_AUTHORIZED
MOR_12,3425.0,1115.97,0.0,3174.18,3174.18,26.0,90.0,Tangent Hold,OIL_AUTHORIZED
MOR_12,3450.0,1126.93,0.0,3196.65,3196.65,26.0,90.0,Tangent Hold,OIL_AUTHORIZED
MOR_12,3475.0,1137.89,0.0,3219.12,3219.12,26.0,90.0,Tangent Hold,OIL_AUTHORIZED
MOR_12,3500.0,1148.85,0.0,3241.59,3241.59,26.0,90.0,Tangent Hold,OIL_AUTHORIZED
MOR_12,3525.0,1159.81,0.0,3264.06,3264.06,26.0,90.0,Tangent Hold,OIL_AUTHORIZED
MOR_12,3550.0,1170.77,0.0,3286.53,3286.53,26.0,90.0,Tangent Hold,OIL_AUTHORIZED
MOR_12,3575.0,1181.73,0.0,3309.0,3309.0,26.0,90.0,Tangent Hold,OIL_AUTHORIZED
MOR_12,3600.0,1192.69,0.0,3331.47,3331.47,26.0,90.0,Total Depth (TD Target),OIL_AUTHORIZED
MOR_18,0.0,0.0,0.0,0.0,0.0,0.0,120.0,Surface Wellhead,OIL_AUTHORIZED
MOR_18,25.0,0.0,0.0,25.0,25.0,0.0,120.0,Vertical Section,OIL_AUTHORIZED
MOR_18,50.0,0.0,0.0,50.0,50.0,0.0,120.0,Vertical Section,OIL_AUTHORIZED
MOR_18,75.0,0.0,0.0,75.0,75.0,0.0,120.0,Vertical Section,OIL_AUTHORIZED
MOR_18,100.0,0.0,0.0,100.0,100.0,0.0,120.0,Vertical Section,OIL_AUTHORIZED
MOR_18,125.0,0.0,0.0,125.0,125.0,0.0,120.0,Vertical Section,OIL_AUTHORIZED
MOR_18,150.0,0.0,0.0,150.0,150.0,0.0,120.0,Vertical Section,OIL_AUTHORIZED
MOR_18,175.0,0.0,0.0,175.0,175.0,0.0,120.0,Vertical Section,OIL_AUTHORIZED
MOR_18,200.0,0.0,0.0,200.0,200.0,0.0,120.0,Vertical Section,OIL_AUTHORIZED
MOR_18,225.0,0.0,0.0,225.0,225.0,0.0,120.0,Vertical Section,OIL_AUTHORIZED
MOR_18,250.0,0.0,0.0,250.0,250.0,0.0,120.0,Vertical Section,OIL_AUTHORIZED
MOR_18,275.0,0.0,0.0,275.0,275.0,0.0,120.0,Vertical Section,OIL_AUTHORIZED
MOR_18,300.0,0.0,0.0,300.0,300.0,0.0,120.0,Vertical Section,OIL_AUTHORIZED
MOR_18,325.0,0.0,0.0,325.0,325.0,0.0,120.0,Vertical Section,OIL_AUTHORIZED
MOR_18,350.0,0.0,0.0,350.0,350.0,0.0,120.0,Vertical Section,OIL_AUTHORIZED
MOR_18,375.0,0.0,0.0,375.0,375.0,0.0,120.0,Vertical Section,OIL_AUTHORIZED
MOR_18,400.0,0.0,0.0,400.0,400.0,0.0,120.0,Vertical Section,OIL_AUTHORIZED
MOR_18,425.0,0.0,0.0,425.0,425.0,0.0,120.0,Vertical Section,OIL_AUTHORIZED
MOR_18,450.0,0.0,0.0,450.0,450.0,0.0,120.0,Vertical Section,OIL_AUTHORIZED
MOR_18,475.0,0.0,0.0,475.0,475.0,0.0,120.0,Vertical Section,OIL_AUTHORIZED
MOR_18,500.0,0.0,0.0,500.0,500.0,0.0,120.0,Vertical Section,OIL_AUTHORIZED
MOR_18,525.0,0.0,0.0,525.0,525.0,0.0,120.0,Vertical Section,OIL_AUTHORIZED
MOR_18,550.0,0.0,0.0,550.0,550.0,0.0,120.0,Vertical Section,OIL_AUTHORIZED
MOR_18,575.0,0.0,0.0,575.0,575.0,0.0,120.0,Vertical Section,OIL_AUTHORIZED
MOR_18,600.0,0.0,0.0,600.0,600.0,0.0,120.0,Vertical Section,OIL_AUTHORIZED
MOR_18,625.0,0.0,0.0,625.0,625.0,0.0,120.0,Vertical Section,OIL_AUTHORIZED
MOR_18,650.0,0.0,0.0,650.0,650.0,0.0,120.0,Vertical Section,OIL_AUTHORIZED
MOR_18,675.0,0.0,0.0,675.0,675.0,0.0,120.0,Vertical Section,OIL_AUTHORIZED
MOR_18,700.0,0.0,0.0,700.0,700.0,0.0,120.0,Vertical Section,OIL_AUTHORIZED
MOR_18,725.0,0.94,-0.55,724.98,724.98,2.5,120.0,Build-up Section (KOP),OIL_AUTHORIZED
MOR_18,750.0,2.83,-1.63,749.88,749.88,5.0,120.0,Build-up Section (KOP),OIL_AUTHORIZED
MOR_18,775.0,5.66,-3.27,774.67,774.67,7.5,120.0,Build-up Section (KOP),OIL_AUTHORIZED
MOR_18,800.0,9.42,-5.44,799.29,799.29,10.0,120.0,Build-up Section (KOP),OIL_AUTHORIZED
MOR_18,825.0,14.1,-8.14,823.69,823.69,12.5,120.0,Build-up Section (KOP),OIL_AUTHORIZED
MOR_18,850.0,19.71,-11.38,847.84,847.84,15.0,120.0,Build-up Section (KOP),OIL_AUTHORIZED
MOR_18,875.0,26.22,-15.14,871.69,871.69,17.5,120.0,Build-up Section (KOP),OIL_AUTHORIZED
MOR_18,900.0,33.62,-19.41,895.18,895.18,20.0,120.0,Build-up Section (KOP),OIL_AUTHORIZED
MOR_18,925.0,41.91,-24.2,918.28,918.28,22.5,120.0,Build-up Section (KOP),OIL_AUTHORIZED
MOR_18,950.0,51.06,-29.48,940.93,940.93,25.0,120.0,Build-up Section (KOP),OIL_AUTHORIZED
MOR_18,975.0,61.05,-35.25,963.11,963.11,27.5,120.0,Build-up Section (KOP),OIL_AUTHORIZED
MOR_18,1000.0,71.88,-41.5,984.76,984.76,30.0,120.0,Build-up Section (KOP),OIL_AUTHORIZED
MOR_18,1025.0,83.51,-48.22,1005.84,1005.84,32.5,120.0,Build-up Section (KOP),OIL_AUTHORIZED
MOR_18,1050.0,95.62,-55.21,1026.57,1026.57,34.0,120.0,Build-up Section (KOP),OIL_AUTHORIZED
MOR_18,1075.0,107.73,-62.2,1047.3,1047.3,34.0,120.0,Tangent Hold,OIL_AUTHORIZED
MOR_18,1100.0,119.83,-69.19,1068.02,1068.02,34.0,120.0,Tangent Hold,OIL_AUTHORIZED
MOR_18,1125.0,131.94,-76.18,1088.75,1088.75,34.0,120.0,Tangent Hold,OIL_AUTHORIZED
MOR_18,1150.0,144.05,-83.17,1109.47,1109.47,34.0,120.0,Tangent Hold,OIL_AUTHORIZED
MOR_18,1175.0,156.15,-90.16,1130.2,1130.2,34.0,120.0,Tangent Hold,OIL_AUTHORIZED
MOR_18,1200.0,168.26,-97.15,1150.93,1150.93,34.0,120.0,Tangent Hold,OIL_AUTHORIZED
MOR_18,1225.0,180.37,-104.14,1171.65,1171.65,34.0,120.0,Tangent Hold,OIL_AUTHORIZED
MOR_18,1250.0,192.47,-111.13,1192.38,1192.38,34.0,120.0,Tangent Hold,OIL_AUTHORIZED
MOR_18,1275.0,204.58,-118.12,1213.1,1213.1,34.0,120.0,Tangent Hold,OIL_AUTHORIZED
MOR_18,1300.0,216.69,-125.11,1233.83,1233.83,34.0,120.0,Tangent Hold,OIL_AUTHORIZED
MOR_18,1325.0,228.8,-132.09,1254.55,1254.55,34.0,120.0,Tangent Hold,OIL_AUTHORIZED
MOR_18,1350.0,240.9,-139.08,1275.28,1275.28,34.0,120.0,Tangent Hold,OIL_AUTHORIZED
MOR_18,1375.0,253.01,-146.07,1296.01,1296.01,34.0,120.0,Tangent Hold,OIL_AUTHORIZED
MOR_18,1400.0,265.12,-153.06,1316.73,1316.73,34.0,120.0,Tangent Hold,OIL_AUTHORIZED
MOR_18,1425.0,277.22,-160.05,1337.46,1337.46,34.0,120.0,Tangent Hold,OIL_AUTHORIZED
MOR_18,1450.0,289.33,-167.04,1358.18,1358.18,34.0,120.0,Tangent Hold,OIL_AUTHORIZED
MOR_18,1475.0,301.44,-174.03,1378.91,1378.91,34.0,120.0,Tangent Hold,OIL_AUTHORIZED
MOR_18,1500.0,313.54,-181.02,1399.64,1399.64,34.0,120.0,Tangent Hold,OIL_AUTHORIZED
MOR_18,1525.0,325.65,-188.01,1420.36,1420.36,34.0,120.0,Tangent Hold,OIL_AUTHORIZED
MOR_18,1550.0,337.76,-195.0,1441.09,1441.09,34.0,120.0,Tangent Hold,OIL_AUTHORIZED
MOR_18,1575.0,349.86,-201.99,1461.81,1461.81,34.0,120.0,Tangent Hold,OIL_AUTHORIZED
MOR_18,1600.0,361.97,-208.98,1482.54,1482.54,34.0,120.0,Tangent Hold,OIL_AUTHORIZED
MOR_18,1625.0,374.08,-215.97,1503.27,1503.27,34.0,120.0,Tangent Hold,OIL_AUTHORIZED
MOR_18,1650.0,386.18,-222.96,1523.99,1523.99,34.0,120.0,Tangent Hold,OIL_AUTHORIZED
MOR_18,1675.0,398.29,-229.95,1544.72,1544.72,34.0,120.0,Tangent Hold,OIL_AUTHORIZED
MOR_18,1700.0,410.4,-236.94,1565.44,1565.44,34.0,120.0,Tangent Hold,OIL_AUTHORIZED
MOR_18,1725.0,422.51,-243.93,1586.17,1586.17,34.0,120.0,Tangent Hold,OIL_AUTHORIZED
MOR_18,1750.0,434.61,-250.92,1606.9,1606.9,34.0,120.0,Tangent Hold,OIL_AUTHORIZED
MOR_18,1775.0,446.72,-257.91,1627.62,1627.62,34.0,120.0,Tangent Hold,OIL_AUTHORIZED
MOR_18,1800.0,458.83,-264.9,1648.35,1648.35,34.0,120.0,Tangent Hold,OIL_AUTHORIZED
MOR_18,1825.0,470.93,-271.89,1669.07,1669.07,34.0,120.0,Tangent Hold,OIL_AUTHORIZED
MOR_18,1850.0,483.04,-278.88,1689.8,1689.8,34.0,120.0,Tangent Hold,OIL_AUTHORIZED
MOR_18,1875.0,495.15,-285.87,1710.53,1710.53,34.0,120.0,Tangent Hold,OIL_AUTHORIZED
MOR_18,1900.0,507.25,-292.86,1731.25,1731.25,34.0,120.0,Tangent Hold,OIL_AUTHORIZED
MOR_18,1925.0,519.36,-299.85,1751.98,1751.98,34.0,120.0,Tangent Hold,OIL_AUTHORIZED
MOR_18,1950.0,531.47,-306.84,1772.7,1772.7,34.0,120.0,Tangent Hold,OIL_AUTHORIZED
MOR_18,1975.0,543.57,-313.83,1793.43,1793.43,34.0,120.0,Tangent Hold,OIL_AUTHORIZED
MOR_18,2000.0,555.68,-320.82,1814.16,1814.16,34.0,120.0,Tangent Hold,OIL_AUTHORIZED
MOR_18,2025.0,567.79,-327.81,1834.88,1834.88,34.0,120.0,Tangent Hold,OIL_AUTHORIZED
MOR_18,2050.0,579.89,-334.8,1855.61,1855.61,34.0,120.0,Tangent Hold,OIL_AUTHORIZED
MOR_18,2075.0,592.0,-341.79,1876.33,1876.33,34.0,120.0,Tangent Hold,OIL_AUTHORIZED
MOR_18,2100.0,604.11,-348.78,1897.06,1897.06,34.0,120.0,Tangent Hold,OIL_AUTHORIZED
MOR_18,2125.0,616.22,-355.77,1917.78,1917.78,34.0,120.0,Tangent Hold,OIL_AUTHORIZED
MOR_18,2150.0,628.32,-362.76,1938.51,1938.51,34.0,120.0,Tangent Hold,OIL_AUTHORIZED
MOR_18,2175.0,640.43,-369.75,1959.24,1959.24,34.0,120.0,Tangent Hold,OIL_AUTHORIZED
MOR_18,2200.0,652.54,-376.74,1979.96,1979.96,34.0,120.0,Tangent Hold,OIL_AUTHORIZED
MOR_18,2225.0,663.98,-383.35,2001.18,2001.18,31.92,120.0,Drop-off Section,OIL_AUTHORIZED
MOR_18,2250.0,674.75,-389.57,2022.87,2022.87,29.83,120.0,Drop-off Section,OIL_AUTHORIZED
MOR_18,2275.0,684.83,-395.39,2044.99,2044.99,27.75,120.0,Drop-off Section,OIL_AUTHORIZED
MOR_18,2300.0,694.21,-400.8,2067.53,2067.53,25.67,120.0,Drop-off Section,OIL_AUTHORIZED
MOR_18,2325.0,702.87,-405.8,2090.44,2090.44,23.58,120.0,Drop-off Section,OIL_AUTHORIZED
MOR_18,2350.0,710.81,-410.39,2113.7,2113.7,21.5,120.0,Drop-off Section,OIL_AUTHORIZED
MOR_18,2375.0,718.01,-414.54,2137.28,2137.28,19.42,120.0,Drop-off Section,OIL_AUTHORIZED
MOR_18,2400.0,724.46,-418.27,2161.14,2161.14,17.33,120.0,Drop-off Section,OIL_AUTHORIZED
MOR_18,2425.0,730.15,-421.55,2185.26,2185.26,15.25,120.0,Drop-off Section,OIL_AUTHORIZED
MOR_18,2450.0,735.08,-424.4,2209.61,2209.61,13.17,120.0,Drop-off Section,OIL_AUTHORIZED
MOR_18,2475.0,739.25,-426.8,2234.14,2234.14,11.08,120.0,Drop-off Section,OIL_AUTHORIZED
MOR_18,2500.0,742.63,-428.76,2258.83,2258.83,9.0,120.0,Drop-off Section,OIL_AUTHORIZED
MOR_18,2525.0,745.24,-430.26,2283.65,2283.65,6.92,120.0,Drop-off Section,OIL_AUTHORIZED
MOR_18,2550.0,747.06,-431.32,2308.56,2308.56,4.83,120.0,Drop-off Section,OIL_AUTHORIZED
MOR_18,2575.0,748.1,-431.92,2333.53,2333.53,2.75,120.0,Drop-off Section,OIL_AUTHORIZED
MOR_18,2600.0,748.86,-432.35,2358.52,2358.52,2.0,120.0,Drop-off Section,OIL_AUTHORIZED
MOR_18,2625.0,749.61,-432.79,2383.5,2383.5,2.0,120.0,Vertical Landing,OIL_AUTHORIZED
MOR_18,2650.0,750.37,-433.23,2408.49,2408.49,2.0,120.0,Vertical Landing,OIL_AUTHORIZED
MOR_18,2675.0,751.12,-433.66,2433.47,2433.47,2.0,120.0,Vertical Landing,OIL_AUTHORIZED
MOR_18,2700.0,751.88,-434.1,2458.46,2458.46,2.0,120.0,Vertical Landing,OIL_AUTHORIZED
MOR_18,2725.0,752.64,-434.53,2483.44,2483.44,2.0,120.0,Vertical Landing,OIL_AUTHORIZED
MOR_18,2750.0,753.39,-434.97,2508.43,2508.43,2.0,120.0,Vertical Landing,OIL_AUTHORIZED
MOR_18,2775.0,754.15,-435.41,2533.41,2533.41,2.0,120.0,Vertical Landing,OIL_AUTHORIZED
MOR_18,2800.0,754.9,-435.84,2558.39,2558.39,2.0,120.0,Vertical Landing,OIL_AUTHORIZED
MOR_18,2825.0,755.66,-436.28,2583.38,2583.38,2.0,120.0,Vertical Landing,OIL_AUTHORIZED
MOR_18,2850.0,756.41,-436.72,2608.36,2608.36,2.0,120.0,Vertical Landing,OIL_AUTHORIZED
MOR_18,2875.0,757.17,-437.15,2633.35,2633.35,2.0,120.0,Vertical Landing,OIL_AUTHORIZED
MOR_18,2900.0,757.92,-437.59,2658.33,2658.33,2.0,120.0,Vertical Landing,OIL_AUTHORIZED
MOR_18,2925.0,758.68,-438.02,2683.32,2683.32,2.0,120.0,Vertical Landing,OIL_AUTHORIZED
MOR_18,2950.0,759.44,-438.46,2708.3,2708.3,2.0,120.0,Vertical Landing,OIL_AUTHORIZED
MOR_18,2975.0,760.19,-438.9,2733.29,2733.29,2.0,120.0,Vertical Landing,OIL_AUTHORIZED
MOR_18,3000.0,760.95,-439.33,2758.27,2758.27,2.0,120.0,Vertical Landing,OIL_AUTHORIZED
MOR_18,3025.0,761.7,-439.77,2783.26,2783.26,2.0,120.0,Vertical Landing,OIL_AUTHORIZED
MOR_18,3050.0,762.46,-440.21,2808.24,2808.24,2.0,120.0,Vertical Landing,OIL_AUTHORIZED
MOR_18,3075.0,763.21,-440.64,2833.23,2833.23,2.0,120.0,Vertical Landing,OIL_AUTHORIZED
MOR_18,3100.0,763.97,-441.08,2858.21,2858.21,2.0,120.0,Vertical Landing,OIL_AUTHORIZED
MOR_18,3125.0,764.73,-441.51,2883.2,2883.2,2.0,120.0,Vertical Landing,OIL_AUTHORIZED
MOR_18,3150.0,765.48,-441.95,2908.18,2908.18,2.0,120.0,Vertical Landing,OIL_AUTHORIZED
MOR_18,3175.0,766.24,-442.39,2933.17,2933.17,2.0,120.0,Vertical Landing,OIL_AUTHORIZED
MOR_18,3200.0,766.99,-442.82,2958.15,2958.15,2.0,120.0,Vertical Landing,OIL_AUTHORIZED
MOR_18,3225.0,767.75,-443.26,2983.14,2983.14,2.0,120.0,Vertical Landing,OIL_AUTHORIZED
MOR_18,3250.0,768.5,-443.7,3008.12,3008.12,2.0,120.0,Vertical Landing,OIL_AUTHORIZED
MOR_18,3275.0,769.26,-444.13,3033.11,3033.11,2.0,120.0,Vertical Landing,OIL_AUTHORIZED
MOR_18,3300.0,770.01,-444.57,3058.09,3058.09,2.0,120.0,Vertical Landing,OIL_AUTHORIZED
MOR_18,3325.0,770.77,-445.0,3083.08,3083.08,2.0,120.0,Vertical Landing,OIL_AUTHORIZED
MOR_18,3350.0,771.53,-445.44,3108.06,3108.06,2.0,120.0,Vertical Landing,OIL_AUTHORIZED
MOR_18,3375.0,772.28,-445.88,3133.04,3133.04,2.0,120.0,Vertical Landing,OIL_AUTHORIZED
MOR_18,3400.0,773.04,-446.31,3158.03,3158.03,2.0,120.0,Total Depth (TD Target),OIL_AUTHORIZED
MOR_25,0.0,0.0,0.0,0.0,0.0,0.0,175.0,Surface Wellhead,OIL_AUTHORIZED
MOR_25,25.0,0.0,0.0,25.0,25.0,0.0,175.0,Vertical Section,OIL_AUTHORIZED
MOR_25,50.0,0.0,0.0,50.0,50.0,0.0,175.0,Vertical Section,OIL_AUTHORIZED
MOR_25,75.0,0.0,0.0,75.0,75.0,0.0,175.0,Vertical Section,OIL_AUTHORIZED
MOR_25,100.0,0.0,0.0,100.0,100.0,0.0,175.0,Vertical Section,OIL_AUTHORIZED
MOR_25,125.0,0.0,0.0,125.0,125.0,0.0,175.0,Vertical Section,OIL_AUTHORIZED
MOR_25,150.0,0.0,0.0,150.0,150.0,0.0,175.0,Vertical Section,OIL_AUTHORIZED
MOR_25,175.0,0.0,0.0,175.0,175.0,0.0,175.0,Vertical Section,OIL_AUTHORIZED
MOR_25,200.0,0.0,0.0,200.0,200.0,0.0,175.0,Vertical Section,OIL_AUTHORIZED
MOR_25,225.0,0.0,0.0,225.0,225.0,0.0,175.0,Vertical Section,OIL_AUTHORIZED
MOR_25,250.0,0.0,0.0,250.0,250.0,0.0,175.0,Vertical Section,OIL_AUTHORIZED
MOR_25,275.0,0.0,0.0,275.0,275.0,0.0,175.0,Vertical Section,OIL_AUTHORIZED
MOR_25,300.0,0.0,0.0,300.0,300.0,0.0,175.0,Vertical Section,OIL_AUTHORIZED
MOR_25,325.0,0.0,0.0,325.0,325.0,0.0,175.0,Vertical Section,OIL_AUTHORIZED
MOR_25,350.0,0.0,0.0,350.0,350.0,0.0,175.0,Vertical Section,OIL_AUTHORIZED
MOR_25,375.0,0.0,0.0,375.0,375.0,0.0,175.0,Vertical Section,OIL_AUTHORIZED
MOR_25,400.0,0.0,0.0,400.0,400.0,0.0,175.0,Vertical Section,OIL_AUTHORIZED
MOR_25,425.0,0.0,0.0,425.0,425.0,0.0,175.0,Vertical Section,OIL_AUTHORIZED
MOR_25,450.0,0.0,0.0,450.0,450.0,0.0,175.0,Vertical Section,OIL_AUTHORIZED
MOR_25,475.0,0.0,0.0,475.0,475.0,0.0,175.0,Vertical Section,OIL_AUTHORIZED
MOR_25,500.0,0.0,0.0,500.0,500.0,0.0,175.0,Vertical Section,OIL_AUTHORIZED
MOR_25,525.0,0.0,0.0,525.0,525.0,0.0,175.0,Vertical Section,OIL_AUTHORIZED
MOR_25,550.0,0.0,0.0,550.0,550.0,0.0,175.0,Vertical Section,OIL_AUTHORIZED
MOR_25,575.0,0.0,0.0,575.0,575.0,0.0,175.0,Vertical Section,OIL_AUTHORIZED
MOR_25,600.0,0.0,0.0,600.0,600.0,0.0,175.0,Vertical Section,OIL_AUTHORIZED
MOR_25,625.0,0.0,0.0,625.0,625.0,0.0,175.0,Vertical Section,OIL_AUTHORIZED
MOR_25,650.0,0.0,0.0,650.0,650.0,0.0,175.0,Vertical Section,OIL_AUTHORIZED
MOR_25,675.0,0.0,0.0,675.0,675.0,0.0,175.0,Vertical Section,OIL_AUTHORIZED
MOR_25,700.0,0.0,0.0,700.0,700.0,0.0,175.0,Vertical Section,OIL_AUTHORIZED
MOR_25,725.0,0.0,0.0,725.0,725.0,0.0,175.0,Vertical Section,OIL_AUTHORIZED
MOR_25,750.0,0.0,0.0,750.0,750.0,0.0,175.0,Vertical Section,OIL_AUTHORIZED
MOR_25,775.0,0.0,0.0,775.0,775.0,0.0,175.0,Vertical Section,OIL_AUTHORIZED
MOR_25,800.0,0.0,0.0,800.0,800.0,0.0,175.0,Vertical Section,OIL_AUTHORIZED
MOR_25,825.0,0.0,0.0,825.0,825.0,0.0,175.0,Vertical Section,OIL_AUTHORIZED
MOR_25,850.0,0.0,0.0,850.0,850.0,0.0,175.0,Vertical Section,OIL_AUTHORIZED
MOR_25,875.0,0.0,0.0,875.0,875.0,0.0,175.0,Vertical Section,OIL_AUTHORIZED
MOR_25,900.0,0.0,0.0,900.0,900.0,0.0,175.0,Vertical Section,OIL_AUTHORIZED
MOR_25,925.0,0.0,0.0,925.0,925.0,0.0,175.0,Vertical Section,OIL_AUTHORIZED
MOR_25,950.0,0.0,0.0,950.0,950.0,0.0,175.0,Vertical Section,OIL_AUTHORIZED
MOR_25,975.0,0.0,0.0,975.0,975.0,0.0,175.0,Vertical Section,OIL_AUTHORIZED
MOR_25,1000.0,0.0,0.0,1000.0,1000.0,0.0,175.0,Vertical Section,OIL_AUTHORIZED
MOR_25,1025.0,0.0,0.0,1025.0,1025.0,0.0,175.0,Vertical Section,OIL_AUTHORIZED
MOR_25,1050.0,0.0,0.0,1050.0,1050.0,0.0,175.0,Vertical Section,OIL_AUTHORIZED
MOR_25,1075.0,0.0,0.0,1075.0,1075.0,0.0,175.0,Vertical Section,OIL_AUTHORIZED
MOR_25,1100.0,0.0,0.0,1100.0,1100.0,0.0,175.0,Vertical Section,OIL_AUTHORIZED
MOR_25,1125.0,0.0,0.0,1125.0,1125.0,0.0,175.0,Vertical Section,OIL_AUTHORIZED
MOR_25,1150.0,0.0,0.0,1150.0,1150.0,0.0,175.0,Vertical Section,OIL_AUTHORIZED
MOR_25,1175.0,0.0,0.0,1175.0,1175.0,0.0,175.0,Vertical Section,OIL_AUTHORIZED
MOR_25,1200.0,0.0,0.0,1200.0,1200.0,0.0,175.0,Vertical Section,OIL_AUTHORIZED
MOR_25,1225.0,0.0,0.0,1225.0,1225.0,0.0,175.0,Vertical Section,OIL_AUTHORIZED
MOR_25,1250.0,0.0,0.0,1250.0,1250.0,0.0,175.0,Vertical Section,OIL_AUTHORIZED
MOR_25,1275.0,0.0,0.0,1275.0,1275.0,0.0,175.0,Vertical Section,OIL_AUTHORIZED
MOR_25,1300.0,0.0,0.0,1300.0,1300.0,0.0,175.0,Vertical Section,OIL_AUTHORIZED
MOR_25,1325.0,0.0,0.0,1325.0,1325.0,0.0,175.0,Vertical Section,OIL_AUTHORIZED
MOR_25,1350.0,0.0,0.0,1350.0,1350.0,0.0,175.0,Vertical Section,OIL_AUTHORIZED
MOR_25,1375.0,0.13,-1.52,1374.95,1374.95,3.5,175.0,Build-up Section (KOP),OIL_AUTHORIZED
MOR_25,1400.0,0.4,-4.56,1399.77,1399.77,7.0,175.0,Build-up Section (KOP),OIL_AUTHORIZED
MOR_25,1425.0,0.8,-9.09,1424.35,1424.35,10.5,175.0,Build-up Section (KOP),OIL_AUTHORIZED
MOR_25,1450.0,1.32,-15.12,1448.61,1448.61,14.0,175.0,Build-up Section (KOP),OIL_AUTHORIZED
MOR_25,1475.0,1.98,-22.61,1472.45,1472.45,17.5,175.0,Build-up Section (KOP),OIL_AUTHORIZED
MOR_25,1500.0,2.76,-31.53,1495.79,1495.79,21.0,175.0,Build-up Section (KOP),OIL_AUTHORIZED
MOR_25,1525.0,3.66,-41.86,1518.54,1518.54,24.5,175.0,Build-up Section (KOP),OIL_AUTHORIZED
MOR_25,1550.0,4.69,-53.55,1540.61,1540.61,28.0,175.0,Build-up Section (KOP),OIL_AUTHORIZED
MOR_25,1575.0,5.82,-66.57,1561.93,1561.93,31.5,175.0,Build-up Section (KOP),OIL_AUTHORIZED
MOR_25,1600.0,7.07,-80.85,1582.41,1582.41,35.0,175.0,Build-up Section (KOP),OIL_AUTHORIZED
MOR_25,1625.0,8.43,-96.35,1601.97,1601.97,38.5,175.0,Build-up Section (KOP),OIL_AUTHORIZED
MOR_25,1650.0,9.89,-113.02,1620.55,1620.55,42.0,175.0,Build-up Section (KOP),OIL_AUTHORIZED
MOR_25,1675.0,11.44,-130.78,1638.07,1638.07,45.5,175.0,Build-up Section (KOP),OIL_AUTHORIZED
MOR_25,1700.0,13.09,-149.58,1654.47,1654.47,49.0,175.0,Build-up Section (KOP),OIL_AUTHORIZED
MOR_25,1725.0,14.82,-169.34,1669.69,1669.69,52.5,175.0,Build-up Section (KOP),OIL_AUTHORIZED
MOR_25,1750.0,16.62,-189.98,1683.67,1683.67,56.0,175.0,Build-up Section (KOP),OIL_AUTHORIZED
MOR_25,1775.0,18.5,-211.44,1696.36,1696.36,59.5,175.0,Build-up Section (KOP),OIL_AUTHORIZED
MOR_25,1800.0,20.44,-233.63,1707.71,1707.71,63.0,175.0,Build-up Section (KOP),OIL_AUTHORIZED
MOR_25,1825.0,22.44,-256.47,1717.68,1717.68,66.5,175.0,Build-up Section (KOP),OIL_AUTHORIZED
MOR_25,1850.0,24.49,-279.88,1726.23,1726.23,70.0,175.0,Build-up Section (KOP),OIL_AUTHORIZED
MOR_25,1875.0,26.58,-303.75,1733.33,1733.33,73.5,175.0,Build-up Section (KOP),OIL_AUTHORIZED
MOR_25,1900.0,28.69,-327.92,1739.38,1739.38,76.0,175.0,Build-up Section (KOP),OIL_AUTHORIZED
MOR_25,1925.0,30.8,-352.08,1745.43,1745.43,76.0,175.0,Tangent Hold,OIL_AUTHORIZED
MOR_25,1950.0,32.92,-376.25,1751.47,1751.47,76.0,175.0,Tangent Hold,OIL_AUTHORIZED
MOR_25,1975.0,35.03,-400.41,1757.52,1757.52,76.0,175.0,Tangent Hold,OIL_AUTHORIZED
MOR_25,2000.0,37.15,-424.58,1763.57,1763.57,76.0,175.0,Tangent Hold,OIL_AUTHORIZED
MOR_25,2025.0,39.26,-448.75,1769.62,1769.62,76.0,175.0,Tangent Hold,OIL_AUTHORIZED
MOR_25,2050.0,41.37,-472.91,1775.67,1775.67,76.0,175.0,Tangent Hold,OIL_AUTHORIZED
MOR_25,2075.0,43.49,-497.08,1781.71,1781.71,76.0,175.0,Tangent Hold,OIL_AUTHORIZED
MOR_25,2100.0,45.6,-521.24,1787.76,1787.76,76.0,175.0,Tangent Hold,OIL_AUTHORIZED
MOR_25,2125.0,47.72,-545.41,1793.81,1793.81,76.0,175.0,Tangent Hold,OIL_AUTHORIZED
MOR_25,2150.0,49.83,-569.57,1799.86,1799.86,76.0,175.0,Tangent Hold,OIL_AUTHORIZED
MOR_25,2175.0,51.95,-593.74,1805.91,1805.91,76.0,175.0,Tangent Hold,OIL_AUTHORIZED
MOR_25,2200.0,54.06,-617.9,1811.96,1811.96,76.0,175.0,Tangent Hold,OIL_AUTHORIZED
MOR_25,2225.0,56.17,-642.07,1818.0,1818.0,76.0,175.0,Tangent Hold,OIL_AUTHORIZED
MOR_25,2250.0,58.29,-666.23,1824.05,1824.05,76.0,175.0,Tangent Hold,OIL_AUTHORIZED
MOR_25,2275.0,60.4,-690.4,1830.1,1830.1,76.0,175.0,Tangent Hold,OIL_AUTHORIZED
MOR_25,2300.0,62.52,-714.56,1836.15,1836.15,76.0,175.0,Tangent Hold,OIL_AUTHORIZED
MOR_25,2325.0,64.63,-738.73,1842.2,1842.2,76.0,175.0,Tangent Hold,OIL_AUTHORIZED
MOR_25,2350.0,66.74,-762.89,1848.24,1848.24,76.0,175.0,Tangent Hold,OIL_AUTHORIZED
MOR_25,2375.0,68.86,-787.06,1854.29,1854.29,76.0,175.0,Tangent Hold,OIL_AUTHORIZED
MOR_25,2400.0,70.97,-811.22,1860.34,1860.34,76.0,175.0,Tangent Hold,OIL_AUTHORIZED
MOR_25,2425.0,73.09,-835.39,1866.39,1866.39,76.0,175.0,Tangent Hold,OIL_AUTHORIZED
MOR_25,2450.0,75.2,-859.55,1872.44,1872.44,76.0,175.0,Tangent Hold,OIL_AUTHORIZED
MOR_25,2475.0,77.32,-883.72,1878.48,1878.48,76.0,175.0,Tangent Hold,OIL_AUTHORIZED
MOR_25,2500.0,79.43,-907.88,1884.53,1884.53,76.0,175.0,Tangent Hold,OIL_AUTHORIZED
MOR_25,2525.0,81.54,-932.05,1890.58,1890.58,76.0,175.0,Tangent Hold,OIL_AUTHORIZED
MOR_25,2550.0,83.66,-956.21,1896.63,1896.63,76.0,175.0,Tangent Hold,OIL_AUTHORIZED
MOR_25,2575.0,85.77,-980.38,1902.68,1902.68,76.0,175.0,Tangent Hold,OIL_AUTHORIZED
MOR_25,2600.0,87.89,-1004.54,1908.72,1908.72,76.0,175.0,Tangent Hold,OIL_AUTHORIZED
MOR_25,2625.0,90.0,-1028.71,1914.77,1914.77,76.0,175.0,Tangent Hold,OIL_AUTHORIZED
MOR_25,2650.0,92.11,-1052.87,1920.82,1920.82,76.0,175.0,Tangent Hold,OIL_AUTHORIZED
MOR_25,2675.0,94.23,-1077.04,1926.87,1926.87,76.0,175.0,Tangent Hold,OIL_AUTHORIZED
MOR_25,2700.0,96.34,-1101.2,1932.92,1932.92,76.0,175.0,Tangent Hold,OIL_AUTHORIZED
MOR_25,2725.0,98.46,-1125.37,1938.96,1938.96,76.0,175.0,Tangent Hold,OIL_AUTHORIZED
MOR_25,2750.0,100.57,-1149.53,1945.01,1945.01,76.0,175.0,Tangent Hold,OIL_AUTHORIZED
MOR_25,2775.0,102.69,-1173.7,1951.06,1951.06,76.0,175.0,Tangent Hold,OIL_AUTHORIZED
MOR_25,2800.0,104.8,-1197.86,1957.11,1957.11,76.0,175.0,Tangent Hold,OIL_AUTHORIZED
MOR_25,2825.0,106.91,-1222.03,1963.16,1963.16,76.0,175.0,Tangent Hold,OIL_AUTHORIZED
MOR_25,2850.0,109.03,-1246.19,1969.2,1969.2,76.0,175.0,Tangent Hold,OIL_AUTHORIZED
MOR_25,2875.0,111.14,-1270.36,1975.25,1975.25,76.0,175.0,Tangent Hold,OIL_AUTHORIZED
MOR_25,2900.0,113.26,-1294.52,1981.3,1981.3,76.0,175.0,Tangent Hold,OIL_AUTHORIZED
MOR_25,2925.0,115.37,-1318.69,1987.35,1987.35,76.0,175.0,Tangent Hold,OIL_AUTHORIZED
MOR_25,2950.0,117.48,-1342.85,1993.4,1993.4,76.0,175.0,Tangent Hold,OIL_AUTHORIZED
MOR_25,2975.0,119.6,-1367.02,1999.44,1999.44,76.0,175.0,Tangent Hold,OIL_AUTHORIZED
MOR_25,3000.0,121.71,-1391.18,2005.49,2005.49,76.0,175.0,Tangent Hold,OIL_AUTHORIZED
MOR_25,3025.0,123.83,-1415.35,2011.54,2011.54,76.0,175.0,Tangent Hold,OIL_AUTHORIZED
MOR_25,3050.0,125.94,-1439.51,2017.59,2017.59,76.0,175.0,Tangent Hold,OIL_AUTHORIZED
MOR_25,3075.0,128.06,-1463.68,2023.64,2023.64,76.0,175.0,Tangent Hold,OIL_AUTHORIZED
MOR_25,3100.0,130.17,-1487.84,2029.68,2029.68,76.0,175.0,Tangent Hold,OIL_AUTHORIZED
MOR_25,3125.0,132.28,-1512.01,2035.73,2035.73,76.0,175.0,Tangent Hold,OIL_AUTHORIZED
MOR_25,3150.0,134.4,-1536.17,2041.78,2041.78,76.0,175.0,Tangent Hold,OIL_AUTHORIZED
MOR_25,3175.0,136.51,-1560.34,2047.83,2047.83,76.0,175.0,Tangent Hold,OIL_AUTHORIZED
MOR_25,3200.0,138.63,-1584.5,2053.88,2053.88,76.0,175.0,Tangent Hold,OIL_AUTHORIZED
MOR_25,3225.0,140.74,-1608.67,2059.93,2059.93,76.0,175.0,Tangent Hold,OIL_AUTHORIZED
MOR_25,3250.0,142.85,-1632.83,2065.97,2065.97,76.0,175.0,Tangent Hold,OIL_AUTHORIZED
MOR_25,3275.0,144.97,-1657.0,2072.02,2072.02,76.0,175.0,Tangent Hold,OIL_AUTHORIZED
MOR_25,3300.0,147.08,-1681.16,2078.07,2078.07,76.0,175.0,Tangent Hold,OIL_AUTHORIZED
MOR_25,3325.0,149.2,-1705.33,2084.12,2084.12,76.0,175.0,Tangent Hold,OIL_AUTHORIZED
MOR_25,3350.0,151.31,-1729.49,2090.17,2090.17,76.0,175.0,Tangent Hold,OIL_AUTHORIZED
MOR_25,3375.0,153.43,-1753.66,2096.21,2096.21,76.0,175.0,Tangent Hold,OIL_AUTHORIZED
MOR_25,3400.0,155.54,-1777.82,2102.26,2102.26,76.0,175.0,Total Depth (TD Target),OIL_AUTHORIZED
NHK_45,0.0,0.0,0.0,0.0,0.0,0.0,160.0,Surface Wellhead,OIL_AUTHORIZED
NHK_45,25.0,0.0,0.0,25.0,25.0,0.0,160.0,Vertical Section,OIL_AUTHORIZED
NHK_45,50.0,0.0,0.0,50.0,50.0,0.0,160.0,Vertical Section,OIL_AUTHORIZED
NHK_45,75.0,0.0,0.0,75.0,75.0,0.0,160.0,Vertical Section,OIL_AUTHORIZED
NHK_45,100.0,0.0,0.0,100.0,100.0,0.0,160.0,Vertical Section,OIL_AUTHORIZED
NHK_45,125.0,0.0,0.0,125.0,125.0,0.0,160.0,Vertical Section,OIL_AUTHORIZED
NHK_45,150.0,0.0,0.0,150.0,150.0,0.0,160.0,Vertical Section,OIL_AUTHORIZED
NHK_45,175.0,0.0,0.0,175.0,175.0,0.0,160.0,Vertical Section,OIL_AUTHORIZED
NHK_45,200.0,0.0,0.0,200.0,200.0,0.0,160.0,Vertical Section,OIL_AUTHORIZED
NHK_45,225.0,0.0,0.0,225.0,225.0,0.0,160.0,Vertical Section,OIL_AUTHORIZED
NHK_45,250.0,0.0,0.0,250.0,250.0,0.0,160.0,Vertical Section,OIL_AUTHORIZED
NHK_45,275.0,0.0,0.0,275.0,275.0,0.0,160.0,Vertical Section,OIL_AUTHORIZED
NHK_45,300.0,0.0,0.0,300.0,300.0,0.0,160.0,Vertical Section,OIL_AUTHORIZED
NHK_45,325.0,0.0,0.0,325.0,325.0,0.0,160.0,Vertical Section,OIL_AUTHORIZED
NHK_45,350.0,0.0,0.0,350.0,350.0,0.0,160.0,Vertical Section,OIL_AUTHORIZED
NHK_45,375.0,0.0,0.0,375.0,375.0,0.0,160.0,Vertical Section,OIL_AUTHORIZED
NHK_45,400.0,0.0,0.0,400.0,400.0,0.0,160.0,Vertical Section,OIL_AUTHORIZED
NHK_45,425.0,0.0,0.0,425.0,425.0,0.0,160.0,Vertical Section,OIL_AUTHORIZED
NHK_45,450.0,0.0,0.0,450.0,450.0,0.0,160.0,Vertical Section,OIL_AUTHORIZED
NHK_45,475.0,0.0,0.0,475.0,475.0,0.0,160.0,Vertical Section,OIL_AUTHORIZED
NHK_45,500.0,0.0,0.0,500.0,500.0,0.0,160.0,Vertical Section,OIL_AUTHORIZED
NHK_45,525.0,0.0,0.0,525.0,525.0,0.0,160.0,Vertical Section,OIL_AUTHORIZED
NHK_45,550.0,0.0,0.0,550.0,550.0,0.0,160.0,Vertical Section,OIL_AUTHORIZED
NHK_45,575.0,0.0,0.0,575.0,575.0,0.0,160.0,Vertical Section,OIL_AUTHORIZED
NHK_45,600.0,0.0,0.0,600.0,600.0,0.0,160.0,Vertical Section,OIL_AUTHORIZED
NHK_45,625.0,0.0,0.0,625.0,625.0,0.0,160.0,Vertical Section,OIL_AUTHORIZED
NHK_45,650.0,0.0,0.0,650.0,650.0,0.0,160.0,Vertical Section,OIL_AUTHORIZED
NHK_45,675.0,0.0,0.0,675.0,675.0,0.0,160.0,Vertical Section,OIL_AUTHORIZED
NHK_45,700.0,0.0,0.0,700.0,700.0,0.0,160.0,Vertical Section,OIL_AUTHORIZED
NHK_45,725.0,0.0,0.0,725.0,725.0,0.0,160.0,Vertical Section,OIL_AUTHORIZED
NHK_45,750.0,0.0,0.0,750.0,750.0,0.0,160.0,Vertical Section,OIL_AUTHORIZED
NHK_45,775.0,0.0,0.0,775.0,775.0,0.0,160.0,Vertical Section,OIL_AUTHORIZED
NHK_45,800.0,0.0,0.0,800.0,800.0,0.0,160.0,Vertical Section,OIL_AUTHORIZED
NHK_45,825.0,0.0,0.0,825.0,825.0,0.0,160.0,Vertical Section,OIL_AUTHORIZED
NHK_45,850.0,0.0,0.0,850.0,850.0,0.0,160.0,Vertical Section,OIL_AUTHORIZED
NHK_45,875.0,0.0,0.0,875.0,875.0,0.0,160.0,Vertical Section,OIL_AUTHORIZED
NHK_45,900.0,0.0,0.0,900.0,900.0,0.0,160.0,Vertical Section,OIL_AUTHORIZED
NHK_45,925.0,0.3,-0.82,924.98,924.98,2.0,160.0,Build-up Section (KOP),OIL_AUTHORIZED
NHK_45,950.0,0.89,-2.46,949.92,949.92,4.0,160.0,Build-up Section (KOP),OIL_AUTHORIZED
NHK_45,975.0,1.79,-4.91,974.79,974.79,6.0,160.0,Build-up Section (KOP),OIL_AUTHORIZED
NHK_45,1000.0,2.98,-8.18,999.54,999.54,8.0,160.0,Build-up Section (KOP),OIL_AUTHORIZED
NHK_45,1025.0,4.46,-12.26,1024.16,1024.16,10.0,160.0,Build-up Section (KOP),OIL_AUTHORIZED
NHK_45,1050.0,6.24,-17.15,1048.62,1048.62,12.0,160.0,Build-up Section (KOP),OIL_AUTHORIZED
NHK_45,1075.0,8.31,-22.83,1072.87,1072.87,14.0,160.0,Build-up Section (KOP),OIL_AUTHORIZED
NHK_45,1100.0,10.67,-29.31,1096.91,1096.91,16.0,160.0,Build-up Section (KOP),OIL_AUTHORIZED
NHK_45,1125.0,13.31,-36.57,1120.68,1120.68,18.0,160.0,Build-up Section (KOP),OIL_AUTHORIZED
NHK_45,1150.0,16.23,-44.6,1144.18,1144.18,20.0,160.0,Build-up Section (KOP),OIL_AUTHORIZED
NHK_45,1175.0,19.44,-53.4,1167.35,1167.35,22.0,160.0,Build-up Section (KOP),OIL_AUTHORIZED
NHK_45,1200.0,22.91,-62.96,1190.19,1190.19,24.0,160.0,Build-up Section (KOP),OIL_AUTHORIZED
NHK_45,1225.0,26.66,-73.25,1212.66,1212.66,26.0,160.0,Build-up Section (KOP),OIL_AUTHORIZED
NHK_45,1250.0,30.68,-84.28,1234.74,1234.74,28.0,160.0,Build-up Section (KOP),OIL_AUTHORIZED
NHK_45,1275.0,34.95,-96.03,1256.39,1256.39,30.0,160.0,Build-up Section (KOP),OIL_AUTHORIZED
NHK_45,1300.0,39.23,-107.78,1278.04,1278.04,30.0,160.0,Tangent Hold,OIL_AUTHORIZED
NHK_45,1325.0,43.5,-119.52,1299.69,1299.69,30.0,160.0,Tangent Hold,OIL_AUTHORIZED
NHK_45,1350.0,47.78,-131.27,1321.34,1321.34,30.0,160.0,Tangent Hold,OIL_AUTHORIZED
NHK_45,1375.0,52.05,-143.01,1342.99,1342.99,30.0,160.0,Tangent Hold,OIL_AUTHORIZED
NHK_45,1400.0,56.33,-154.76,1364.64,1364.64,30.0,160.0,Tangent Hold,OIL_AUTHORIZED
NHK_45,1425.0,60.6,-166.51,1386.29,1386.29,30.0,160.0,Tangent Hold,OIL_AUTHORIZED
NHK_45,1450.0,64.88,-178.25,1407.94,1407.94,30.0,160.0,Tangent Hold,OIL_AUTHORIZED
NHK_45,1475.0,69.15,-190.0,1429.59,1429.59,30.0,160.0,Tangent Hold,OIL_AUTHORIZED
NHK_45,1500.0,73.43,-201.74,1451.24,1451.24,30.0,160.0,Tangent Hold,OIL_AUTHORIZED
NHK_45,1525.0,77.7,-213.49,1472.89,1472.89,30.0,160.0,Tangent Hold,OIL_AUTHORIZED
NHK_45,1550.0,81.98,-225.24,1494.54,1494.54,30.0,160.0,Tangent Hold,OIL_AUTHORIZED
NHK_45,1575.0,86.25,-236.98,1516.2,1516.2,30.0,160.0,Tangent Hold,OIL_AUTHORIZED
NHK_45,1600.0,90.53,-248.73,1537.85,1537.85,30.0,160.0,Tangent Hold,OIL_AUTHORIZED
NHK_45,1625.0,94.81,-260.48,1559.5,1559.5,30.0,160.0,Tangent Hold,OIL_AUTHORIZED
NHK_45,1650.0,99.08,-272.22,1581.15,1581.15,30.0,160.0,Tangent Hold,OIL_AUTHORIZED
NHK_45,1675.0,103.36,-283.97,1602.8,1602.8,30.0,160.0,Tangent Hold,OIL_AUTHORIZED
NHK_45,1700.0,107.63,-295.71,1624.45,1624.45,30.0,160.0,Tangent Hold,OIL_AUTHORIZED
NHK_45,1725.0,111.91,-307.46,1646.1,1646.1,30.0,160.0,Tangent Hold,OIL_AUTHORIZED
NHK_45,1750.0,116.18,-319.21,1667.75,1667.75,30.0,160.0,Tangent Hold,OIL_AUTHORIZED
NHK_45,1775.0,120.46,-330.95,1689.4,1689.4,30.0,160.0,Tangent Hold,OIL_AUTHORIZED
NHK_45,1800.0,124.73,-342.7,1711.05,1711.05,30.0,160.0,Tangent Hold,OIL_AUTHORIZED
NHK_45,1825.0,129.01,-354.45,1732.7,1732.7,30.0,160.0,Tangent Hold,OIL_AUTHORIZED
NHK_45,1850.0,133.28,-366.19,1754.35,1754.35,30.0,160.0,Tangent Hold,OIL_AUTHORIZED
NHK_45,1875.0,137.56,-377.94,1776.0,1776.0,30.0,160.0,Tangent Hold,OIL_AUTHORIZED
NHK_45,1900.0,141.83,-389.68,1797.65,1797.65,30.0,160.0,Tangent Hold,OIL_AUTHORIZED
NHK_45,1925.0,146.11,-401.43,1819.3,1819.3,30.0,160.0,Tangent Hold,OIL_AUTHORIZED
NHK_45,1950.0,150.38,-413.18,1840.95,1840.95,30.0,160.0,Tangent Hold,OIL_AUTHORIZED
NHK_45,1975.0,154.66,-424.92,1862.61,1862.61,30.0,160.0,Tangent Hold,OIL_AUTHORIZED
NHK_45,2000.0,158.93,-436.67,1884.26,1884.26,30.0,160.0,Tangent Hold,OIL_AUTHORIZED
NHK_45,2025.0,163.21,-448.41,1905.91,1905.91,30.0,160.0,Tangent Hold,OIL_AUTHORIZED
NHK_45,2050.0,167.48,-460.16,1927.56,1927.56,30.0,160.0,Tangent Hold,OIL_AUTHORIZED
NHK_45,2075.0,171.76,-471.91,1949.21,1949.21,30.0,160.0,Tangent Hold,OIL_AUTHORIZED
NHK_45,2100.0,176.04,-483.65,1970.86,1970.86,30.0,160.0,Tangent Hold,OIL_AUTHORIZED
NHK_45,2125.0,180.31,-495.4,1992.51,1992.51,30.0,160.0,Tangent Hold,OIL_AUTHORIZED
NHK_45,2150.0,184.59,-507.15,2014.16,2014.16,30.0,160.0,Tangent Hold,OIL_AUTHORIZED
NHK_45,2175.0,188.86,-518.89,2035.81,2035.81,30.0,160.0,Tangent Hold,OIL_AUTHORIZED
NHK_45,2200.0,193.14,-530.64,2057.46,2057.46,30.0,160.0,Tangent Hold,OIL_AUTHORIZED
NHK_45,2225.0,197.41,-542.38,2079.11,2079.11,30.0,160.0,Tangent Hold,OIL_AUTHORIZED
NHK_45,2250.0,201.69,-554.13,2100.76,2100.76,30.0,160.0,Tangent Hold,OIL_AUTHORIZED
NHK_45,2275.0,205.96,-565.88,2122.41,2122.41,30.0,160.0,Tangent Hold,OIL_AUTHORIZED
NHK_45,2300.0,210.24,-577.62,2144.06,2144.06,30.0,160.0,Tangent Hold,OIL_AUTHORIZED
NHK_45,2325.0,214.51,-589.37,2165.71,2165.71,30.0,160.0,Tangent Hold,OIL_AUTHORIZED
NHK_45,2350.0,218.79,-601.11,2187.36,2187.36,30.0,160.0,Tangent Hold,OIL_AUTHORIZED
NHK_45,2375.0,223.06,-612.86,2209.02,2209.02,30.0,160.0,Tangent Hold,OIL_AUTHORIZED
NHK_45,2400.0,227.34,-624.61,2230.67,2230.67,30.0,160.0,Tangent Hold,OIL_AUTHORIZED
NHK_45,2425.0,231.61,-636.35,2252.32,2252.32,30.0,160.0,Tangent Hold,OIL_AUTHORIZED
NHK_45,2450.0,235.89,-648.1,2273.97,2273.97,30.0,160.0,Tangent Hold,OIL_AUTHORIZED
NHK_45,2475.0,240.16,-659.85,2295.62,2295.62,30.0,160.0,Tangent Hold,OIL_AUTHORIZED
NHK_45,2500.0,244.44,-671.59,2317.27,2317.27,30.0,160.0,Tangent Hold,OIL_AUTHORIZED
NHK_45,2525.0,248.71,-683.34,2338.92,2338.92,30.0,160.0,Tangent Hold,OIL_AUTHORIZED
NHK_45,2550.0,252.99,-695.08,2360.57,2360.57,30.0,160.0,Tangent Hold,OIL_AUTHORIZED
NHK_45,2575.0,257.26,-706.83,2382.22,2382.22,30.0,160.0,Tangent Hold,OIL_AUTHORIZED
NHK_45,2600.0,261.54,-718.58,2403.87,2403.87,30.0,160.0,Tangent Hold,OIL_AUTHORIZED
NHK_45,2625.0,265.82,-730.32,2425.52,2425.52,30.0,160.0,Tangent Hold,OIL_AUTHORIZED
NHK_45,2650.0,270.09,-742.07,2447.17,2447.17,30.0,160.0,Tangent Hold,OIL_AUTHORIZED
NHK_45,2675.0,274.37,-753.81,2468.82,2468.82,30.0,160.0,Tangent Hold,OIL_AUTHORIZED
NHK_45,2700.0,278.64,-765.56,2490.47,2490.47,30.0,160.0,Tangent Hold,OIL_AUTHORIZED
NHK_45,2725.0,282.92,-777.31,2512.12,2512.12,30.0,160.0,Tangent Hold,OIL_AUTHORIZED
NHK_45,2750.0,287.19,-789.05,2533.78,2533.78,30.0,160.0,Tangent Hold,OIL_AUTHORIZED
NHK_45,2775.0,291.47,-800.8,2555.43,2555.43,30.0,160.0,Tangent Hold,OIL_AUTHORIZED
NHK_45,2800.0,295.74,-812.55,2577.08,2577.08,30.0,160.0,Tangent Hold,OIL_AUTHORIZED
NHK_45,2825.0,300.02,-824.29,2598.73,2598.73,30.0,160.0,Tangent Hold,OIL_AUTHORIZED
NHK_45,2850.0,304.29,-836.04,2620.38,2620.38,30.0,160.0,Tangent Hold,OIL_AUTHORIZED
NHK_45,2875.0,308.57,-847.78,2642.03,2642.03,30.0,160.0,Tangent Hold,OIL_AUTHORIZED
NHK_45,2900.0,312.84,-859.53,2663.68,2663.68,30.0,160.0,Tangent Hold,OIL_AUTHORIZED
NHK_45,2925.0,317.12,-871.28,2685.33,2685.33,30.0,160.0,Tangent Hold,OIL_AUTHORIZED
NHK_45,2950.0,321.39,-883.02,2706.98,2706.98,30.0,160.0,Tangent Hold,OIL_AUTHORIZED
NHK_45,2975.0,325.67,-894.77,2728.63,2728.63,30.0,160.0,Tangent Hold,OIL_AUTHORIZED
NHK_45,3000.0,329.94,-906.51,2750.28,2750.28,30.0,160.0,Tangent Hold,OIL_AUTHORIZED
NHK_45,3025.0,334.22,-918.26,2771.93,2771.93,30.0,160.0,Tangent Hold,OIL_AUTHORIZED
NHK_45,3050.0,338.49,-930.01,2793.58,2793.58,30.0,160.0,Tangent Hold,OIL_AUTHORIZED
NHK_45,3075.0,342.77,-941.75,2815.23,2815.23,30.0,160.0,Tangent Hold,OIL_AUTHORIZED
NHK_45,3100.0,347.05,-953.5,2836.88,2836.88,30.0,160.0,Tangent Hold,OIL_AUTHORIZED
NHK_45,3125.0,351.32,-965.25,2858.53,2858.53,30.0,160.0,Tangent Hold,OIL_AUTHORIZED
NHK_45,3150.0,355.6,-976.99,2880.19,2880.19,30.0,160.0,Tangent Hold,OIL_AUTHORIZED
NHK_45,3175.0,359.87,-988.74,2901.84,2901.84,30.0,160.0,Tangent Hold,OIL_AUTHORIZED
NHK_45,3200.0,364.15,-1000.48,2923.49,2923.49,30.0,160.0,Tangent Hold,OIL_AUTHORIZED
NHK_45,3225.0,368.42,-1012.23,2945.14,2945.14,30.0,160.0,Tangent Hold,OIL_AUTHORIZED
NHK_45,3250.0,372.7,-1023.98,2966.79,2966.79,30.0,160.0,Tangent Hold,OIL_AUTHORIZED
NHK_45,3275.0,376.97,-1035.72,2988.44,2988.44,30.0,160.0,Tangent Hold,OIL_AUTHORIZED
NHK_45,3300.0,381.25,-1047.47,3010.09,3010.09,30.0,160.0,Tangent Hold,OIL_AUTHORIZED
NHK_45,3325.0,385.52,-1059.21,3031.74,3031.74,30.0,160.0,Tangent Hold,OIL_AUTHORIZED
NHK_45,3350.0,389.8,-1070.96,3053.39,3053.39,30.0,160.0,Tangent Hold,OIL_AUTHORIZED
NHK_45,3375.0,394.07,-1082.71,3075.04,3075.04,30.0,160.0,Tangent Hold,OIL_AUTHORIZED
NHK_45,3400.0,398.35,-1094.45,3096.69,3096.69,30.0,160.0,Tangent Hold,OIL_AUTHORIZED
NHK_45,3425.0,402.62,-1106.2,3118.34,3118.34,30.0,160.0,Tangent Hold,OIL_AUTHORIZED
NHK_45,3450.0,406.9,-1117.95,3139.99,3139.99,30.0,160.0,Tangent Hold,OIL_AUTHORIZED
NHK_45,3475.0,411.17,-1129.69,3161.64,3161.64,30.0,160.0,Tangent Hold,OIL_AUTHORIZED
NHK_45,3500.0,415.45,-1141.44,3183.29,3183.29,30.0,160.0,Tangent Hold,OIL_AUTHORIZED
NHK_45,3525.0,419.72,-1153.18,3204.94,3204.94,30.0,160.0,Tangent Hold,OIL_AUTHORIZED
NHK_45,3550.0,424.0,-1164.93,3226.6,3226.6,30.0,160.0,Tangent Hold,OIL_AUTHORIZED
NHK_45,3575.0,428.28,-1176.68,3248.25,3248.25,30.0,160.0,Tangent Hold,OIL_AUTHORIZED
NHK_45,3600.0,432.55,-1188.42,3269.9,3269.9,30.0,160.0,Tangent Hold,OIL_AUTHORIZED
NHK_45,3625.0,436.83,-1200.17,3291.55,3291.55,30.0,160.0,Tangent Hold,OIL_AUTHORIZED
NHK_45,3650.0,441.1,-1211.91,3313.2,3313.2,30.0,160.0,Tangent Hold,OIL_AUTHORIZED
NHK_45,3675.0,445.38,-1223.66,3334.85,3334.85,30.0,160.0,Tangent Hold,OIL_AUTHORIZED
NHK_45,3700.0,449.65,-1235.41,3356.5,3356.5,30.0,160.0,Total Depth (TD Target),OIL_AUTHORIZED
NHK_52,0.0,0.0,0.0,0.0,0.0,0.0,45.0,Surface Wellhead,OIL_AUTHORIZED
NHK_52,25.0,0.0,0.0,25.0,25.0,0.0,45.0,Vertical Section,OIL_AUTHORIZED
NHK_52,50.0,0.0,0.0,50.0,50.0,0.0,45.0,Vertical Section,OIL_AUTHORIZED
NHK_52,75.0,0.0,0.0,75.0,75.0,0.0,45.0,Vertical Section,OIL_AUTHORIZED
NHK_52,100.0,0.0,0.0,100.0,100.0,0.0,45.0,Vertical Section,OIL_AUTHORIZED
NHK_52,125.0,0.0,0.0,125.0,125.0,0.0,45.0,Vertical Section,OIL_AUTHORIZED
NHK_52,150.0,0.0,0.0,150.0,150.0,0.0,45.0,Vertical Section,OIL_AUTHORIZED
NHK_52,175.0,0.0,0.0,175.0,175.0,0.0,45.0,Vertical Section,OIL_AUTHORIZED
NHK_52,200.0,0.0,0.0,200.0,200.0,0.0,45.0,Vertical Section,OIL_AUTHORIZED
NHK_52,225.0,0.0,0.0,225.0,225.0,0.0,45.0,Vertical Section,OIL_AUTHORIZED
NHK_52,250.0,0.0,0.0,250.0,250.0,0.0,45.0,Vertical Section,OIL_AUTHORIZED
NHK_52,275.0,0.0,0.0,275.0,275.0,0.0,45.0,Vertical Section,OIL_AUTHORIZED
NHK_52,300.0,0.0,0.0,300.0,300.0,0.0,45.0,Vertical Section,OIL_AUTHORIZED
NHK_52,325.0,0.0,0.0,325.0,325.0,0.0,45.0,Vertical Section,OIL_AUTHORIZED
NHK_52,350.0,0.0,0.0,350.0,350.0,0.0,45.0,Vertical Section,OIL_AUTHORIZED
NHK_52,375.0,0.0,0.0,375.0,375.0,0.0,45.0,Vertical Section,OIL_AUTHORIZED
NHK_52,400.0,0.0,0.0,400.0,400.0,0.0,45.0,Vertical Section,OIL_AUTHORIZED
NHK_52,425.0,0.0,0.0,425.0,425.0,0.0,45.0,Vertical Section,OIL_AUTHORIZED
NHK_52,450.0,0.0,0.0,450.0,450.0,0.0,45.0,Vertical Section,OIL_AUTHORIZED
NHK_52,475.0,0.0,0.0,475.0,475.0,0.0,45.0,Vertical Section,OIL_AUTHORIZED
NHK_52,500.0,0.0,0.0,500.0,500.0,0.0,45.0,Vertical Section,OIL_AUTHORIZED
NHK_52,525.0,0.0,0.0,525.0,525.0,0.0,45.0,Vertical Section,OIL_AUTHORIZED
NHK_52,550.0,0.0,0.0,550.0,550.0,0.0,45.0,Vertical Section,OIL_AUTHORIZED
NHK_52,575.0,0.0,0.0,575.0,575.0,0.0,45.0,Vertical Section,OIL_AUTHORIZED
NHK_52,600.0,0.0,0.0,600.0,600.0,0.0,45.0,Vertical Section,OIL_AUTHORIZED
NHK_52,625.0,0.0,0.0,625.0,625.0,0.0,45.0,Vertical Section,OIL_AUTHORIZED
NHK_52,650.0,0.0,0.0,650.0,650.0,0.0,45.0,Vertical Section,OIL_AUTHORIZED
NHK_52,675.0,0.0,0.0,675.0,675.0,0.0,45.0,Vertical Section,OIL_AUTHORIZED
NHK_52,700.0,0.0,0.0,700.0,700.0,0.0,45.0,Vertical Section,OIL_AUTHORIZED
NHK_52,725.0,0.0,0.0,725.0,725.0,0.0,45.0,Vertical Section,OIL_AUTHORIZED
NHK_52,750.0,0.0,0.0,750.0,750.0,0.0,45.0,Vertical Section,OIL_AUTHORIZED
NHK_52,775.0,0.0,0.0,775.0,775.0,0.0,45.0,Vertical Section,OIL_AUTHORIZED
NHK_52,800.0,0.0,0.0,800.0,800.0,0.0,45.0,Vertical Section,OIL_AUTHORIZED
NHK_52,825.0,0.0,0.0,825.0,825.0,0.0,45.0,Vertical Section,OIL_AUTHORIZED
NHK_52,850.0,0.0,0.0,850.0,850.0,0.0,45.0,Vertical Section,OIL_AUTHORIZED
NHK_52,875.0,0.72,0.72,874.98,874.98,2.33,45.0,Build-up Section (KOP),OIL_AUTHORIZED
NHK_52,900.0,2.16,2.16,899.9,899.9,4.67,45.0,Build-up Section (KOP),OIL_AUTHORIZED
NHK_52,925.0,4.31,4.31,924.71,924.71,7.0,45.0,Build-up Section (KOP),OIL_AUTHORIZED
NHK_52,950.0,7.18,7.18,949.38,949.38,9.33,45.0,Build-up Section (KOP),OIL_AUTHORIZED
NHK_52,975.0,10.75,10.75,973.86,973.86,11.67,45.0,Build-up Section (KOP),OIL_AUTHORIZED
NHK_52,1000.0,15.03,15.03,998.12,998.12,14.0,45.0,Build-up Section (KOP),OIL_AUTHORIZED
NHK_52,1025.0,20.0,20.0,1022.11,1022.11,16.33,45.0,Build-up Section (KOP),OIL_AUTHORIZED
NHK_52,1050.0,25.66,25.66,1045.8,1045.8,18.67,45.0,Build-up Section (KOP),OIL_AUTHORIZED
NHK_52,1075.0,32.0,32.0,1069.14,1069.14,21.0,45.0,Build-up Section (KOP),OIL_AUTHORIZED
NHK_52,1100.0,39.0,39.0,1092.09,1092.09,23.33,45.0,Build-up Section (KOP),OIL_AUTHORIZED
NHK_52,1125.0,46.65,46.65,1114.62,1114.62,25.67,45.0,Build-up Section (KOP),OIL_AUTHORIZED
NHK_52,1150.0,54.95,54.95,1136.7,1136.7,28.0,45.0,Build-up Section (KOP),OIL_AUTHORIZED
NHK_52,1175.0,63.88,63.88,1158.28,1158.28,30.33,45.0,Build-up Section (KOP),OIL_AUTHORIZED
NHK_52,1200.0,73.42,73.42,1179.32,1179.32,32.67,45.0,Build-up Section (KOP),OIL_AUTHORIZED
NHK_52,1225.0,83.56,83.56,1199.8,1199.8,35.0,45.0,Build-up Section (KOP),OIL_AUTHORIZED
NHK_52,1250.0,94.28,94.28,1219.68,1219.68,37.33,45.0,Build-up Section (KOP),OIL_AUTHORIZED
NHK_52,1275.0,105.17,105.17,1239.38,1239.38,38.0,45.0,Build-up Section (KOP),OIL_AUTHORIZED
NHK_52,1300.0,116.05,116.05,1259.08,1259.08,38.0,45.0,Tangent Hold,OIL_AUTHORIZED
NHK_52,1325.0,126.93,126.93,1278.78,1278.78,38.0,45.0,Tangent Hold,OIL_AUTHORIZED
NHK_52,1350.0,137.82,137.82,1298.48,1298.48,38.0,45.0,Tangent Hold,OIL_AUTHORIZED
NHK_52,1375.0,148.7,148.7,1318.18,1318.18,38.0,45.0,Tangent Hold,OIL_AUTHORIZED
NHK_52,1400.0,159.58,159.58,1337.88,1337.88,38.0,45.0,Tangent Hold,OIL_AUTHORIZED
NHK_52,1425.0,170.47,170.47,1357.58,1357.58,38.0,45.0,Tangent Hold,OIL_AUTHORIZED
NHK_52,1450.0,181.35,181.35,1377.28,1377.28,38.0,45.0,Tangent Hold,OIL_AUTHORIZED
NHK_52,1475.0,192.23,192.23,1396.98,1396.98,38.0,45.0,Tangent Hold,OIL_AUTHORIZED
NHK_52,1500.0,203.12,203.12,1416.68,1416.68,38.0,45.0,Tangent Hold,OIL_AUTHORIZED
NHK_52,1525.0,214.0,214.0,1436.38,1436.38,38.0,45.0,Tangent Hold,OIL_AUTHORIZED
NHK_52,1550.0,224.88,224.88,1456.08,1456.08,38.0,45.0,Tangent Hold,OIL_AUTHORIZED
NHK_52,1575.0,235.77,235.77,1475.78,1475.78,38.0,45.0,Tangent Hold,OIL_AUTHORIZED
NHK_52,1600.0,246.65,246.65,1495.48,1495.48,38.0,45.0,Tangent Hold,OIL_AUTHORIZED
NHK_52,1625.0,257.53,257.53,1515.18,1515.18,38.0,45.0,Tangent Hold,OIL_AUTHORIZED
NHK_52,1650.0,268.42,268.42,1534.88,1534.88,38.0,45.0,Tangent Hold,OIL_AUTHORIZED
NHK_52,1675.0,279.3,279.3,1554.58,1554.58,38.0,45.0,Tangent Hold,OIL_AUTHORIZED
NHK_52,1700.0,290.18,290.18,1574.28,1574.28,38.0,45.0,Tangent Hold,OIL_AUTHORIZED
NHK_52,1725.0,301.07,301.07,1593.98,1593.98,38.0,45.0,Tangent Hold,OIL_AUTHORIZED
NHK_52,1750.0,311.95,311.95,1613.68,1613.68,38.0,45.0,Tangent Hold,OIL_AUTHORIZED
NHK_52,1775.0,322.83,322.83,1633.38,1633.38,38.0,45.0,Tangent Hold,OIL_AUTHORIZED
NHK_52,1800.0,333.72,333.72,1653.08,1653.08,38.0,45.0,Tangent Hold,OIL_AUTHORIZED
NHK_52,1825.0,344.6,344.6,1672.78,1672.78,38.0,45.0,Tangent Hold,OIL_AUTHORIZED
NHK_52,1850.0,355.49,355.49,1692.48,1692.48,38.0,45.0,Tangent Hold,OIL_AUTHORIZED
NHK_52,1875.0,366.37,366.37,1712.18,1712.18,38.0,45.0,Tangent Hold,OIL_AUTHORIZED
NHK_52,1900.0,377.25,377.25,1731.88,1731.88,38.0,45.0,Tangent Hold,OIL_AUTHORIZED
NHK_52,1925.0,388.14,388.14,1751.59,1751.59,38.0,45.0,Tangent Hold,OIL_AUTHORIZED
NHK_52,1950.0,399.02,399.02,1771.29,1771.29,38.0,45.0,Tangent Hold,OIL_AUTHORIZED
NHK_52,1975.0,409.9,409.9,1790.99,1790.99,38.0,45.0,Tangent Hold,OIL_AUTHORIZED
NHK_52,2000.0,420.79,420.79,1810.69,1810.69,38.0,45.0,Tangent Hold,OIL_AUTHORIZED
NHK_52,2025.0,431.67,431.67,1830.39,1830.39,38.0,45.0,Tangent Hold,OIL_AUTHORIZED
NHK_52,2050.0,442.55,442.55,1850.09,1850.09,38.0,45.0,Tangent Hold,OIL_AUTHORIZED
NHK_52,2075.0,453.44,453.44,1869.79,1869.79,38.0,45.0,Tangent Hold,OIL_AUTHORIZED
NHK_52,2100.0,464.32,464.32,1889.49,1889.49,38.0,45.0,Tangent Hold,OIL_AUTHORIZED
NHK_52,2125.0,475.2,475.2,1909.19,1909.19,38.0,45.0,Tangent Hold,OIL_AUTHORIZED
NHK_52,2150.0,486.09,486.09,1928.89,1928.89,38.0,45.0,Tangent Hold,OIL_AUTHORIZED
NHK_52,2175.0,496.97,496.97,1948.59,1948.59,38.0,45.0,Tangent Hold,OIL_AUTHORIZED
NHK_52,2200.0,507.85,507.85,1968.29,1968.29,38.0,45.0,Tangent Hold,OIL_AUTHORIZED
NHK_52,2225.0,518.74,518.74,1987.99,1987.99,38.0,45.0,Tangent Hold,OIL_AUTHORIZED
NHK_52,2250.0,529.62,529.62,2007.69,2007.69,38.0,45.0,Tangent Hold,OIL_AUTHORIZED
NHK_52,2275.0,540.5,540.5,2027.39,2027.39,38.0,45.0,Tangent Hold,OIL_AUTHORIZED
NHK_52,2300.0,551.39,551.39,2047.09,2047.09,38.0,45.0,Tangent Hold,OIL_AUTHORIZED
NHK_52,2325.0,562.27,562.27,2066.79,2066.79,38.0,45.0,Tangent Hold,OIL_AUTHORIZED
NHK_52,2350.0,573.15,573.15,2086.49,2086.49,38.0,45.0,Tangent Hold,OIL_AUTHORIZED
NHK_52,2375.0,584.04,584.04,2106.19,2106.19,38.0,45.0,Tangent Hold,OIL_AUTHORIZED
NHK_52,2400.0,594.92,594.92,2125.89,2125.89,38.0,45.0,Tangent Hold,OIL_AUTHORIZED
NHK_52,2425.0,605.27,605.27,2146.16,2146.16,35.83,45.0,Drop-off Section,OIL_AUTHORIZED
NHK_52,2450.0,615.07,615.07,2166.97,2166.97,33.67,45.0,Drop-off Section,OIL_AUTHORIZED
NHK_52,2475.0,624.31,624.31,2188.28,2188.28,31.5,45.0,Drop-off Section,OIL_AUTHORIZED
NHK_52,2500.0,632.97,632.97,2210.08,2210.08,29.33,45.0,Drop-off Section,OIL_AUTHORIZED
NHK_52,2525.0,641.04,641.04,2232.32,2232.32,27.17,45.0,Drop-off Section,OIL_AUTHORIZED
NHK_52,2550.0,648.51,648.51,2254.98,2254.98,25.0,45.0,Drop-off Section,OIL_AUTHORIZED
NHK_52,2575.0,655.37,655.37,2278.02,2278.02,22.83,45.0,Drop-off Section,OIL_AUTHORIZED
NHK_52,2600.0,661.61,661.61,2301.41,2301.41,20.67,45.0,Drop-off Section,OIL_AUTHORIZED
NHK_52,2625.0,667.22,667.22,2325.12,2325.12,18.5,45.0,Drop-off Section,OIL_AUTHORIZED
NHK_52,2650.0,672.19,672.19,2349.11,2349.11,16.33,45.0,Drop-off Section,OIL_AUTHORIZED
NHK_52,2675.0,676.52,676.52,2373.35,2373.35,14.17,45.0,Drop-off Section,OIL_AUTHORIZED
NHK_52,2700.0,680.19,680.19,2397.8,2397.8,12.0,45.0,Drop-off Section,OIL_AUTHORIZED
NHK_52,2725.0,683.21,683.21,2422.43,2422.43,9.83,45.0,Drop-off Section,OIL_AUTHORIZED
NHK_52,2750.0,685.57,685.57,2447.21,2447.21,7.67,45.0,Drop-off Section,OIL_AUTHORIZED
NHK_52,2775.0,687.26,687.26,2472.09,2472.09,5.5,45.0,Drop-off Section,OIL_AUTHORIZED
NHK_52,2800.0,688.29,688.29,2497.05,2497.05,3.33,45.0,Drop-off Section,OIL_AUTHORIZED
NHK_52,2825.0,688.91,688.91,2522.04,2522.04,2.0,45.0,Drop-off Section,OIL_AUTHORIZED
NHK_52,2850.0,689.52,689.52,2547.02,2547.02,2.0,45.0,Vertical Landing,OIL_AUTHORIZED
NHK_52,2875.0,690.14,690.14,2572.01,2572.01,2.0,45.0,Vertical Landing,OIL_AUTHORIZED
NHK_52,2900.0,690.76,690.76,2596.99,2596.99,2.0,45.0,Vertical Landing,OIL_AUTHORIZED
NHK_52,2925.0,691.37,691.37,2621.98,2621.98,2.0,45.0,Vertical Landing,OIL_AUTHORIZED
NHK_52,2950.0,691.99,691.99,2646.96,2646.96,2.0,45.0,Vertical Landing,OIL_AUTHORIZED
NHK_52,2975.0,692.61,692.61,2671.95,2671.95,2.0,45.0,Vertical Landing,OIL_AUTHORIZED
NHK_52,3000.0,693.23,693.23,2696.93,2696.93,2.0,45.0,Vertical Landing,OIL_AUTHORIZED
NHK_52,3025.0,693.84,693.84,2721.92,2721.92,2.0,45.0,Vertical Landing,OIL_AUTHORIZED
NHK_52,3050.0,694.46,694.46,2746.9,2746.9,2.0,45.0,Vertical Landing,OIL_AUTHORIZED
NHK_52,3075.0,695.08,695.08,2771.88,2771.88,2.0,45.0,Vertical Landing,OIL_AUTHORIZED
NHK_52,3100.0,695.69,695.69,2796.87,2796.87,2.0,45.0,Vertical Landing,OIL_AUTHORIZED
NHK_52,3125.0,696.31,696.31,2821.85,2821.85,2.0,45.0,Vertical Landing,OIL_AUTHORIZED
NHK_52,3150.0,696.93,696.93,2846.84,2846.84,2.0,45.0,Vertical Landing,OIL_AUTHORIZED
NHK_52,3175.0,697.54,697.54,2871.82,2871.82,2.0,45.0,Vertical Landing,OIL_AUTHORIZED
NHK_52,3200.0,698.16,698.16,2896.81,2896.81,2.0,45.0,Vertical Landing,OIL_AUTHORIZED
NHK_52,3225.0,698.78,698.78,2921.79,2921.79,2.0,45.0,Vertical Landing,OIL_AUTHORIZED
NHK_52,3250.0,699.39,699.39,2946.78,2946.78,2.0,45.0,Vertical Landing,OIL_AUTHORIZED
NHK_52,3275.0,700.01,700.01,2971.76,2971.76,2.0,45.0,Vertical Landing,OIL_AUTHORIZED
NHK_52,3300.0,700.63,700.63,2996.75,2996.75,2.0,45.0,Vertical Landing,OIL_AUTHORIZED
NHK_52,3325.0,701.25,701.25,3021.73,3021.73,2.0,45.0,Vertical Landing,OIL_AUTHORIZED
NHK_52,3350.0,701.86,701.86,3046.72,3046.72,2.0,45.0,Vertical Landing,OIL_AUTHORIZED
NHK_52,3375.0,702.48,702.48,3071.7,3071.7,2.0,45.0,Vertical Landing,OIL_AUTHORIZED
NHK_52,3400.0,703.1,703.1,3096.69,3096.69,2.0,45.0,Vertical Landing,OIL_AUTHORIZED
NHK_52,3425.0,703.71,703.71,3121.67,3121.67,2.0,45.0,Vertical Landing,OIL_AUTHORIZED
NHK_52,3450.0,704.33,704.33,3146.66,3146.66,2.0,45.0,Vertical Landing,OIL_AUTHORIZED
NHK_52,3475.0,704.95,704.95,3171.64,3171.64,2.0,45.0,Total Depth (TD Target),OIL_AUTHORIZED
NHK_61,0.0,0.0,0.0,0.0,0.0,0.0,30.0,Surface Wellhead,OIL_AUTHORIZED
NHK_61,25.0,0.0,0.0,25.0,25.0,0.0,30.0,Vertical Section,OIL_AUTHORIZED
NHK_61,50.0,0.0,0.0,50.0,50.0,0.0,30.0,Vertical Section,OIL_AUTHORIZED
NHK_61,75.0,0.0,0.0,75.0,75.0,0.0,30.0,Vertical Section,OIL_AUTHORIZED
NHK_61,100.0,0.0,0.0,100.0,100.0,0.0,30.0,Vertical Section,OIL_AUTHORIZED
NHK_61,125.0,0.0,0.0,125.0,125.0,0.0,30.0,Vertical Section,OIL_AUTHORIZED
NHK_61,150.0,0.0,0.0,150.0,150.0,0.0,30.0,Vertical Section,OIL_AUTHORIZED
NHK_61,175.0,0.0,0.0,175.0,175.0,0.0,30.0,Vertical Section,OIL_AUTHORIZED
NHK_61,200.0,0.0,0.0,200.0,200.0,0.0,30.0,Vertical Section,OIL_AUTHORIZED
NHK_61,225.0,0.0,0.0,225.0,225.0,0.0,30.0,Vertical Section,OIL_AUTHORIZED
NHK_61,250.0,0.0,0.0,250.0,250.0,0.0,30.0,Vertical Section,OIL_AUTHORIZED
NHK_61,275.0,0.0,0.0,275.0,275.0,0.0,30.0,Vertical Section,OIL_AUTHORIZED
NHK_61,300.0,0.0,0.0,300.0,300.0,0.0,30.0,Vertical Section,OIL_AUTHORIZED
NHK_61,325.0,0.0,0.0,325.0,325.0,0.0,30.0,Vertical Section,OIL_AUTHORIZED
NHK_61,350.0,0.0,0.0,350.0,350.0,0.0,30.0,Vertical Section,OIL_AUTHORIZED
NHK_61,375.0,0.0,0.0,375.0,375.0,0.0,30.0,Vertical Section,OIL_AUTHORIZED
NHK_61,400.0,0.0,0.0,400.0,400.0,0.0,30.0,Vertical Section,OIL_AUTHORIZED
NHK_61,425.0,0.0,0.0,425.0,425.0,0.0,30.0,Vertical Section,OIL_AUTHORIZED
NHK_61,450.0,0.0,0.0,450.0,450.0,0.0,30.0,Vertical Section,OIL_AUTHORIZED
NHK_61,475.0,0.0,0.0,475.0,475.0,0.0,30.0,Vertical Section,OIL_AUTHORIZED
NHK_61,500.0,0.0,0.0,500.0,500.0,0.0,30.0,Vertical Section,OIL_AUTHORIZED
NHK_61,525.0,0.0,0.0,525.0,525.0,0.0,30.0,Vertical Section,OIL_AUTHORIZED
NHK_61,550.0,0.0,0.0,550.0,550.0,0.0,30.0,Vertical Section,OIL_AUTHORIZED
NHK_61,575.0,0.0,0.0,575.0,575.0,0.0,30.0,Vertical Section,OIL_AUTHORIZED
NHK_61,600.0,0.0,0.0,600.0,600.0,0.0,30.0,Vertical Section,OIL_AUTHORIZED
NHK_61,625.0,0.0,0.0,625.0,625.0,0.0,30.0,Vertical Section,OIL_AUTHORIZED
NHK_61,650.0,0.0,0.0,650.0,650.0,0.0,30.0,Vertical Section,OIL_AUTHORIZED
NHK_61,675.0,0.0,0.0,675.0,675.0,0.0,30.0,Vertical Section,OIL_AUTHORIZED
NHK_61,700.0,0.0,0.0,700.0,700.0,0.0,30.0,Vertical Section,OIL_AUTHORIZED
NHK_61,725.0,0.0,0.0,725.0,725.0,0.0,30.0,Vertical Section,OIL_AUTHORIZED
NHK_61,750.0,0.0,0.0,750.0,750.0,0.0,30.0,Vertical Section,OIL_AUTHORIZED
NHK_61,775.0,0.0,0.0,775.0,775.0,0.0,30.0,Vertical Section,OIL_AUTHORIZED
NHK_61,800.0,0.0,0.0,800.0,800.0,0.0,30.0,Vertical Section,OIL_AUTHORIZED
NHK_61,825.0,0.0,0.0,825.0,825.0,0.0,30.0,Vertical Section,OIL_AUTHORIZED
NHK_61,850.0,0.0,0.0,850.0,850.0,0.0,30.0,Vertical Section,OIL_AUTHORIZED
NHK_61,875.0,0.0,0.0,875.0,875.0,0.0,30.0,Vertical Section,OIL_AUTHORIZED
NHK_61,900.0,0.0,0.0,900.0,900.0,0.0,30.0,Vertical Section,OIL_AUTHORIZED
NHK_61,925.0,0.0,0.0,925.0,925.0,0.0,30.0,Vertical Section,OIL_AUTHORIZED
NHK_61,950.0,0.0,0.0,950.0,950.0,0.0,30.0,Vertical Section,OIL_AUTHORIZED
NHK_61,975.0,0.0,0.0,975.0,975.0,0.0,30.0,Vertical Section,OIL_AUTHORIZED
NHK_61,1000.0,0.0,0.0,1000.0,1000.0,0.0,30.0,Vertical Section,OIL_AUTHORIZED
NHK_61,1025.0,0.0,0.0,1025.0,1025.0,0.0,30.0,Vertical Section,OIL_AUTHORIZED
NHK_61,1050.0,0.0,0.0,1050.0,1050.0,0.0,30.0,Vertical Section,OIL_AUTHORIZED
NHK_61,1075.0,0.0,0.0,1075.0,1075.0,0.0,30.0,Vertical Section,OIL_AUTHORIZED
NHK_61,1100.0,0.0,0.0,1100.0,1100.0,0.0,30.0,Vertical Section,OIL_AUTHORIZED
NHK_61,1125.0,0.0,0.0,1125.0,1125.0,0.0,30.0,Vertical Section,OIL_AUTHORIZED
NHK_61,1150.0,0.0,0.0,1150.0,1150.0,0.0,30.0,Vertical Section,OIL_AUTHORIZED
NHK_61,1175.0,0.0,0.0,1175.0,1175.0,0.0,30.0,Vertical Section,OIL_AUTHORIZED
NHK_61,1200.0,0.0,0.0,1200.0,1200.0,0.0,30.0,Vertical Section,OIL_AUTHORIZED
NHK_61,1225.0,0.0,0.0,1225.0,1225.0,0.0,30.0,Vertical Section,OIL_AUTHORIZED
NHK_61,1250.0,0.0,0.0,1250.0,1250.0,0.0,30.0,Vertical Section,OIL_AUTHORIZED
NHK_61,1275.0,0.0,0.0,1275.0,1275.0,0.0,30.0,Vertical Section,OIL_AUTHORIZED
NHK_61,1300.0,0.0,0.0,1300.0,1300.0,0.0,30.0,Vertical Section,OIL_AUTHORIZED
NHK_61,1325.0,0.0,0.0,1325.0,1325.0,0.0,30.0,Vertical Section,OIL_AUTHORIZED
NHK_61,1350.0,0.0,0.0,1350.0,1350.0,0.0,30.0,Vertical Section,OIL_AUTHORIZED
NHK_61,1375.0,0.0,0.0,1375.0,1375.0,0.0,30.0,Vertical Section,OIL_AUTHORIZED
NHK_61,1400.0,0.0,0.0,1400.0,1400.0,0.0,30.0,Vertical Section,OIL_AUTHORIZED
NHK_61,1425.0,0.0,0.0,1425.0,1425.0,0.0,30.0,Vertical Section,OIL_AUTHORIZED
NHK_61,1450.0,0.0,0.0,1450.0,1450.0,0.0,30.0,Vertical Section,OIL_AUTHORIZED
NHK_61,1475.0,0.0,0.0,1475.0,1475.0,0.0,30.0,Vertical Section,OIL_AUTHORIZED
NHK_61,1500.0,0.0,0.0,1500.0,1500.0,0.0,30.0,Vertical Section,OIL_AUTHORIZED
NHK_61,1525.0,0.0,0.0,1525.0,1525.0,0.0,30.0,Vertical Section,OIL_AUTHORIZED
NHK_61,1550.0,0.0,0.0,1550.0,1550.0,0.0,30.0,Vertical Section,OIL_AUTHORIZED
NHK_61,1575.0,0.0,0.0,1575.0,1575.0,0.0,30.0,Vertical Section,OIL_AUTHORIZED
NHK_61,1600.0,0.0,0.0,1600.0,1600.0,0.0,30.0,Vertical Section,OIL_AUTHORIZED
NHK_61,1625.0,0.91,1.57,1624.93,1624.93,4.17,30.0,Build-up Section (KOP),OIL_AUTHORIZED
NHK_61,1650.0,2.72,4.71,1649.67,1649.67,8.33,30.0,Build-up Section (KOP),OIL_AUTHORIZED
NHK_61,1675.0,5.43,9.4,1674.08,1674.08,12.5,30.0,Build-up Section (KOP),OIL_AUTHORIZED
NHK_61,1700.0,9.01,15.61,1698.03,1698.03,16.67,30.0,Build-up Section (KOP),OIL_AUTHORIZED
NHK_61,1725.0,13.46,23.31,1721.39,1721.39,20.83,30.0,Build-up Section (KOP),OIL_AUTHORIZED
NHK_61,1750.0,18.74,32.46,1744.05,1744.05,25.0,30.0,Build-up Section (KOP),OIL_AUTHORIZED
NHK_61,1775.0,24.83,43.01,1765.88,1765.88,29.17,30.0,Build-up Section (KOP),OIL_AUTHORIZED
NHK_61,1800.0,31.7,54.91,1786.77,1786.77,33.33,30.0,Build-up Section (KOP),OIL_AUTHORIZED
NHK_61,1825.0,39.31,68.09,1806.6,1806.6,37.5,30.0,Build-up Section (KOP),OIL_AUTHORIZED
NHK_61,1850.0,47.62,82.48,1825.28,1825.28,41.67,30.0,Build-up Section (KOP),OIL_AUTHORIZED
NHK_61,1875.0,56.59,98.01,1842.7,1842.7,45.83,30.0,Build-up Section (KOP),OIL_AUTHORIZED
NHK_61,1900.0,66.16,114.59,1858.77,1858.77,50.0,30.0,Build-up Section (KOP),OIL_AUTHORIZED
NHK_61,1925.0,76.3,132.15,1873.4,1873.4,54.17,30.0,Build-up Section (KOP),OIL_AUTHORIZED
NHK_61,1950.0,86.93,150.57,1886.53,1886.53,58.33,30.0,Build-up Section (KOP),OIL_AUTHORIZED
NHK_61,1975.0,98.02,169.78,1898.07,1898.07,62.5,30.0,Build-up Section (KOP),OIL_AUTHORIZED
NHK_61,2000.0,109.5,189.66,1907.97,1907.97,66.67,30.0,Build-up Section (KOP),OIL_AUTHORIZED
NHK_61,2025.0,121.31,210.11,1916.18,1916.18,70.83,30.0,Build-up Section (KOP),OIL_AUTHORIZED
NHK_61,2050.0,133.38,231.02,1922.65,1922.65,75.0,30.0,Build-up Section (KOP),OIL_AUTHORIZED
NHK_61,2075.0,145.66,252.29,1927.35,1927.35,79.17,30.0,Build-up Section (KOP),OIL_AUTHORIZED
NHK_61,2100.0,158.07,273.79,1930.25,1930.25,83.33,30.0,Build-up Section (KOP),OIL_AUTHORIZED
NHK_61,2125.0,170.5,295.32,1932.86,1932.86,84.0,30.0,Build-up Section (KOP),OIL_AUTHORIZED
NHK_61,2150.0,182.94,316.85,1935.48,1935.48,84.0,30.0,Tangent Hold,OIL_AUTHORIZED
NHK_61,2175.0,195.37,338.39,1938.09,1938.09,84.0,30.0,Tangent Hold,OIL_AUTHORIZED
NHK_61,2200.0,207.8,359.92,1940.7,1940.7,84.0,30.0,Tangent Hold,OIL_AUTHORIZED
NHK_61,2225.0,220.23,381.45,1943.32,1943.32,84.0,30.0,Tangent Hold,OIL_AUTHORIZED
NHK_61,2250.0,232.66,402.98,1945.93,1945.93,84.0,30.0,Tangent Hold,OIL_AUTHORIZED
NHK_61,2275.0,245.09,424.52,1948.54,1948.54,84.0,30.0,Tangent Hold,OIL_AUTHORIZED
NHK_61,2300.0,257.53,446.05,1951.16,1951.16,84.0,30.0,Tangent Hold,OIL_AUTHORIZED
NHK_61,2325.0,269.96,467.58,1953.77,1953.77,84.0,30.0,Tangent Hold,OIL_AUTHORIZED
NHK_61,2350.0,282.39,489.11,1956.38,1956.38,84.0,30.0,Tangent Hold,OIL_AUTHORIZED
NHK_61,2375.0,294.82,510.64,1959.0,1959.0,84.0,30.0,Tangent Hold,OIL_AUTHORIZED
NHK_61,2400.0,307.25,532.18,1961.61,1961.61,84.0,30.0,Tangent Hold,OIL_AUTHORIZED
NHK_61,2425.0,319.68,553.71,1964.22,1964.22,84.0,30.0,Tangent Hold,OIL_AUTHORIZED
NHK_61,2450.0,332.11,575.24,1966.84,1966.84,84.0,30.0,Tangent Hold,OIL_AUTHORIZED
NHK_61,2475.0,344.55,596.77,1969.45,1969.45,84.0,30.0,Tangent Hold,OIL_AUTHORIZED
NHK_61,2500.0,356.98,618.3,1972.06,1972.06,84.0,30.0,Tangent Hold,OIL_AUTHORIZED
NHK_61,2525.0,369.41,639.84,1974.68,1974.68,84.0,30.0,Tangent Hold,OIL_AUTHORIZED
NHK_61,2550.0,381.84,661.37,1977.29,1977.29,84.0,30.0,Tangent Hold,OIL_AUTHORIZED
NHK_61,2575.0,394.27,682.9,1979.9,1979.9,84.0,30.0,Tangent Hold,OIL_AUTHORIZED
NHK_61,2600.0,406.7,704.43,1982.52,1982.52,84.0,30.0,Tangent Hold,OIL_AUTHORIZED
NHK_61,2625.0,419.14,725.96,1985.13,1985.13,84.0,30.0,Tangent Hold,OIL_AUTHORIZED
NHK_61,2650.0,431.57,747.5,1987.74,1987.74,84.0,30.0,Tangent Hold,OIL_AUTHORIZED
NHK_61,2675.0,444.0,769.03,1990.35,1990.35,84.0,30.0,Tangent Hold,OIL_AUTHORIZED
NHK_61,2700.0,456.43,790.56,1992.97,1992.97,84.0,30.0,Tangent Hold,OIL_AUTHORIZED
NHK_61,2725.0,468.86,812.09,1995.58,1995.58,84.0,30.0,Tangent Hold,OIL_AUTHORIZED
NHK_61,2750.0,481.29,833.62,1998.19,1998.19,84.0,30.0,Tangent Hold,OIL_AUTHORIZED
NHK_61,2775.0,493.72,855.16,2000.81,2000.81,84.0,30.0,Tangent Hold,OIL_AUTHORIZED
NHK_61,2800.0,506.16,876.69,2003.42,2003.42,84.0,30.0,Tangent Hold,OIL_AUTHORIZED
NHK_61,2825.0,518.59,898.22,2006.03,2006.03,84.0,30.0,Tangent Hold,OIL_AUTHORIZED
NHK_61,2850.0,531.02,919.75,2008.65,2008.65,84.0,30.0,Tangent Hold,OIL_AUTHORIZED
NHK_61,2875.0,543.45,941.28,2011.26,2011.26,84.0,30.0,Tangent Hold,OIL_AUTHORIZED
NHK_61,2900.0,555.88,962.82,2013.87,2013.87,84.0,30.0,Tangent Hold,OIL_AUTHORIZED
NHK_61,2925.0,568.31,984.35,2016.49,2016.49,84.0,30.0,Tangent Hold,OIL_AUTHORIZED
NHK_61,2950.0,580.75,1005.88,2019.1,2019.1,84.0,30.0,Tangent Hold,OIL_AUTHORIZED
NHK_61,2975.0,593.18,1027.41,2021.71,2021.71,84.0,30.0,Tangent Hold,OIL_AUTHORIZED
NHK_61,3000.0,605.61,1048.94,2024.33,2024.33,84.0,30.0,Tangent Hold,OIL_AUTHORIZED
NHK_61,3025.0,618.04,1070.48,2026.94,2026.94,84.0,30.0,Tangent Hold,OIL_AUTHORIZED
NHK_61,3050.0,630.47,1092.01,2029.55,2029.55,84.0,30.0,Tangent Hold,OIL_AUTHORIZED
NHK_61,3075.0,642.9,1113.54,2032.17,2032.17,84.0,30.0,Tangent Hold,OIL_AUTHORIZED
NHK_61,3100.0,655.33,1135.07,2034.78,2034.78,84.0,30.0,Tangent Hold,OIL_AUTHORIZED
NHK_61,3125.0,667.77,1156.6,2037.39,2037.39,84.0,30.0,Tangent Hold,OIL_AUTHORIZED
NHK_61,3150.0,680.2,1178.14,2040.01,2040.01,84.0,30.0,Tangent Hold,OIL_AUTHORIZED
NHK_61,3175.0,692.63,1199.67,2042.62,2042.62,84.0,30.0,Tangent Hold,OIL_AUTHORIZED
NHK_61,3200.0,705.06,1221.2,2045.23,2045.23,84.0,30.0,Tangent Hold,OIL_AUTHORIZED
NHK_61,3225.0,717.49,1242.73,2047.85,2047.85,84.0,30.0,Tangent Hold,OIL_AUTHORIZED
NHK_61,3250.0,729.92,1264.26,2050.46,2050.46,84.0,30.0,Tangent Hold,OIL_AUTHORIZED
NHK_61,3275.0,742.35,1285.8,2053.07,2053.07,84.0,30.0,Tangent Hold,OIL_AUTHORIZED
NHK_61,3300.0,754.79,1307.33,2055.69,2055.69,84.0,30.0,Tangent Hold,OIL_AUTHORIZED
NHK_61,3325.0,767.22,1328.86,2058.3,2058.3,84.0,30.0,Tangent Hold,OIL_AUTHORIZED
NHK_61,3350.0,779.65,1350.39,2060.91,2060.91,84.0,30.0,Tangent Hold,OIL_AUTHORIZED
NHK_61,3375.0,792.08,1371.92,2063.52,2063.52,84.0,30.0,Tangent Hold,OIL_AUTHORIZED
NHK_61,3400.0,804.51,1393.46,2066.14,2066.14,84.0,30.0,Tangent Hold,OIL_AUTHORIZED
NHK_61,3425.0,816.94,1414.99,2068.75,2068.75,84.0,30.0,Tangent Hold,OIL_AUTHORIZED
NHK_61,3450.0,829.38,1436.52,2071.36,2071.36,84.0,30.0,Tangent Hold,OIL_AUTHORIZED
NHK_61,3475.0,841.81,1458.05,2073.98,2073.98,84.0,30.0,Tangent Hold,OIL_AUTHORIZED
NHK_61,3500.0,854.24,1479.58,2076.59,2076.59,84.0,30.0,Total Depth (TD Target),OIL_AUTHORIZED
RUD_08,0.0,0.0,0.0,0.0,0.0,0.0,150.0,Surface Wellhead,OIL_AUTHORIZED
RUD_08,25.0,0.0,0.0,25.0,25.0,0.0,150.0,Vertical Section,OIL_AUTHORIZED
RUD_08,50.0,0.0,0.0,50.0,50.0,0.0,150.0,Vertical Section,OIL_AUTHORIZED
RUD_08,75.0,0.0,0.0,75.0,75.0,0.0,150.0,Vertical Section,OIL_AUTHORIZED
RUD_08,100.0,0.0,0.0,100.0,100.0,0.0,150.0,Vertical Section,OIL_AUTHORIZED
RUD_08,125.0,0.0,0.0,125.0,125.0,0.0,150.0,Vertical Section,OIL_AUTHORIZED
RUD_08,150.0,0.0,0.0,150.0,150.0,0.0,150.0,Vertical Section,OIL_AUTHORIZED
RUD_08,175.0,0.0,0.0,175.0,175.0,0.0,150.0,Vertical Section,OIL_AUTHORIZED
RUD_08,200.0,0.0,0.0,200.0,200.0,0.0,150.0,Vertical Section,OIL_AUTHORIZED
RUD_08,225.0,0.0,0.0,225.0,225.0,0.0,150.0,Vertical Section,OIL_AUTHORIZED
RUD_08,250.0,0.0,0.0,250.0,250.0,0.0,150.0,Vertical Section,OIL_AUTHORIZED
RUD_08,275.0,0.0,0.0,275.0,275.0,0.0,150.0,Vertical Section,OIL_AUTHORIZED
RUD_08,300.0,0.0,0.0,300.0,300.0,0.0,150.0,Vertical Section,OIL_AUTHORIZED
RUD_08,325.0,0.0,0.0,325.0,325.0,0.0,150.0,Vertical Section,OIL_AUTHORIZED
RUD_08,350.0,0.0,0.0,350.0,350.0,0.0,150.0,Vertical Section,OIL_AUTHORIZED
RUD_08,375.0,0.0,0.0,375.0,375.0,0.0,150.0,Vertical Section,OIL_AUTHORIZED
RUD_08,400.0,0.0,0.0,400.0,400.0,0.0,150.0,Vertical Section,OIL_AUTHORIZED
RUD_08,425.0,0.0,0.0,425.0,425.0,0.0,150.0,Vertical Section,OIL_AUTHORIZED
RUD_08,450.0,0.0,0.0,450.0,450.0,0.0,150.0,Vertical Section,OIL_AUTHORIZED
RUD_08,475.0,0.0,0.0,475.0,475.0,0.0,150.0,Vertical Section,OIL_AUTHORIZED
RUD_08,500.0,0.0,0.0,500.0,500.0,0.0,150.0,Vertical Section,OIL_AUTHORIZED
RUD_08,525.0,0.0,0.0,525.0,525.0,0.0,150.0,Vertical Section,OIL_AUTHORIZED
RUD_08,550.0,0.0,0.0,550.0,550.0,0.0,150.0,Vertical Section,OIL_AUTHORIZED
RUD_08,575.0,0.0,0.0,575.0,575.0,0.0,150.0,Vertical Section,OIL_AUTHORIZED
RUD_08,600.0,0.0,0.0,600.0,600.0,0.0,150.0,Vertical Section,OIL_AUTHORIZED
RUD_08,625.0,0.0,0.0,625.0,625.0,0.0,150.0,Vertical Section,OIL_AUTHORIZED
RUD_08,650.0,0.0,0.0,650.0,650.0,0.0,150.0,Vertical Section,OIL_AUTHORIZED
RUD_08,675.0,0.0,0.0,675.0,675.0,0.0,150.0,Vertical Section,OIL_AUTHORIZED
RUD_08,700.0,0.0,0.0,700.0,700.0,0.0,150.0,Vertical Section,OIL_AUTHORIZED
RUD_08,725.0,0.0,0.0,725.0,725.0,0.0,150.0,Vertical Section,OIL_AUTHORIZED
RUD_08,750.0,0.0,0.0,750.0,750.0,0.0,150.0,Vertical Section,OIL_AUTHORIZED
RUD_08,775.0,0.47,-0.82,774.98,774.98,2.17,150.0,Build-up Section (KOP),OIL_AUTHORIZED
RUD_08,800.0,1.42,-2.45,799.91,799.91,4.33,150.0,Build-up Section (KOP),OIL_AUTHORIZED
RUD_08,825.0,2.83,-4.91,824.75,824.75,6.5,150.0,Build-up Section (KOP),OIL_AUTHORIZED
RUD_08,850.0,4.72,-8.17,849.46,849.46,8.67,150.0,Build-up Section (KOP),OIL_AUTHORIZED
RUD_08,875.0,7.07,-12.24,874.02,874.02,10.83,150.0,Build-up Section (KOP),OIL_AUTHORIZED
RUD_08,900.0,9.88,-17.11,898.38,898.38,13.0,150.0,Build-up Section (KOP),OIL_AUTHORIZED
RUD_08,925.0,13.15,-22.77,922.51,922.51,15.17,150.0,Build-up Section (KOP),OIL_AUTHORIZED
RUD_08,950.0,16.87,-29.22,946.37,946.37,17.33,150.0,Build-up Section (KOP),OIL_AUTHORIZED
RUD_08,975.0,21.04,-36.45,969.94,969.94,19.5,150.0,Build-up Section (KOP),OIL_AUTHORIZED
RUD_08,1000.0,25.66,-44.44,993.17,993.17,21.67,150.0,Build-up Section (KOP),OIL_AUTHORIZED
RUD_08,1025.0,30.71,-53.19,1016.04,1016.04,23.83,150.0,Build-up Section (KOP),OIL_AUTHORIZED
RUD_08,1050.0,36.19,-62.68,1038.51,1038.51,26.0,150.0,Build-up Section (KOP),OIL_AUTHORIZED
RUD_08,1075.0,42.09,-72.9,1060.55,1060.55,28.17,150.0,Build-up Section (KOP),OIL_AUTHORIZED
RUD_08,1100.0,48.4,-83.84,1082.13,1082.13,30.33,150.0,Build-up Section (KOP),OIL_AUTHORIZED
RUD_08,1125.0,54.84,-94.99,1103.56,1103.56,31.0,150.0,Build-up Section (KOP),OIL_AUTHORIZED
RUD_08,1150.0,61.28,-106.14,1124.99,1124.99,31.0,150.0,Tangent Hold,OIL_AUTHORIZED
RUD_08,1175.0,67.72,-117.29,1146.41,1146.41,31.0,150.0,Tangent Hold,OIL_AUTHORIZED
RUD_08,1200.0,74.15,-128.44,1167.84,1167.84,31.0,150.0,Tangent Hold,OIL_AUTHORIZED
RUD_08,1225.0,80.59,-139.59,1189.27,1189.27,31.0,150.0,Tangent Hold,OIL_AUTHORIZED
RUD_08,1250.0,87.03,-150.74,1210.7,1210.7,31.0,150.0,Tangent Hold,OIL_AUTHORIZED
RUD_08,1275.0,93.47,-161.89,1232.13,1232.13,31.0,150.0,Tangent Hold,OIL_AUTHORIZED
RUD_08,1300.0,99.91,-173.04,1253.56,1253.56,31.0,150.0,Tangent Hold,OIL_AUTHORIZED
RUD_08,1325.0,106.34,-184.19,1274.99,1274.99,31.0,150.0,Tangent Hold,OIL_AUTHORIZED
RUD_08,1350.0,112.78,-195.35,1296.42,1296.42,31.0,150.0,Tangent Hold,OIL_AUTHORIZED
RUD_08,1375.0,119.22,-206.5,1317.85,1317.85,31.0,150.0,Tangent Hold,OIL_AUTHORIZED
RUD_08,1400.0,125.66,-217.65,1339.28,1339.28,31.0,150.0,Tangent Hold,OIL_AUTHORIZED
RUD_08,1425.0,132.1,-228.8,1360.71,1360.71,31.0,150.0,Tangent Hold,OIL_AUTHORIZED
RUD_08,1450.0,138.53,-239.95,1382.14,1382.14,31.0,150.0,Tangent Hold,OIL_AUTHORIZED
RUD_08,1475.0,144.97,-251.1,1403.56,1403.56,31.0,150.0,Tangent Hold,OIL_AUTHORIZED
RUD_08,1500.0,151.41,-262.25,1424.99,1424.99,31.0,150.0,Tangent Hold,OIL_AUTHORIZED
RUD_08,1525.0,157.85,-273.4,1446.42,1446.42,31.0,150.0,Tangent Hold,OIL_AUTHORIZED
RUD_08,1550.0,164.29,-284.55,1467.85,1467.85,31.0,150.0,Tangent Hold,OIL_AUTHORIZED
RUD_08,1575.0,170.72,-295.7,1489.28,1489.28,31.0,150.0,Tangent Hold,OIL_AUTHORIZED
RUD_08,1600.0,177.16,-306.85,1510.71,1510.71,31.0,150.0,Tangent Hold,OIL_AUTHORIZED
RUD_08,1625.0,183.6,-318.01,1532.14,1532.14,31.0,150.0,Tangent Hold,OIL_AUTHORIZED
RUD_08,1650.0,190.04,-329.16,1553.57,1553.57,31.0,150.0,Tangent Hold,OIL_AUTHORIZED
RUD_08,1675.0,196.48,-340.31,1575.0,1575.0,31.0,150.0,Tangent Hold,OIL_AUTHORIZED
RUD_08,1700.0,202.91,-351.46,1596.43,1596.43,31.0,150.0,Tangent Hold,OIL_AUTHORIZED
RUD_08,1725.0,209.35,-362.61,1617.86,1617.86,31.0,150.0,Tangent Hold,OIL_AUTHORIZED
RUD_08,1750.0,215.79,-373.76,1639.29,1639.29,31.0,150.0,Tangent Hold,OIL_AUTHORIZED
RUD_08,1775.0,222.23,-384.91,1660.71,1660.71,31.0,150.0,Tangent Hold,OIL_AUTHORIZED
RUD_08,1800.0,228.67,-396.06,1682.14,1682.14,31.0,150.0,Tangent Hold,OIL_AUTHORIZED
RUD_08,1825.0,235.1,-407.21,1703.57,1703.57,31.0,150.0,Tangent Hold,OIL_AUTHORIZED
RUD_08,1850.0,241.54,-418.36,1725.0,1725.0,31.0,150.0,Tangent Hold,OIL_AUTHORIZED
RUD_08,1875.0,247.98,-429.51,1746.43,1746.43,31.0,150.0,Tangent Hold,OIL_AUTHORIZED
RUD_08,1900.0,254.42,-440.67,1767.86,1767.86,31.0,150.0,Tangent Hold,OIL_AUTHORIZED
RUD_08,1925.0,260.86,-451.82,1789.29,1789.29,31.0,150.0,Tangent Hold,OIL_AUTHORIZED
RUD_08,1950.0,267.29,-462.97,1810.72,1810.72,31.0,150.0,Tangent Hold,OIL_AUTHORIZED
RUD_08,1975.0,273.73,-474.12,1832.15,1832.15,31.0,150.0,Tangent Hold,OIL_AUTHORIZED
RUD_08,2000.0,280.17,-485.27,1853.58,1853.58,31.0,150.0,Tangent Hold,OIL_AUTHORIZED
RUD_08,2025.0,286.61,-496.42,1875.01,1875.01,31.0,150.0,Tangent Hold,OIL_AUTHORIZED
RUD_08,2050.0,293.05,-507.57,1896.44,1896.44,31.0,150.0,Tangent Hold,OIL_AUTHORIZED
RUD_08,2075.0,299.48,-518.72,1917.86,1917.86,31.0,150.0,Tangent Hold,OIL_AUTHORIZED
RUD_08,2100.0,305.92,-529.87,1939.29,1939.29,31.0,150.0,Tangent Hold,OIL_AUTHORIZED
RUD_08,2125.0,312.36,-541.02,1960.72,1960.72,31.0,150.0,Tangent Hold,OIL_AUTHORIZED
RUD_08,2150.0,318.8,-552.17,1982.15,1982.15,31.0,150.0,Tangent Hold,OIL_AUTHORIZED
RUD_08,2175.0,325.24,-563.33,2003.58,2003.58,31.0,150.0,Tangent Hold,OIL_AUTHORIZED
RUD_08,2200.0,331.67,-574.48,2025.01,2025.01,31.0,150.0,Tangent Hold,OIL_AUTHORIZED
RUD_08,2225.0,338.11,-585.63,2046.44,2046.44,31.0,150.0,Tangent Hold,OIL_AUTHORIZED
RUD_08,2250.0,344.55,-596.78,2067.87,2067.87,31.0,150.0,Tangent Hold,OIL_AUTHORIZED
RUD_08,2275.0,350.61,-607.27,2089.73,2089.73,29.0,150.0,Drop-off Section,OIL_AUTHORIZED
RUD_08,2300.0,356.28,-617.1,2112.01,2112.01,27.0,150.0,Drop-off Section,OIL_AUTHORIZED
RUD_08,2325.0,361.57,-626.25,2134.67,2134.67,25.0,150.0,Drop-off Section,OIL_AUTHORIZED
RUD_08,2350.0,366.45,-634.71,2157.68,2157.68,23.0,150.0,Drop-off Section,OIL_AUTHORIZED
RUD_08,2375.0,370.93,-642.47,2181.02,2181.02,21.0,150.0,Drop-off Section,OIL_AUTHORIZED
RUD_08,2400.0,375.0,-649.52,2204.66,2204.66,19.0,150.0,Drop-off Section,OIL_AUTHORIZED
RUD_08,2425.0,378.66,-655.85,2228.57,2228.57,17.0,150.0,Drop-off Section,OIL_AUTHORIZED
RUD_08,2450.0,381.89,-661.45,2252.71,2252.71,15.0,150.0,Drop-off Section,OIL_AUTHORIZED
RUD_08,2475.0,384.7,-666.32,2277.07,2277.07,13.0,150.0,Drop-off Section,OIL_AUTHORIZED
RUD_08,2500.0,387.09,-670.46,2301.61,2301.61,11.0,150.0,Drop-off Section,OIL_AUTHORIZED
RUD_08,2525.0,389.04,-673.84,2326.31,2326.31,9.0,150.0,Drop-off Section,OIL_AUTHORIZED
RUD_08,2550.0,390.57,-676.48,2351.12,2351.12,7.0,150.0,Drop-off Section,OIL_AUTHORIZED
RUD_08,2575.0,391.66,-678.37,2376.02,2376.02,5.0,150.0,Drop-off Section,OIL_AUTHORIZED
RUD_08,2600.0,392.31,-679.5,2400.99,2400.99,3.0,150.0,Drop-off Section,OIL_AUTHORIZED
RUD_08,2625.0,392.75,-680.26,2425.97,2425.97,2.0,150.0,Drop-off Section,OIL_AUTHORIZED
RUD_08,2650.0,393.18,-681.01,2450.96,2450.96,2.0,150.0,Vertical Landing,OIL_AUTHORIZED
RUD_08,2675.0,393.62,-681.77,2475.94,2475.94,2.0,150.0,Vertical Landing,OIL_AUTHORIZED
RUD_08,2700.0,394.06,-682.52,2500.93,2500.93,2.0,150.0,Vertical Landing,OIL_AUTHORIZED
RUD_08,2725.0,394.49,-683.28,2525.91,2525.91,2.0,150.0,Vertical Landing,OIL_AUTHORIZED
RUD_08,2750.0,394.93,-684.04,2550.9,2550.9,2.0,150.0,Vertical Landing,OIL_AUTHORIZED
RUD_08,2775.0,395.36,-684.79,2575.88,2575.88,2.0,150.0,Vertical Landing,OIL_AUTHORIZED
RUD_08,2800.0,395.8,-685.55,2600.87,2600.87,2.0,150.0,Vertical Landing,OIL_AUTHORIZED
RUD_08,2825.0,396.24,-686.3,2625.85,2625.85,2.0,150.0,Vertical Landing,OIL_AUTHORIZED
RUD_08,2850.0,396.67,-687.06,2650.84,2650.84,2.0,150.0,Vertical Landing,OIL_AUTHORIZED
RUD_08,2875.0,397.11,-687.81,2675.82,2675.82,2.0,150.0,Vertical Landing,OIL_AUTHORIZED
RUD_08,2900.0,397.55,-688.57,2700.81,2700.81,2.0,150.0,Vertical Landing,OIL_AUTHORIZED
RUD_08,2925.0,397.98,-689.32,2725.79,2725.79,2.0,150.0,Vertical Landing,OIL_AUTHORIZED
RUD_08,2950.0,398.42,-690.08,2750.78,2750.78,2.0,150.0,Vertical Landing,OIL_AUTHORIZED
RUD_08,2975.0,398.85,-690.84,2775.76,2775.76,2.0,150.0,Vertical Landing,OIL_AUTHORIZED
RUD_08,3000.0,399.29,-691.59,2800.75,2800.75,2.0,150.0,Vertical Landing,OIL_AUTHORIZED
RUD_08,3025.0,399.73,-692.35,2825.73,2825.73,2.0,150.0,Vertical Landing,OIL_AUTHORIZED
RUD_08,3050.0,400.16,-693.1,2850.72,2850.72,2.0,150.0,Vertical Landing,OIL_AUTHORIZED
RUD_08,3075.0,400.6,-693.86,2875.7,2875.7,2.0,150.0,Vertical Landing,OIL_AUTHORIZED
RUD_08,3100.0,401.04,-694.61,2900.69,2900.69,2.0,150.0,Vertical Landing,OIL_AUTHORIZED
RUD_08,3125.0,401.47,-695.37,2925.67,2925.67,2.0,150.0,Vertical Landing,OIL_AUTHORIZED
RUD_08,3150.0,401.91,-696.12,2950.65,2950.65,2.0,150.0,Vertical Landing,OIL_AUTHORIZED
RUD_08,3175.0,402.34,-696.88,2975.64,2975.64,2.0,150.0,Vertical Landing,OIL_AUTHORIZED
RUD_08,3200.0,402.78,-697.64,3000.62,3000.62,2.0,150.0,Vertical Landing,OIL_AUTHORIZED
RUD_08,3225.0,403.22,-698.39,3025.61,3025.61,2.0,150.0,Vertical Landing,OIL_AUTHORIZED
RUD_08,3250.0,403.65,-699.15,3050.59,3050.59,2.0,150.0,Vertical Landing,OIL_AUTHORIZED
RUD_08,3275.0,404.09,-699.9,3075.58,3075.58,2.0,150.0,Vertical Landing,OIL_AUTHORIZED
RUD_08,3300.0,404.53,-700.66,3100.56,3100.56,2.0,150.0,Vertical Landing,OIL_AUTHORIZED
RUD_08,3325.0,404.96,-701.41,3125.55,3125.55,2.0,150.0,Vertical Landing,OIL_AUTHORIZED
RUD_08,3350.0,405.4,-702.17,3150.53,3150.53,2.0,150.0,Vertical Landing,OIL_AUTHORIZED
RUD_08,3375.0,405.83,-702.92,3175.52,3175.52,2.0,150.0,Vertical Landing,OIL_AUTHORIZED
RUD_08,3400.0,406.27,-703.68,3200.5,3200.5,2.0,150.0,Vertical Landing,OIL_AUTHORIZED
RUD_08,3425.0,406.71,-704.44,3225.49,3225.49,2.0,150.0,Vertical Landing,OIL_AUTHORIZED
RUD_08,3450.0,407.14,-705.19,3250.47,3250.47,2.0,150.0,Vertical Landing,OIL_AUTHORIZED
RUD_08,3475.0,407.58,-705.95,3275.46,3275.46,2.0,150.0,Vertical Landing,OIL_AUTHORIZED
RUD_08,3500.0,408.02,-706.7,3300.44,3300.44,2.0,150.0,Vertical Landing,OIL_AUTHORIZED
RUD_08,3525.0,408.45,-707.46,3325.43,3325.43,2.0,150.0,Vertical Landing,OIL_AUTHORIZED
RUD_08,3550.0,408.89,-708.21,3350.41,3350.41,2.0,150.0,Total Depth (TD Target),OIL_AUTHORIZED
RUD_15,0.0,0.0,0.0,0.0,0.0,0.0,310.0,Surface Wellhead,OIL_AUTHORIZED
RUD_15,25.0,0.0,0.0,25.0,25.0,0.0,310.0,Vertical Section,OIL_AUTHORIZED
RUD_15,50.0,0.0,0.0,50.0,50.0,0.0,310.0,Vertical Section,OIL_AUTHORIZED
RUD_15,75.0,0.0,0.0,75.0,75.0,0.0,310.0,Vertical Section,OIL_AUTHORIZED
RUD_15,100.0,0.0,0.0,100.0,100.0,0.0,310.0,Vertical Section,OIL_AUTHORIZED
RUD_15,125.0,0.0,0.0,125.0,125.0,0.0,310.0,Vertical Section,OIL_AUTHORIZED
RUD_15,150.0,0.0,0.0,150.0,150.0,0.0,310.0,Vertical Section,OIL_AUTHORIZED
RUD_15,175.0,0.0,0.0,175.0,175.0,0.0,310.0,Vertical Section,OIL_AUTHORIZED
RUD_15,200.0,0.0,0.0,200.0,200.0,0.0,310.0,Vertical Section,OIL_AUTHORIZED
RUD_15,225.0,0.0,0.0,225.0,225.0,0.0,310.0,Vertical Section,OIL_AUTHORIZED
RUD_15,250.0,0.0,0.0,250.0,250.0,0.0,310.0,Vertical Section,OIL_AUTHORIZED
RUD_15,275.0,0.0,0.0,275.0,275.0,0.0,310.0,Vertical Section,OIL_AUTHORIZED
RUD_15,300.0,0.0,0.0,300.0,300.0,0.0,310.0,Vertical Section,OIL_AUTHORIZED
RUD_15,325.0,0.0,0.0,325.0,325.0,0.0,310.0,Vertical Section,OIL_AUTHORIZED
RUD_15,350.0,0.0,0.0,350.0,350.0,0.0,310.0,Vertical Section,OIL_AUTHORIZED
RUD_15,375.0,0.0,0.0,375.0,375.0,0.0,310.0,Vertical Section,OIL_AUTHORIZED
RUD_15,400.0,0.0,0.0,400.0,400.0,0.0,310.0,Vertical Section,OIL_AUTHORIZED
RUD_15,425.0,0.0,0.0,425.0,425.0,0.0,310.0,Vertical Section,OIL_AUTHORIZED
RUD_15,450.0,0.0,0.0,450.0,450.0,0.0,310.0,Vertical Section,OIL_AUTHORIZED
RUD_15,475.0,0.0,0.0,475.0,475.0,0.0,310.0,Vertical Section,OIL_AUTHORIZED
RUD_15,500.0,0.0,0.0,500.0,500.0,0.0,310.0,Vertical Section,OIL_AUTHORIZED
RUD_15,525.0,0.0,0.0,525.0,525.0,0.0,310.0,Vertical Section,OIL_AUTHORIZED
RUD_15,550.0,0.0,0.0,550.0,550.0,0.0,310.0,Vertical Section,OIL_AUTHORIZED
RUD_15,575.0,0.0,0.0,575.0,575.0,0.0,310.0,Vertical Section,OIL_AUTHORIZED
RUD_15,600.0,0.0,0.0,600.0,600.0,0.0,310.0,Vertical Section,OIL_AUTHORIZED
RUD_15,625.0,0.0,0.0,625.0,625.0,0.0,310.0,Vertical Section,OIL_AUTHORIZED
RUD_15,650.0,0.0,0.0,650.0,650.0,0.0,310.0,Vertical Section,OIL_AUTHORIZED
RUD_15,675.0,0.0,0.0,675.0,675.0,0.0,310.0,Vertical Section,OIL_AUTHORIZED
RUD_15,700.0,0.0,0.0,700.0,700.0,0.0,310.0,Vertical Section,OIL_AUTHORIZED
RUD_15,725.0,0.0,0.0,725.0,725.0,0.0,310.0,Vertical Section,OIL_AUTHORIZED
RUD_15,750.0,0.0,0.0,750.0,750.0,0.0,310.0,Vertical Section,OIL_AUTHORIZED
RUD_15,775.0,0.0,0.0,775.0,775.0,0.0,310.0,Vertical Section,OIL_AUTHORIZED
RUD_15,800.0,0.0,0.0,800.0,800.0,0.0,310.0,Vertical Section,OIL_AUTHORIZED
RUD_15,825.0,0.0,0.0,825.0,825.0,0.0,310.0,Vertical Section,OIL_AUTHORIZED
RUD_15,850.0,0.0,0.0,850.0,850.0,0.0,310.0,Vertical Section,OIL_AUTHORIZED
RUD_15,875.0,-0.78,0.65,874.98,874.98,2.33,310.0,Build-up Section (KOP),OIL_AUTHORIZED
RUD_15,900.0,-2.34,1.96,899.9,899.9,4.67,310.0,Build-up Section (KOP),OIL_AUTHORIZED
RUD_15,925.0,-4.67,3.92,924.71,924.71,7.0,310.0,Build-up Section (KOP),OIL_AUTHORIZED
RUD_15,950.0,-7.78,6.53,949.38,949.38,9.33,310.0,Build-up Section (KOP),OIL_AUTHORIZED
RUD_15,975.0,-11.65,9.78,973.86,973.86,11.67,310.0,Build-up Section (KOP),OIL_AUTHORIZED
RUD_15,1000.0,-16.28,13.66,998.12,998.12,14.0,310.0,Build-up Section (KOP),OIL_AUTHORIZED
RUD_15,1025.0,-21.67,18.18,1022.11,1022.11,16.33,310.0,Build-up Section (KOP),OIL_AUTHORIZED
RUD_15,1050.0,-27.8,23.33,1045.8,1045.8,18.67,310.0,Build-up Section (KOP),OIL_AUTHORIZED
RUD_15,1075.0,-34.66,29.08,1069.14,1069.14,21.0,310.0,Build-up Section (KOP),OIL_AUTHORIZED
RUD_15,1100.0,-42.25,35.45,1092.09,1092.09,23.33,310.0,Build-up Section (KOP),OIL_AUTHORIZED
RUD_15,1125.0,-50.54,42.41,1114.62,1114.62,25.67,310.0,Build-up Section (KOP),OIL_AUTHORIZED
RUD_15,1150.0,-59.53,49.95,1136.7,1136.7,28.0,310.0,Build-up Section (KOP),OIL_AUTHORIZED
RUD_15,1175.0,-69.21,58.07,1158.28,1158.28,30.33,310.0,Build-up Section (KOP),OIL_AUTHORIZED
RUD_15,1200.0,-79.54,66.74,1179.32,1179.32,32.67,310.0,Build-up Section (KOP),OIL_AUTHORIZED
RUD_15,1225.0,-90.53,75.96,1199.8,1199.8,35.0,310.0,Build-up Section (KOP),OIL_AUTHORIZED
RUD_15,1250.0,-101.65,85.29,1220.15,1220.15,35.5,310.0,Build-up Section (KOP),OIL_AUTHORIZED
RUD_15,1275.0,-112.77,94.62,1240.51,1240.51,35.5,310.0,Tangent Hold,OIL_AUTHORIZED
RUD_15,1300.0,-123.89,103.96,1260.86,1260.86,35.5,310.0,Tangent Hold,OIL_AUTHORIZED
RUD_15,1325.0,-135.01,113.29,1281.21,1281.21,35.5,310.0,Tangent Hold,OIL_AUTHORIZED
RUD_15,1350.0,-146.13,122.62,1301.56,1301.56,35.5,310.0,Tangent Hold,OIL_AUTHORIZED
RUD_15,1375.0,-157.25,131.95,1321.92,1321.92,35.5,310.0,Tangent Hold,OIL_AUTHORIZED
RUD_15,1400.0,-168.37,141.28,1342.27,1342.27,35.5,310.0,Tangent Hold,OIL_AUTHORIZED
RUD_15,1425.0,-179.5,150.61,1362.62,1362.62,35.5,310.0,Tangent Hold,OIL_AUTHORIZED
RUD_15,1450.0,-190.62,159.95,1382.98,1382.98,35.5,310.0,Tangent Hold,OIL_AUTHORIZED
RUD_15,1475.0,-201.74,169.28,1403.33,1403.33,35.5,310.0,Tangent Hold,OIL_AUTHORIZED
RUD_15,1500.0,-212.86,178.61,1423.68,1423.68,35.5,310.0,Tangent Hold,OIL_AUTHORIZED
RUD_15,1525.0,-223.98,187.94,1444.03,1444.03,35.5,310.0,Tangent Hold,OIL_AUTHORIZED
RUD_15,1550.0,-235.1,197.27,1464.39,1464.39,35.5,310.0,Tangent Hold,OIL_AUTHORIZED
RUD_15,1575.0,-246.22,206.6,1484.74,1484.74,35.5,310.0,Tangent Hold,OIL_AUTHORIZED
RUD_15,1600.0,-257.34,215.94,1505.09,1505.09,35.5,310.0,Tangent Hold,OIL_AUTHORIZED
RUD_15,1625.0,-268.46,225.27,1525.45,1525.45,35.5,310.0,Tangent Hold,OIL_AUTHORIZED
RUD_15,1650.0,-279.59,234.6,1545.8,1545.8,35.5,310.0,Tangent Hold,OIL_AUTHORIZED
RUD_15,1675.0,-290.71,243.93,1566.15,1566.15,35.5,310.0,Tangent Hold,OIL_AUTHORIZED
RUD_15,1700.0,-301.83,253.26,1586.5,1586.5,35.5,310.0,Tangent Hold,OIL_AUTHORIZED
RUD_15,1725.0,-312.95,262.6,1606.86,1606.86,35.5,310.0,Tangent Hold,OIL_AUTHORIZED
RUD_15,1750.0,-324.07,271.93,1627.21,1627.21,35.5,310.0,Tangent Hold,OIL_AUTHORIZED
RUD_15,1775.0,-335.19,281.26,1647.56,1647.56,35.5,310.0,Tangent Hold,OIL_AUTHORIZED
RUD_15,1800.0,-346.31,290.59,1667.92,1667.92,35.5,310.0,Tangent Hold,OIL_AUTHORIZED
RUD_15,1825.0,-357.43,299.92,1688.27,1688.27,35.5,310.0,Tangent Hold,OIL_AUTHORIZED
RUD_15,1850.0,-368.55,309.25,1708.62,1708.62,35.5,310.0,Tangent Hold,OIL_AUTHORIZED
RUD_15,1875.0,-379.68,318.59,1728.97,1728.97,35.5,310.0,Tangent Hold,OIL_AUTHORIZED
RUD_15,1900.0,-390.8,327.92,1749.33,1749.33,35.5,310.0,Tangent Hold,OIL_AUTHORIZED
RUD_15,1925.0,-401.92,337.25,1769.68,1769.68,35.5,310.0,Tangent Hold,OIL_AUTHORIZED
RUD_15,1950.0,-413.04,346.58,1790.03,1790.03,35.5,310.0,Tangent Hold,OIL_AUTHORIZED
RUD_15,1975.0,-424.16,355.91,1810.39,1810.39,35.5,310.0,Tangent Hold,OIL_AUTHORIZED
RUD_15,2000.0,-435.28,365.24,1830.74,1830.74,35.5,310.0,Tangent Hold,OIL_AUTHORIZED
RUD_15,2025.0,-446.4,374.58,1851.09,1851.09,35.5,310.0,Tangent Hold,OIL_AUTHORIZED
RUD_15,2050.0,-457.52,383.91,1871.45,1871.45,35.5,310.0,Tangent Hold,OIL_AUTHORIZED
RUD_15,2075.0,-468.64,393.24,1891.8,1891.8,35.5,310.0,Tangent Hold,OIL_AUTHORIZED
RUD_15,2100.0,-479.77,402.57,1912.15,1912.15,35.5,310.0,Tangent Hold,OIL_AUTHORIZED
RUD_15,2125.0,-490.89,411.9,1932.5,1932.5,35.5,310.0,Tangent Hold,OIL_AUTHORIZED
RUD_15,2150.0,-502.01,421.23,1952.86,1952.86,35.5,310.0,Tangent Hold,OIL_AUTHORIZED
RUD_15,2175.0,-513.13,430.57,1973.21,1973.21,35.5,310.0,Tangent Hold,OIL_AUTHORIZED
RUD_15,2200.0,-524.25,439.9,1993.56,1993.56,35.5,310.0,Tangent Hold,OIL_AUTHORIZED
RUD_15,2225.0,-535.37,449.23,2013.92,2013.92,35.5,310.0,Tangent Hold,OIL_AUTHORIZED
RUD_15,2250.0,-546.49,458.56,2034.27,2034.27,35.5,310.0,Tangent Hold,OIL_AUTHORIZED
RUD_15,2275.0,-557.61,467.89,2054.62,2054.62,35.5,310.0,Tangent Hold,OIL_AUTHORIZED
RUD_15,2300.0,-568.73,477.22,2074.97,2074.97,35.5,310.0,Tangent Hold,OIL_AUTHORIZED
RUD_15,2325.0,-579.86,486.56,2095.33,2095.33,35.5,310.0,Tangent Hold,OIL_AUTHORIZED
RUD_15,2350.0,-590.98,495.89,2115.68,2115.68,35.5,310.0,Tangent Hold,OIL_AUTHORIZED
RUD_15,2375.0,-602.1,505.22,2136.03,2136.03,35.5,310.0,Tangent Hold,OIL_AUTHORIZED
RUD_15,2400.0,-613.22,514.55,2156.39,2156.39,35.5,310.0,Tangent Hold,OIL_AUTHORIZED
RUD_15,2425.0,-624.34,523.88,2176.74,2176.74,35.5,310.0,Tangent Hold,OIL_AUTHORIZED
RUD_15,2450.0,-635.46,533.21,2197.09,2197.09,35.5,310.0,Tangent Hold,OIL_AUTHORIZED
RUD_15,2475.0,-646.58,542.55,2217.44,2217.44,35.5,310.0,Tangent Hold,OIL_AUTHORIZED
RUD_15,2500.0,-657.7,551.88,2237.8,2237.8,35.5,310.0,Tangent Hold,OIL_AUTHORIZED
RUD_15,2525.0,-668.82,561.21,2258.15,2258.15,35.5,310.0,Tangent Hold,OIL_AUTHORIZED
RUD_15,2550.0,-679.95,570.54,2278.5,2278.5,35.5,310.0,Tangent Hold,OIL_AUTHORIZED
RUD_15,2575.0,-691.07,579.87,2298.86,2298.86,35.5,310.0,Tangent Hold,OIL_AUTHORIZED
RUD_15,2600.0,-702.19,589.21,2319.21,2319.21,35.5,310.0,Tangent Hold,OIL_AUTHORIZED
RUD_15,2625.0,-713.31,598.54,2339.56,2339.56,35.5,310.0,Tangent Hold,OIL_AUTHORIZED
RUD_15,2650.0,-724.43,607.87,2359.91,2359.91,35.5,310.0,Tangent Hold,OIL_AUTHORIZED
RUD_15,2675.0,-735.55,617.2,2380.27,2380.27,35.5,310.0,Tangent Hold,OIL_AUTHORIZED
RUD_15,2700.0,-746.67,626.53,2400.62,2400.62,35.5,310.0,Tangent Hold,OIL_AUTHORIZED
RUD_15,2725.0,-757.79,635.86,2420.97,2420.97,35.5,310.0,Tangent Hold,OIL_AUTHORIZED
RUD_15,2750.0,-768.91,645.2,2441.33,2441.33,35.5,310.0,Tangent Hold,OIL_AUTHORIZED
RUD_15,2775.0,-780.04,654.53,2461.68,2461.68,35.5,310.0,Tangent Hold,OIL_AUTHORIZED
RUD_15,2800.0,-791.16,663.86,2482.03,2482.03,35.5,310.0,Tangent Hold,OIL_AUTHORIZED
RUD_15,2825.0,-802.28,673.19,2502.38,2502.38,35.5,310.0,Tangent Hold,OIL_AUTHORIZED
RUD_15,2850.0,-813.4,682.52,2522.74,2522.74,35.5,310.0,Tangent Hold,OIL_AUTHORIZED
RUD_15,2875.0,-824.52,691.85,2543.09,2543.09,35.5,310.0,Tangent Hold,OIL_AUTHORIZED
RUD_15,2900.0,-835.64,701.19,2563.44,2563.44,35.5,310.0,Tangent Hold,OIL_AUTHORIZED
RUD_15,2925.0,-846.76,710.52,2583.8,2583.8,35.5,310.0,Tangent Hold,OIL_AUTHORIZED
RUD_15,2950.0,-857.88,719.85,2604.15,2604.15,35.5,310.0,Tangent Hold,OIL_AUTHORIZED
RUD_15,2975.0,-869.0,729.18,2624.5,2624.5,35.5,310.0,Tangent Hold,OIL_AUTHORIZED
RUD_15,3000.0,-880.13,738.51,2644.85,2644.85,35.5,310.0,Tangent Hold,OIL_AUTHORIZED
RUD_15,3025.0,-891.25,747.84,2665.21,2665.21,35.5,310.0,Tangent Hold,OIL_AUTHORIZED
RUD_15,3050.0,-902.37,757.18,2685.56,2685.56,35.5,310.0,Tangent Hold,OIL_AUTHORIZED
RUD_15,3075.0,-913.49,766.51,2705.91,2705.91,35.5,310.0,Tangent Hold,OIL_AUTHORIZED
RUD_15,3100.0,-924.61,775.84,2726.27,2726.27,35.5,310.0,Tangent Hold,OIL_AUTHORIZED
RUD_15,3125.0,-935.73,785.17,2746.62,2746.62,35.5,310.0,Tangent Hold,OIL_AUTHORIZED
RUD_15,3150.0,-946.85,794.5,2766.97,2766.97,35.5,310.0,Tangent Hold,OIL_AUTHORIZED
RUD_15,3175.0,-957.97,803.83,2787.33,2787.33,35.5,310.0,Tangent Hold,OIL_AUTHORIZED
RUD_15,3200.0,-969.09,813.17,2807.68,2807.68,35.5,310.0,Tangent Hold,OIL_AUTHORIZED
RUD_15,3225.0,-980.22,822.5,2828.03,2828.03,35.5,310.0,Tangent Hold,OIL_AUTHORIZED
RUD_15,3250.0,-991.34,831.83,2848.38,2848.38,35.5,310.0,Tangent Hold,OIL_AUTHORIZED
RUD_15,3275.0,-1002.46,841.16,2868.74,2868.74,35.5,310.0,Tangent Hold,OIL_AUTHORIZED
RUD_15,3300.0,-1013.58,850.49,2889.09,2889.09,35.5,310.0,Tangent Hold,OIL_AUTHORIZED
RUD_15,3325.0,-1024.7,859.82,2909.44,2909.44,35.5,310.0,Tangent Hold,OIL_AUTHORIZED
RUD_15,3350.0,-1035.82,869.16,2929.8,2929.8,35.5,310.0,Tangent Hold,OIL_AUTHORIZED
RUD_15,3375.0,-1046.94,878.49,2950.15,2950.15,35.5,310.0,Tangent Hold,OIL_AUTHORIZED
RUD_15,3400.0,-1058.06,887.82,2970.5,2970.5,35.5,310.0,Tangent Hold,OIL_AUTHORIZED
RUD_15,3425.0,-1069.18,897.15,2990.85,2990.85,35.5,310.0,Tangent Hold,OIL_AUTHORIZED
RUD_15,3450.0,-1080.3,906.48,3011.21,3011.21,35.5,310.0,Tangent Hold,OIL_AUTHORIZED
RUD_15,3475.0,-1091.43,915.82,3031.56,3031.56,35.5,310.0,Tangent Hold,OIL_AUTHORIZED
RUD_15,3500.0,-1102.55,925.15,3051.91,3051.91,35.5,310.0,Tangent Hold,OIL_AUTHORIZED
RUD_15,3525.0,-1113.67,934.48,3072.27,3072.27,35.5,310.0,Tangent Hold,OIL_AUTHORIZED
RUD_15,3550.0,-1124.79,943.81,3092.62,3092.62,35.5,310.0,Tangent Hold,OIL_AUTHORIZED
RUD_15,3575.0,-1135.91,953.14,3112.97,3112.97,35.5,310.0,Tangent Hold,OIL_AUTHORIZED
RUD_15,3600.0,-1147.03,962.47,3133.32,3133.32,35.5,310.0,Tangent Hold,OIL_AUTHORIZED
RUD_15,3625.0,-1158.15,971.81,3153.68,3153.68,35.5,310.0,Tangent Hold,OIL_AUTHORIZED
RUD_15,3650.0,-1169.27,981.14,3174.03,3174.03,35.5,310.0,Tangent Hold,OIL_AUTHORIZED
RUD_15,3675.0,-1180.39,990.47,3194.38,3194.38,35.5,310.0,Tangent Hold,OIL_AUTHORIZED
RUD_15,3700.0,-1191.52,999.8,3214.74,3214.74,35.5,310.0,Tangent Hold,OIL_AUTHORIZED
RUD_15,3725.0,-1202.64,1009.13,3235.09,3235.09,35.5,310.0,Tangent Hold,OIL_AUTHORIZED
RUD_15,3750.0,-1213.76,1018.46,3255.44,3255.44,35.5,310.0,Total Depth (TD Target),OIL_AUTHORIZED
RUD_22,0.0,0.0,0.0,0.0,0.0,0.0,240.0,Surface Wellhead,OIL_AUTHORIZED
RUD_22,25.0,0.0,0.0,25.0,25.0,0.0,240.0,Vertical Section,OIL_AUTHORIZED
RUD_22,50.0,0.0,0.0,50.0,50.0,0.0,240.0,Vertical Section,OIL_AUTHORIZED
RUD_22,75.0,0.0,0.0,75.0,75.0,0.0,240.0,Vertical Section,OIL_AUTHORIZED
RUD_22,100.0,0.0,0.0,100.0,100.0,0.0,240.0,Vertical Section,OIL_AUTHORIZED
RUD_22,125.0,0.0,0.0,125.0,125.0,0.0,240.0,Vertical Section,OIL_AUTHORIZED
RUD_22,150.0,0.0,0.0,150.0,150.0,0.0,240.0,Vertical Section,OIL_AUTHORIZED
RUD_22,175.0,0.0,0.0,175.0,175.0,0.0,240.0,Vertical Section,OIL_AUTHORIZED
RUD_22,200.0,0.0,0.0,200.0,200.0,0.0,240.0,Vertical Section,OIL_AUTHORIZED
RUD_22,225.0,0.0,0.0,225.0,225.0,0.0,240.0,Vertical Section,OIL_AUTHORIZED
RUD_22,250.0,0.0,0.0,250.0,250.0,0.0,240.0,Vertical Section,OIL_AUTHORIZED
RUD_22,275.0,0.0,0.0,275.0,275.0,0.0,240.0,Vertical Section,OIL_AUTHORIZED
RUD_22,300.0,0.0,0.0,300.0,300.0,0.0,240.0,Vertical Section,OIL_AUTHORIZED
RUD_22,325.0,0.0,0.0,325.0,325.0,0.0,240.0,Vertical Section,OIL_AUTHORIZED
RUD_22,350.0,0.0,0.0,350.0,350.0,0.0,240.0,Vertical Section,OIL_AUTHORIZED
RUD_22,375.0,0.0,0.0,375.0,375.0,0.0,240.0,Vertical Section,OIL_AUTHORIZED
RUD_22,400.0,0.0,0.0,400.0,400.0,0.0,240.0,Vertical Section,OIL_AUTHORIZED
RUD_22,425.0,0.0,0.0,425.0,425.0,0.0,240.0,Vertical Section,OIL_AUTHORIZED
RUD_22,450.0,0.0,0.0,450.0,450.0,0.0,240.0,Vertical Section,OIL_AUTHORIZED
RUD_22,475.0,0.0,0.0,475.0,475.0,0.0,240.0,Vertical Section,OIL_AUTHORIZED
RUD_22,500.0,0.0,0.0,500.0,500.0,0.0,240.0,Vertical Section,OIL_AUTHORIZED
RUD_22,525.0,0.0,0.0,525.0,525.0,0.0,240.0,Vertical Section,OIL_AUTHORIZED
RUD_22,550.0,0.0,0.0,550.0,550.0,0.0,240.0,Vertical Section,OIL_AUTHORIZED
RUD_22,575.0,0.0,0.0,575.0,575.0,0.0,240.0,Vertical Section,OIL_AUTHORIZED
RUD_22,600.0,0.0,0.0,600.0,600.0,0.0,240.0,Vertical Section,OIL_AUTHORIZED
RUD_22,625.0,0.0,0.0,625.0,625.0,0.0,240.0,Vertical Section,OIL_AUTHORIZED
RUD_22,650.0,0.0,0.0,650.0,650.0,0.0,240.0,Vertical Section,OIL_AUTHORIZED
RUD_22,675.0,0.0,0.0,675.0,675.0,0.0,240.0,Vertical Section,OIL_AUTHORIZED
RUD_22,700.0,0.0,0.0,700.0,700.0,0.0,240.0,Vertical Section,OIL_AUTHORIZED
RUD_22,725.0,0.0,0.0,725.0,725.0,0.0,240.0,Vertical Section,OIL_AUTHORIZED
RUD_22,750.0,0.0,0.0,750.0,750.0,0.0,240.0,Vertical Section,OIL_AUTHORIZED
RUD_22,775.0,0.0,0.0,775.0,775.0,0.0,240.0,Vertical Section,OIL_AUTHORIZED
RUD_22,800.0,0.0,0.0,800.0,800.0,0.0,240.0,Vertical Section,OIL_AUTHORIZED
RUD_22,825.0,0.0,0.0,825.0,825.0,0.0,240.0,Vertical Section,OIL_AUTHORIZED
RUD_22,850.0,0.0,0.0,850.0,850.0,0.0,240.0,Vertical Section,OIL_AUTHORIZED
RUD_22,875.0,0.0,0.0,875.0,875.0,0.0,240.0,Vertical Section,OIL_AUTHORIZED
RUD_22,900.0,0.0,0.0,900.0,900.0,0.0,240.0,Vertical Section,OIL_AUTHORIZED
RUD_22,925.0,0.0,0.0,925.0,925.0,0.0,240.0,Vertical Section,OIL_AUTHORIZED
RUD_22,950.0,0.0,0.0,950.0,950.0,0.0,240.0,Vertical Section,OIL_AUTHORIZED
RUD_22,975.0,0.0,0.0,975.0,975.0,0.0,240.0,Vertical Section,OIL_AUTHORIZED
RUD_22,1000.0,0.0,0.0,1000.0,1000.0,0.0,240.0,Vertical Section,OIL_AUTHORIZED
RUD_22,1025.0,0.0,0.0,1025.0,1025.0,0.0,240.0,Vertical Section,OIL_AUTHORIZED
RUD_22,1050.0,0.0,0.0,1050.0,1050.0,0.0,240.0,Vertical Section,OIL_AUTHORIZED
RUD_22,1075.0,0.0,0.0,1075.0,1075.0,0.0,240.0,Vertical Section,OIL_AUTHORIZED
RUD_22,1100.0,0.0,0.0,1100.0,1100.0,0.0,240.0,Vertical Section,OIL_AUTHORIZED
RUD_22,1125.0,0.0,0.0,1125.0,1125.0,0.0,240.0,Vertical Section,OIL_AUTHORIZED
RUD_22,1150.0,0.0,0.0,1150.0,1150.0,0.0,240.0,Vertical Section,OIL_AUTHORIZED
RUD_22,1175.0,0.0,0.0,1175.0,1175.0,0.0,240.0,Vertical Section,OIL_AUTHORIZED
RUD_22,1200.0,0.0,0.0,1200.0,1200.0,0.0,240.0,Vertical Section,OIL_AUTHORIZED
RUD_22,1225.0,0.0,0.0,1225.0,1225.0,0.0,240.0,Vertical Section,OIL_AUTHORIZED
RUD_22,1250.0,0.0,0.0,1250.0,1250.0,0.0,240.0,Vertical Section,OIL_AUTHORIZED
RUD_22,1275.0,0.0,0.0,1275.0,1275.0,0.0,240.0,Vertical Section,OIL_AUTHORIZED
RUD_22,1300.0,0.0,0.0,1300.0,1300.0,0.0,240.0,Vertical Section,OIL_AUTHORIZED
RUD_22,1325.0,0.0,0.0,1325.0,1325.0,0.0,240.0,Vertical Section,OIL_AUTHORIZED
RUD_22,1350.0,0.0,0.0,1350.0,1350.0,0.0,240.0,Vertical Section,OIL_AUTHORIZED
RUD_22,1375.0,0.0,0.0,1375.0,1375.0,0.0,240.0,Vertical Section,OIL_AUTHORIZED
RUD_22,1400.0,0.0,0.0,1400.0,1400.0,0.0,240.0,Vertical Section,OIL_AUTHORIZED
RUD_22,1425.0,0.0,0.0,1425.0,1425.0,0.0,240.0,Vertical Section,OIL_AUTHORIZED
RUD_22,1450.0,0.0,0.0,1450.0,1450.0,0.0,240.0,Vertical Section,OIL_AUTHORIZED
RUD_22,1475.0,0.0,0.0,1475.0,1475.0,0.0,240.0,Vertical Section,OIL_AUTHORIZED
RUD_22,1500.0,0.0,0.0,1500.0,1500.0,0.0,240.0,Vertical Section,OIL_AUTHORIZED
RUD_22,1525.0,-1.51,-0.87,1524.94,1524.94,4.0,240.0,Build-up Section (KOP),OIL_AUTHORIZED
RUD_22,1550.0,-4.52,-2.61,1549.7,1549.7,8.0,240.0,Build-up Section (KOP),OIL_AUTHORIZED
RUD_22,1575.0,-9.02,-5.21,1574.15,1574.15,12.0,240.0,Build-up Section (KOP),OIL_AUTHORIZED
RUD_22,1600.0,-14.99,-8.66,1598.18,1598.18,16.0,240.0,Build-up Section (KOP),OIL_AUTHORIZED
RUD_22,1625.0,-22.4,-12.93,1621.67,1621.67,20.0,240.0,Build-up Section (KOP),OIL_AUTHORIZED
RUD_22,1650.0,-31.2,-18.02,1644.51,1644.51,24.0,240.0,Build-up Section (KOP),OIL_AUTHORIZED
RUD_22,1675.0,-41.37,-23.88,1666.59,1666.59,28.0,240.0,Build-up Section (KOP),OIL_AUTHORIZED
RUD_22,1700.0,-52.84,-30.51,1687.79,1687.79,32.0,240.0,Build-up Section (KOP),OIL_AUTHORIZED
RUD_22,1725.0,-65.57,-37.86,1708.01,1708.01,36.0,240.0,Build-up Section (KOP),OIL_AUTHORIZED
RUD_22,1750.0,-79.48,-45.89,1727.16,1727.16,40.0,240.0,Build-up Section (KOP),OIL_AUTHORIZED
RUD_22,1775.0,-94.52,-54.57,1745.15,1745.15,44.0,240.0,Build-up Section (KOP),OIL_AUTHORIZED
RUD_22,1800.0,-110.61,-63.86,1761.88,1761.88,48.0,240.0,Build-up Section (KOP),OIL_AUTHORIZED
RUD_22,1825.0,-127.67,-73.71,1777.27,1777.27,52.0,240.0,Build-up Section (KOP),OIL_AUTHORIZED
RUD_22,1850.0,-145.62,-84.08,1791.25,1791.25,56.0,240.0,Build-up Section (KOP),OIL_AUTHORIZED
RUD_22,1875.0,-164.37,-94.9,1803.75,1803.75,60.0,240.0,Build-up Section (KOP),OIL_AUTHORIZED
RUD_22,1900.0,-183.83,-106.14,1814.71,1814.71,64.0,240.0,Build-up Section (KOP),OIL_AUTHORIZED
RUD_22,1925.0,-203.91,-117.73,1824.07,1824.07,68.0,240.0,Build-up Section (KOP),OIL_AUTHORIZED
RUD_22,1950.0,-224.5,-129.61,1831.8,1831.8,72.0,240.0,Build-up Section (KOP),OIL_AUTHORIZED
RUD_22,1975.0,-245.51,-141.74,1837.84,1837.84,76.0,240.0,Build-up Section (KOP),OIL_AUTHORIZED
RUD_22,2000.0,-266.83,-154.05,1842.19,1842.19,80.0,240.0,Build-up Section (KOP),OIL_AUTHORIZED
RUD_22,2025.0,-288.27,-166.43,1845.66,1845.66,82.0,240.0,Build-up Section (KOP),OIL_AUTHORIZED
RUD_22,2050.0,-309.71,-178.81,1849.14,1849.14,82.0,240.0,Tangent Hold,OIL_AUTHORIZED
RUD_22,2075.0,-331.15,-191.19,1852.62,1852.62,82.0,240.0,Tangent Hold,OIL_AUTHORIZED
RUD_22,2100.0,-352.59,-203.57,1856.1,1856.1,82.0,240.0,Tangent Hold,OIL_AUTHORIZED
RUD_22,2125.0,-374.03,-215.94,1859.58,1859.58,82.0,240.0,Tangent Hold,OIL_AUTHORIZED
RUD_22,2150.0,-395.47,-228.32,1863.06,1863.06,82.0,240.0,Tangent Hold,OIL_AUTHORIZED
RUD_22,2175.0,-416.91,-240.7,1866.54,1866.54,82.0,240.0,Tangent Hold,OIL_AUTHORIZED
RUD_22,2200.0,-438.35,-253.08,1870.02,1870.02,82.0,240.0,Tangent Hold,OIL_AUTHORIZED
RUD_22,2225.0,-459.79,-265.46,1873.5,1873.5,82.0,240.0,Tangent Hold,OIL_AUTHORIZED
RUD_22,2250.0,-481.23,-277.84,1876.98,1876.98,82.0,240.0,Tangent Hold,OIL_AUTHORIZED
RUD_22,2275.0,-502.67,-290.21,1880.46,1880.46,82.0,240.0,Tangent Hold,OIL_AUTHORIZED
RUD_22,2300.0,-524.11,-302.59,1883.94,1883.94,82.0,240.0,Tangent Hold,OIL_AUTHORIZED
RUD_22,2325.0,-545.55,-314.97,1887.42,1887.42,82.0,240.0,Tangent Hold,OIL_AUTHORIZED
RUD_22,2350.0,-566.99,-327.35,1890.9,1890.9,82.0,240.0,Tangent Hold,OIL_AUTHORIZED
RUD_22,2375.0,-588.43,-339.73,1894.38,1894.38,82.0,240.0,Tangent Hold,OIL_AUTHORIZED
RUD_22,2400.0,-609.87,-352.11,1897.85,1897.85,82.0,240.0,Tangent Hold,OIL_AUTHORIZED
RUD_22,2425.0,-631.31,-364.48,1901.33,1901.33,82.0,240.0,Tangent Hold,OIL_AUTHORIZED
RUD_22,2450.0,-652.75,-376.86,1904.81,1904.81,82.0,240.0,Tangent Hold,OIL_AUTHORIZED
RUD_22,2475.0,-674.19,-389.24,1908.29,1908.29,82.0,240.0,Tangent Hold,OIL_AUTHORIZED
RUD_22,2500.0,-695.63,-401.62,1911.77,1911.77,82.0,240.0,Tangent Hold,OIL_AUTHORIZED
RUD_22,2525.0,-717.07,-414.0,1915.25,1915.25,82.0,240.0,Tangent Hold,OIL_AUTHORIZED
RUD_22,2550.0,-738.51,-426.38,1918.73,1918.73,82.0,240.0,Tangent Hold,OIL_AUTHORIZED
RUD_22,2575.0,-759.95,-438.75,1922.21,1922.21,82.0,240.0,Tangent Hold,OIL_AUTHORIZED
RUD_22,2600.0,-781.39,-451.13,1925.69,1925.69,82.0,240.0,Tangent Hold,OIL_AUTHORIZED
RUD_22,2625.0,-802.83,-463.51,1929.17,1929.17,82.0,240.0,Tangent Hold,OIL_AUTHORIZED
RUD_22,2650.0,-824.27,-475.89,1932.65,1932.65,82.0,240.0,Tangent Hold,OIL_AUTHORIZED
RUD_22,2675.0,-845.71,-488.27,1936.13,1936.13,82.0,240.0,Tangent Hold,OIL_AUTHORIZED
RUD_22,2700.0,-867.15,-500.65,1939.61,1939.61,82.0,240.0,Tangent Hold,OIL_AUTHORIZED
RUD_22,2725.0,-888.59,-513.02,1943.09,1943.09,82.0,240.0,Tangent Hold,OIL_AUTHORIZED
RUD_22,2750.0,-910.03,-525.4,1946.57,1946.57,82.0,240.0,Tangent Hold,OIL_AUTHORIZED
RUD_22,2775.0,-931.46,-537.78,1950.04,1950.04,82.0,240.0,Tangent Hold,OIL_AUTHORIZED
RUD_22,2800.0,-952.9,-550.16,1953.52,1953.52,82.0,240.0,Tangent Hold,OIL_AUTHORIZED
RUD_22,2825.0,-974.34,-562.54,1957.0,1957.0,82.0,240.0,Tangent Hold,OIL_AUTHORIZED
RUD_22,2850.0,-995.78,-574.92,1960.48,1960.48,82.0,240.0,Tangent Hold,OIL_AUTHORIZED
RUD_22,2875.0,-1017.22,-587.29,1963.96,1963.96,82.0,240.0,Tangent Hold,OIL_AUTHORIZED
RUD_22,2900.0,-1038.66,-599.67,1967.44,1967.44,82.0,240.0,Tangent Hold,OIL_AUTHORIZED
RUD_22,2925.0,-1060.1,-612.05,1970.92,1970.92,82.0,240.0,Tangent Hold,OIL_AUTHORIZED
RUD_22,2950.0,-1081.54,-624.43,1974.4,1974.4,82.0,240.0,Tangent Hold,OIL_AUTHORIZED
RUD_22,2975.0,-1102.98,-636.81,1977.88,1977.88,82.0,240.0,Tangent Hold,OIL_AUTHORIZED
RUD_22,3000.0,-1124.42,-649.19,1981.36,1981.36,82.0,240.0,Tangent Hold,OIL_AUTHORIZED
RUD_22,3025.0,-1145.86,-661.57,1984.84,1984.84,82.0,240.0,Tangent Hold,OIL_AUTHORIZED
RUD_22,3050.0,-1167.3,-673.94,1988.32,1988.32,82.0,240.0,Tangent Hold,OIL_AUTHORIZED
RUD_22,3075.0,-1188.74,-686.32,1991.8,1991.8,82.0,240.0,Tangent Hold,OIL_AUTHORIZED
RUD_22,3100.0,-1210.18,-698.7,1995.28,1995.28,82.0,240.0,Tangent Hold,OIL_AUTHORIZED
RUD_22,3125.0,-1231.62,-711.08,1998.76,1998.76,82.0,240.0,Tangent Hold,OIL_AUTHORIZED
RUD_22,3150.0,-1253.06,-723.46,2002.23,2002.23,82.0,240.0,Tangent Hold,OIL_AUTHORIZED
RUD_22,3175.0,-1274.5,-735.84,2005.71,2005.71,82.0,240.0,Tangent Hold,OIL_AUTHORIZED
RUD_22,3200.0,-1295.94,-748.21,2009.19,2009.19,82.0,240.0,Tangent Hold,OIL_AUTHORIZED
RUD_22,3225.0,-1317.38,-760.59,2012.67,2012.67,82.0,240.0,Tangent Hold,OIL_AUTHORIZED
RUD_22,3250.0,-1338.82,-772.97,2016.15,2016.15,82.0,240.0,Tangent Hold,OIL_AUTHORIZED
RUD_22,3275.0,-1360.26,-785.35,2019.63,2019.63,82.0,240.0,Tangent Hold,OIL_AUTHORIZED
RUD_22,3300.0,-1381.7,-797.73,2023.11,2023.11,82.0,240.0,Tangent Hold,OIL_AUTHORIZED
RUD_22,3325.0,-1403.14,-810.11,2026.59,2026.59,82.0,240.0,Tangent Hold,OIL_AUTHORIZED
RUD_22,3350.0,-1424.58,-822.48,2030.07,2030.07,82.0,240.0,Tangent Hold,OIL_AUTHORIZED
RUD_22,3375.0,-1446.02,-834.86,2033.55,2033.55,82.0,240.0,Total Depth (TD Target),OIL_AUTHORIZED
SIB_07,0.0,0.0,0.0,0.0,0.0,0.0,200.0,Surface Wellhead,OIL_AUTHORIZED
SIB_07,25.0,0.0,0.0,25.0,25.0,0.0,200.0,Vertical Section,OIL_AUTHORIZED
SIB_07,50.0,0.0,0.0,50.0,50.0,0.0,200.0,Vertical Section,OIL_AUTHORIZED
SIB_07,75.0,0.0,0.0,75.0,75.0,0.0,200.0,Vertical Section,OIL_AUTHORIZED
SIB_07,100.0,0.0,0.0,100.0,100.0,0.0,200.0,Vertical Section,OIL_AUTHORIZED
SIB_07,125.0,0.0,0.0,125.0,125.0,0.0,200.0,Vertical Section,OIL_AUTHORIZED
SIB_07,150.0,0.0,0.0,150.0,150.0,0.0,200.0,Vertical Section,OIL_AUTHORIZED
SIB_07,175.0,0.0,0.0,175.0,175.0,0.0,200.0,Vertical Section,OIL_AUTHORIZED
SIB_07,200.0,0.0,0.0,200.0,200.0,0.0,200.0,Vertical Section,OIL_AUTHORIZED
SIB_07,225.0,0.0,0.0,225.0,225.0,0.0,200.0,Vertical Section,OIL_AUTHORIZED
SIB_07,250.0,0.0,0.0,250.0,250.0,0.0,200.0,Vertical Section,OIL_AUTHORIZED
SIB_07,275.0,0.0,0.0,275.0,275.0,0.0,200.0,Vertical Section,OIL_AUTHORIZED
SIB_07,300.0,0.0,0.0,300.0,300.0,0.0,200.0,Vertical Section,OIL_AUTHORIZED
SIB_07,325.0,0.0,0.0,325.0,325.0,0.0,200.0,Vertical Section,OIL_AUTHORIZED
SIB_07,350.0,0.0,0.0,350.0,350.0,0.0,200.0,Vertical Section,OIL_AUTHORIZED
SIB_07,375.0,0.0,0.0,375.0,375.0,0.0,200.0,Vertical Section,OIL_AUTHORIZED
SIB_07,400.0,0.0,0.0,400.0,400.0,0.0,200.0,Vertical Section,OIL_AUTHORIZED
SIB_07,425.0,0.0,0.0,425.0,425.0,0.0,200.0,Vertical Section,OIL_AUTHORIZED
SIB_07,450.0,0.0,0.0,450.0,450.0,0.0,200.0,Vertical Section,OIL_AUTHORIZED
SIB_07,475.0,0.0,0.0,475.0,475.0,0.0,200.0,Vertical Section,OIL_AUTHORIZED
SIB_07,500.0,0.0,0.0,500.0,500.0,0.0,200.0,Vertical Section,OIL_AUTHORIZED
SIB_07,525.0,0.0,0.0,525.0,525.0,0.0,200.0,Vertical Section,OIL_AUTHORIZED
SIB_07,550.0,0.0,0.0,550.0,550.0,0.0,200.0,Vertical Section,OIL_AUTHORIZED
SIB_07,575.0,0.0,0.0,575.0,575.0,0.0,200.0,Vertical Section,OIL_AUTHORIZED
SIB_07,600.0,0.0,0.0,600.0,600.0,0.0,200.0,Vertical Section,OIL_AUTHORIZED
SIB_07,625.0,0.0,0.0,625.0,625.0,0.0,200.0,Vertical Section,OIL_AUTHORIZED
SIB_07,650.0,0.0,0.0,650.0,650.0,0.0,200.0,Vertical Section,OIL_AUTHORIZED
SIB_07,675.0,-0.31,-0.85,674.98,674.98,2.08,200.0,Build-up Section (KOP),OIL_AUTHORIZED
SIB_07,700.0,-0.93,-2.56,699.92,699.92,4.17,200.0,Build-up Section (KOP),OIL_AUTHORIZED
SIB_07,725.0,-1.86,-5.12,724.77,724.77,6.25,200.0,Build-up Section (KOP),OIL_AUTHORIZED
SIB_07,750.0,-3.1,-8.52,749.5,749.5,8.33,200.0,Build-up Section (KOP),OIL_AUTHORIZED
SIB_07,775.0,-4.65,-12.77,774.09,774.09,10.42,200.0,Build-up Section (KOP),OIL_AUTHORIZED
SIB_07,800.0,-6.5,-17.86,798.5,798.5,12.5,200.0,Build-up Section (KOP),OIL_AUTHORIZED
SIB_07,825.0,-8.65,-23.77,822.69,822.69,14.58,200.0,Build-up Section (KOP),OIL_AUTHORIZED
SIB_07,850.0,-11.1,-30.51,846.64,846.64,16.67,200.0,Build-up Section (KOP),OIL_AUTHORIZED
SIB_07,875.0,-13.85,-38.06,870.32,870.32,18.75,200.0,Build-up Section (KOP),OIL_AUTHORIZED
SIB_07,900.0,-16.89,-46.41,893.68,893.68,20.83,200.0,Build-up Section (KOP),OIL_AUTHORIZED
SIB_07,925.0,-20.22,-55.56,916.71,916.71,22.92,200.0,Build-up Section (KOP),OIL_AUTHORIZED
SIB_07,950.0,-23.84,-65.49,939.37,939.37,25.0,200.0,Build-up Section (KOP),OIL_AUTHORIZED
SIB_07,975.0,-27.73,-76.19,961.63,961.63,27.08,200.0,Build-up Section (KOP),OIL_AUTHORIZED
SIB_07,1000.0,-31.87,-87.58,983.49,983.49,29.0,200.0,Build-up Section (KOP),OIL_AUTHORIZED
SIB_07,1025.0,-36.02,-98.96,1005.36,1005.36,29.0,200.0,Tangent Hold,OIL_AUTHORIZED
SIB_07,1050.0,-40.17,-110.35,1027.22,1027.22,29.0,200.0,Tangent Hold,OIL_AUTHORIZED
SIB_07,1075.0,-44.31,-121.74,1049.09,1049.09,29.0,200.0,Tangent Hold,OIL_AUTHORIZED
SIB_07,1100.0,-48.46,-133.13,1070.95,1070.95,29.0,200.0,Tangent Hold,OIL_AUTHORIZED
SIB_07,1125.0,-52.6,-144.52,1092.82,1092.82,29.0,200.0,Tangent Hold,OIL_AUTHORIZED
SIB_07,1150.0,-56.75,-155.91,1114.68,1114.68,29.0,200.0,Tangent Hold,OIL_AUTHORIZED
SIB_07,1175.0,-60.89,-167.3,1136.55,1136.55,29.0,200.0,Tangent Hold,OIL_AUTHORIZED
SIB_07,1200.0,-65.04,-178.69,1158.42,1158.42,29.0,200.0,Tangent Hold,OIL_AUTHORIZED
SIB_07,1225.0,-69.18,-190.08,1180.28,1180.28,29.0,200.0,Tangent Hold,OIL_AUTHORIZED
SIB_07,1250.0,-73.33,-201.47,1202.15,1202.15,29.0,200.0,Tangent Hold,OIL_AUTHORIZED
SIB_07,1275.0,-77.47,-212.86,1224.01,1224.01,29.0,200.0,Tangent Hold,OIL_AUTHORIZED
SIB_07,1300.0,-81.62,-224.25,1245.88,1245.88,29.0,200.0,Tangent Hold,OIL_AUTHORIZED
SIB_07,1325.0,-85.76,-235.64,1267.74,1267.74,29.0,200.0,Tangent Hold,OIL_AUTHORIZED
SIB_07,1350.0,-89.91,-247.03,1289.61,1289.61,29.0,200.0,Tangent Hold,OIL_AUTHORIZED
SIB_07,1375.0,-94.06,-258.42,1311.47,1311.47,29.0,200.0,Tangent Hold,OIL_AUTHORIZED
SIB_07,1400.0,-98.2,-269.8,1333.34,1333.34,29.0,200.0,Tangent Hold,OIL_AUTHORIZED
SIB_07,1425.0,-102.35,-281.19,1355.21,1355.21,29.0,200.0,Tangent Hold,OIL_AUTHORIZED
SIB_07,1450.0,-106.49,-292.58,1377.07,1377.07,29.0,200.0,Tangent Hold,OIL_AUTHORIZED
SIB_07,1475.0,-110.64,-303.97,1398.94,1398.94,29.0,200.0,Tangent Hold,OIL_AUTHORIZED
SIB_07,1500.0,-114.78,-315.36,1420.8,1420.8,29.0,200.0,Tangent Hold,OIL_AUTHORIZED
SIB_07,1525.0,-118.93,-326.75,1442.67,1442.67,29.0,200.0,Tangent Hold,OIL_AUTHORIZED
SIB_07,1550.0,-123.07,-338.14,1464.53,1464.53,29.0,200.0,Tangent Hold,OIL_AUTHORIZED
SIB_07,1575.0,-127.22,-349.53,1486.4,1486.4,29.0,200.0,Tangent Hold,OIL_AUTHORIZED
SIB_07,1600.0,-131.36,-360.92,1508.26,1508.26,29.0,200.0,Tangent Hold,OIL_AUTHORIZED
SIB_07,1625.0,-135.51,-372.31,1530.13,1530.13,29.0,200.0,Tangent Hold,OIL_AUTHORIZED
SIB_07,1650.0,-139.65,-383.7,1551.99,1551.99,29.0,200.0,Tangent Hold,OIL_AUTHORIZED
SIB_07,1675.0,-143.8,-395.09,1573.86,1573.86,29.0,200.0,Tangent Hold,OIL_AUTHORIZED
SIB_07,1700.0,-147.95,-406.48,1595.73,1595.73,29.0,200.0,Tangent Hold,OIL_AUTHORIZED
SIB_07,1725.0,-152.09,-417.87,1617.59,1617.59,29.0,200.0,Tangent Hold,OIL_AUTHORIZED
SIB_07,1750.0,-156.24,-429.25,1639.46,1639.46,29.0,200.0,Tangent Hold,OIL_AUTHORIZED
SIB_07,1775.0,-160.38,-440.64,1661.32,1661.32,29.0,200.0,Tangent Hold,OIL_AUTHORIZED
SIB_07,1800.0,-164.53,-452.03,1683.19,1683.19,29.0,200.0,Tangent Hold,OIL_AUTHORIZED
SIB_07,1825.0,-168.67,-463.42,1705.05,1705.05,29.0,200.0,Tangent Hold,OIL_AUTHORIZED
SIB_07,1850.0,-172.82,-474.81,1726.92,1726.92,29.0,200.0,Tangent Hold,OIL_AUTHORIZED
SIB_07,1875.0,-176.96,-486.2,1748.78,1748.78,29.0,200.0,Tangent Hold,OIL_AUTHORIZED
SIB_07,1900.0,-181.11,-497.59,1770.65,1770.65,29.0,200.0,Tangent Hold,OIL_AUTHORIZED
SIB_07,1925.0,-185.25,-508.98,1792.52,1792.52,29.0,200.0,Tangent Hold,OIL_AUTHORIZED
SIB_07,1950.0,-189.4,-520.37,1814.38,1814.38,29.0,200.0,Tangent Hold,OIL_AUTHORIZED
SIB_07,1975.0,-193.54,-531.76,1836.25,1836.25,29.0,200.0,Tangent Hold,OIL_AUTHORIZED
SIB_07,2000.0,-197.69,-543.15,1858.11,1858.11,29.0,200.0,Tangent Hold,OIL_AUTHORIZED
SIB_07,2025.0,-201.83,-554.54,1879.98,1879.98,29.0,200.0,Tangent Hold,OIL_AUTHORIZED
SIB_07,2050.0,-205.98,-565.93,1901.84,1901.84,29.0,200.0,Tangent Hold,OIL_AUTHORIZED
SIB_07,2075.0,-210.13,-577.32,1923.71,1923.71,29.0,200.0,Tangent Hold,OIL_AUTHORIZED
SIB_07,2100.0,-214.27,-588.7,1945.57,1945.57,29.0,200.0,Tangent Hold,OIL_AUTHORIZED
SIB_07,2125.0,-218.18,-599.43,1967.82,1967.82,27.17,200.0,Drop-off Section,OIL_AUTHORIZED
SIB_07,2150.0,-221.83,-609.48,1990.41,1990.41,25.33,200.0,Drop-off Section,OIL_AUTHORIZED
SIB_07,2175.0,-225.24,-618.85,2013.34,2013.34,23.5,200.0,Drop-off Section,OIL_AUTHORIZED
SIB_07,2200.0,-228.4,-627.52,2036.57,2036.57,21.67,200.0,Drop-off Section,OIL_AUTHORIZED
SIB_07,2225.0,-231.3,-635.49,2060.09,2060.09,19.83,200.0,Drop-off Section,OIL_AUTHORIZED
SIB_07,2250.0,-233.94,-642.75,2083.87,2083.87,18.0,200.0,Drop-off Section,OIL_AUTHORIZED
SIB_07,2275.0,-236.32,-649.3,2107.88,2107.88,16.17,200.0,Drop-off Section,OIL_AUTHORIZED
SIB_07,2300.0,-238.44,-655.11,2132.1,2132.1,14.33,200.0,Drop-off Section,OIL_AUTHORIZED
SIB_07,2325.0,-240.29,-660.2,2156.51,2156.51,12.5,200.0,Drop-off Section,OIL_AUTHORIZED
SIB_07,2350.0,-241.87,-664.54,2181.07,2181.07,10.67,200.0,Drop-off Section,OIL_AUTHORIZED
SIB_07,2375.0,-243.19,-668.15,2205.78,2205.78,8.83,200.0,Drop-off Section,OIL_AUTHORIZED
SIB_07,2400.0,-244.23,-671.01,2230.59,2230.59,7.0,200.0,Drop-off Section,OIL_AUTHORIZED
SIB_07,2425.0,-245.0,-673.13,2255.49,2255.49,5.17,200.0,Drop-off Section,OIL_AUTHORIZED
SIB_07,2450.0,-245.5,-674.5,2280.45,2280.45,3.33,200.0,Drop-off Section,OIL_AUTHORIZED
SIB_07,2475.0,-245.79,-675.32,2305.43,2305.43,2.0,200.0,Drop-off Section,OIL_AUTHORIZED
SIB_07,2500.0,-246.09,-676.14,2330.42,2330.42,2.0,200.0,Vertical Landing,OIL_AUTHORIZED
SIB_07,2525.0,-246.39,-676.96,2355.4,2355.4,2.0,200.0,Vertical Landing,OIL_AUTHORIZED
SIB_07,2550.0,-246.69,-677.78,2380.39,2380.39,2.0,200.0,Vertical Landing,OIL_AUTHORIZED
SIB_07,2575.0,-246.99,-678.6,2405.37,2405.37,2.0,200.0,Vertical Landing,OIL_AUTHORIZED
SIB_07,2600.0,-247.29,-679.42,2430.36,2430.36,2.0,200.0,Vertical Landing,OIL_AUTHORIZED
SIB_07,2625.0,-247.59,-680.24,2455.34,2455.34,2.0,200.0,Vertical Landing,OIL_AUTHORIZED
SIB_07,2650.0,-247.88,-681.05,2480.33,2480.33,2.0,200.0,Vertical Landing,OIL_AUTHORIZED
SIB_07,2675.0,-248.18,-681.87,2505.31,2505.31,2.0,200.0,Vertical Landing,OIL_AUTHORIZED
SIB_07,2700.0,-248.48,-682.69,2530.29,2530.29,2.0,200.0,Vertical Landing,OIL_AUTHORIZED
SIB_07,2725.0,-248.78,-683.51,2555.28,2555.28,2.0,200.0,Vertical Landing,OIL_AUTHORIZED
SIB_07,2750.0,-249.08,-684.33,2580.26,2580.26,2.0,200.0,Vertical Landing,OIL_AUTHORIZED
SIB_07,2775.0,-249.38,-685.15,2605.25,2605.25,2.0,200.0,Vertical Landing,OIL_AUTHORIZED
SIB_07,2800.0,-249.67,-685.97,2630.23,2630.23,2.0,200.0,Vertical Landing,OIL_AUTHORIZED
SIB_07,2825.0,-249.97,-686.79,2655.22,2655.22,2.0,200.0,Vertical Landing,OIL_AUTHORIZED
SIB_07,2850.0,-250.27,-687.61,2680.2,2680.2,2.0,200.0,Vertical Landing,OIL_AUTHORIZED
SIB_07,2875.0,-250.57,-688.43,2705.19,2705.19,2.0,200.0,Vertical Landing,OIL_AUTHORIZED
SIB_07,2900.0,-250.87,-689.25,2730.17,2730.17,2.0,200.0,Vertical Landing,OIL_AUTHORIZED
SIB_07,2925.0,-251.17,-690.07,2755.16,2755.16,2.0,200.0,Vertical Landing,OIL_AUTHORIZED
SIB_07,2950.0,-251.46,-690.89,2780.14,2780.14,2.0,200.0,Vertical Landing,OIL_AUTHORIZED
SIB_07,2975.0,-251.76,-691.71,2805.13,2805.13,2.0,200.0,Vertical Landing,OIL_AUTHORIZED
SIB_07,3000.0,-252.06,-692.53,2830.11,2830.11,2.0,200.0,Vertical Landing,OIL_AUTHORIZED
SIB_07,3025.0,-252.36,-693.35,2855.1,2855.1,2.0,200.0,Vertical Landing,OIL_AUTHORIZED
SIB_07,3050.0,-252.66,-694.17,2880.08,2880.08,2.0,200.0,Vertical Landing,OIL_AUTHORIZED
SIB_07,3075.0,-252.96,-694.99,2905.07,2905.07,2.0,200.0,Vertical Landing,OIL_AUTHORIZED
SIB_07,3100.0,-253.26,-695.81,2930.05,2930.05,2.0,200.0,Vertical Landing,OIL_AUTHORIZED
SIB_07,3125.0,-253.55,-696.63,2955.04,2955.04,2.0,200.0,Vertical Landing,OIL_AUTHORIZED
SIB_07,3150.0,-253.85,-697.45,2980.02,2980.02,2.0,200.0,Vertical Landing,OIL_AUTHORIZED
SIB_07,3175.0,-254.15,-698.27,3005.01,3005.01,2.0,200.0,Vertical Landing,OIL_AUTHORIZED
SIB_07,3200.0,-254.45,-699.09,3029.99,3029.99,2.0,200.0,Vertical Landing,OIL_AUTHORIZED
SIB_07,3225.0,-254.75,-699.91,3054.97,3054.97,2.0,200.0,Vertical Landing,OIL_AUTHORIZED
SIB_07,3250.0,-255.05,-700.73,3079.96,3079.96,2.0,200.0,Vertical Landing,OIL_AUTHORIZED
SIB_07,3275.0,-255.34,-701.55,3104.94,3104.94,2.0,200.0,Vertical Landing,OIL_AUTHORIZED
SIB_07,3300.0,-255.64,-702.37,3129.93,3129.93,2.0,200.0,Vertical Landing,OIL_AUTHORIZED
SIB_07,3325.0,-255.94,-703.19,3154.91,3154.91,2.0,200.0,Vertical Landing,OIL_AUTHORIZED
SIB_07,3350.0,-256.24,-704.01,3179.9,3179.9,2.0,200.0,Vertical Landing,OIL_AUTHORIZED
SIB_07,3375.0,-256.54,-704.83,3204.88,3204.88,2.0,200.0,Vertical Landing,OIL_AUTHORIZED
SIB_07,3400.0,-256.84,-705.65,3229.87,3229.87,2.0,200.0,Vertical Landing,OIL_AUTHORIZED
SIB_07,3425.0,-257.13,-706.47,3254.85,3254.85,2.0,200.0,Vertical Landing,OIL_AUTHORIZED
SIB_07,3450.0,-257.43,-707.29,3279.84,3279.84,2.0,200.0,Vertical Landing,OIL_AUTHORIZED
SIB_07,3475.0,-257.73,-708.11,3304.82,3304.82,2.0,200.0,Vertical Landing,OIL_AUTHORIZED
SIB_07,3500.0,-258.03,-708.93,3329.81,3329.81,2.0,200.0,Vertical Landing,OIL_AUTHORIZED
SIB_07,3525.0,-258.33,-709.75,3354.79,3354.79,2.0,200.0,Vertical Landing,OIL_AUTHORIZED
SIB_07,3550.0,-258.63,-710.57,3379.78,3379.78,2.0,200.0,Vertical Landing,OIL_AUTHORIZED
SIB_07,3575.0,-258.92,-711.39,3404.76,3404.76,2.0,200.0,Vertical Landing,OIL_AUTHORIZED
SIB_07,3600.0,-259.22,-712.21,3429.75,3429.75,2.0,200.0,Total Depth (TD Target),OIL_AUTHORIZED
